variant,sequence,frame_zero_based,region,candidate,searched_region,extra_executed,pause,gt_known,same_state_c1_iou,selected_iou
write_events_complete,aftertree,311,0,1,0,False,False,True,0.5559113369475255,0.0
write_events_complete,baby,288,0,1,0,False,False,True,0.0,0.028596259500071608
write_events_complete,call,99,0,0,0,False,False,True,0.1012079263032178,0.6851573534112693
write_events_complete,child3,620,0,1,0,False,False,True,0.0,0.0
write_events_complete,children2,235,0,2,0,False,False,True,0.0,0.0
write_events_complete,children3,101,0,0,0,False,False,True,0.0,0.6082306124801112
write_events_complete,dog,37,0,1,0,False,False,True,0.022788922950552914,0.549124831017274
write_events_complete,dog1,774,0,1,0,False,False,True,0.2836196740929606,0.0
write_events_complete,dog1,794,0,1,0,False,False,True,0.0,0.0
write_events_complete,dog1,951,0,0,0,False,False,True,0.0,0.0
write_events_complete,elecbike2,296,0,0,0,False,False,True,0.0,0.2600676293223653
write_events_complete,elecbike2,373,0,1,0,False,False,True,0.5057595526806674,0.0
write_events_complete,elecbike2,375,0,1,0,False,False,True,0.0,0.0
write_events_complete,elecbike2,376,0,1,0,False,False,True,0.0,0.0
write_events_complete,elecbike2,436,0,0,0,False,False,True,0.0,0.0
write_events_complete,elecbike2,461,0,3,0,False,False,True,0.0,0.0
write_events_complete,elecbike2,545,0,1,0,False,False,True,0.0,0.0
write_events_complete,elecbikeinfrontcar,129,0,1,0,False,False,True,0.24483972312045751,0.18806031180546376
write_events_complete,elecbikeinfrontcar,130,0,1,0,False,False,True,0.1649326521982104,0.04837859647695584
write_events_complete,elecbikeinfrontcar,131,0,1,0,False,False,True,0.0,0.020632440557964933
write_events_complete,elecbikeinfrontcar,132,0,1,0,False,False,True,0.10342188038188249,0.029994640573077453
write_events_complete,elecbikeinfrontcar,133,0,1,0,False,False,True,0.13875171296671093,0.049006630660706395
write_events_complete,face1,180,0,0,0,False,False,True,0.8912049894911677,0.0
write_events_complete,face1,295,0,0,0,False,False,True,0.0,0.6930676077028106
write_events_complete,flower1,43,0,1,0,False,False,True,0.0,0.4351375715235424
write_events_complete,flower1,149,0,0,0,False,False,True,0.5048305299186135,0.0
write_events_complete,flower1,438,0,0,0,False,False,True,0.0,0.7429305591024755
write_events_complete,glass,366,0,0,0,False,False,True,0.0,0.21673343814769824
write_events_complete,glass,384,0,1,0,False,False,True,0.0,0.09071963342364076
write_events_complete,glass,385,0,0,0,False,False,True,0.04606841478313496,0.0
write_events_complete,glass,430,0,1,0,False,False,True,0.0,0.19248567100428468
write_events_complete,glass,440,0,1,0,False,False,True,0.0,0.24976834059555017
write_events_complete,glass,445,0,1,0,False,False,True,0.0,0.2763212271650133
write_events_complete,hotglass,126,0,1,0,False,False,True,0.12164690684730847,0.0
write_events_complete,hotglass,136,0,1,0,False,False,True,0.0,0.5205372832823201
write_events_complete,kettle,1173,0,1,0,False,False,True,0.07028634153756845,0.0
write_events_complete,kettle,1227,0,1,0,False,False,True,0.0,0.5023182072455525
write_events_complete,kettle,1236,0,1,0,False,False,True,0.0,0.4998072306176228
write_events_complete,kettle,1297,0,1,0,False,False,True,0.0,0.4892162751186778
write_events_complete,kite2,166,0,1,0,False,False,True,0.3338440760909715,0.0
write_events_complete,kite2,170,0,1,0,False,False,True,0.0,0.6779146012910715
write_events_complete,kite2,341,0,1,0,False,False,True,0.0,0.21135350261397096
write_events_complete,kite2,1605,0,1,0,False,False,True,0.12464477095818961,0.0
write_events_complete,kite2,1610,0,1,0,False,False,True,0.0,0.0
write_events_complete,kite2,1614,0,1,0,False,False,True,0.0,0.0
write_events_complete,kite2,1616,0,1,0,False,False,True,0.0,0.0
write_events_complete,kite2,1622,0,1,0,False,False,True,0.0,0.0
write_events_complete,man22,157,0,0,0,False,False,True,0.0,0.6920053123664519
write_events_complete,man26,310,0,0,0,False,False,True,0.12912509193430274,0.18322309308087145
write_events_complete,man45,166,0,0,0,False,False,True,0.43961564682415627,0.0
write_events_complete,man45,172,0,0,0,False,False,True,0.0,0.6060524666241275
write_events_complete,man7,1297,0,0,0,False,False,True,0.4309124484975,0.0
write_events_complete,man7,2170,0,1,0,False,False,True,0.0,0.0
write_events_complete,man7,3209,0,0,0,False,False,True,0.7636749613282194,0.0
write_events_complete,man8,2008,0,0,0,False,False,True,0.661692698023363,0.0
write_events_complete,mancross,1,0,0,0,False,False,True,0.0,0.7022477341672758
write_events_complete,mancross,2,0,1,0,False,False,True,0.0,0.0
write_events_complete,mancross,24,0,1,0,False,False,True,0.0,0.0
write_events_complete,mancross,60,0,1,0,False,False,True,0.0,0.0
write_events_complete,mancross1,92,0,1,0,False,False,True,0.24991354498422638,0.0
write_events_complete,mancross1,96,0,0,0,False,False,True,0.0,0.754741480823037
write_events_complete,mandrivecar,265,0,0,0,False,False,True,0.0,0.39126726661144173
write_events_complete,manfaraway,81,0,1,0,False,False,True,0.0,0.0
write_events_complete,maninglass,211,0,1,0,False,False,True,0.2742634523676941,0.0
write_events_complete,manoccpart,64,0,1,0,False,False,True,0.4477723684809072,0.0
write_events_complete,manonelecbike,181,0,1,0,False,False,True,0.0,0.6782053496658662
write_events_complete,manypeople,82,0,0,0,False,False,True,0.0,0.0
write_events_complete,manypeople,92,0,1,0,False,False,True,0.0,0.0
write_events_complete,manypeople,143,0,0,0,False,False,True,0.0,0.0
write_events_complete,manypeople,215,0,0,0,False,False,True,0.0,0.0
write_events_complete,manypeople,289,0,0,0,False,False,True,0.0,0.0
write_events_complete,manypeople,308,0,0,0,False,False,True,0.0,0.0
write_events_complete,notmove,106,0,1,0,False,False,True,0.5778488405040453,0.0
write_events_complete,notmove,114,0,1,0,False,False,True,0.0,0.6633241746165988
write_events_complete,notmove,240,0,1,0,False,False,True,0.4474676282504336,0.0
write_events_complete,notmove,264,0,0,0,False,False,True,0.0,0.6728929364109565
write_events_complete,oldwoman,166,0,0,0,False,False,True,0.0,0.655799892722569
write_events_complete,people,281,0,0,0,False,False,True,0.0,0.0
write_events_complete,people,333,0,2,0,False,False,True,0.16881187382641485,0.0
write_events_complete,people1,915,0,0,0,False,False,True,0.0,0.5215602440162587
write_events_complete,people1,927,0,0,0,False,False,True,0.0,0.6819519170171038
write_events_complete,rmo,66,0,0,0,False,False,True,0.6466542822238271,0.0
write_events_complete,rmo,157,0,0,0,False,False,True,0.0,0.6080113944941192
write_events_complete,rmo,446,0,2,0,False,False,True,0.0,0.0
write_events_complete,rmo,464,0,2,0,False,False,True,0.0,0.0
write_events_complete,rmo,500,0,0,0,False,False,True,0.0,0.0
write_events_complete,rmo,509,0,1,0,False,False,True,0.0,0.0
write_events_complete,rmo,535,0,1,0,False,False,True,0.0,0.0
write_events_complete,rmo,587,0,3,0,False,False,True,0.0,0.0
write_events_complete,rmo,593,0,3,0,False,False,True,0.0,0.0
write_events_complete,rmo,594,0,1,0,False,False,True,0.0,0.0
write_events_complete,rmo,642,0,1,0,False,False,True,0.0,0.0
write_events_complete,rmo,643,0,1,0,False,False,True,0.0,0.0
write_events_complete,scooter,305,0,0,0,False,False,True,0.0,0.5011892985636115
write_events_complete,soccer,1036,0,2,0,False,False,True,0.013408690088187774,0.0
write_events_complete,soccer,1048,0,0,0,False,False,True,0.0,0.265359599581591
write_events_complete,soccerinhand,192,0,1,0,False,False,True,0.763253067220677,0.0
write_events_complete,soccerinhand,200,0,1,0,False,False,True,0.0,0.0
write_events_complete,soccerinhand,206,0,1,0,False,False,True,0.0,0.0
write_events_complete,soccerinhand,214,0,2,0,False,False,True,0.022755966889869444,0.0
write_events_complete,soccerinhand,216,0,1,0,False,False,True,0.0,0.0
write_events_complete,soccerinhand,1027,0,0,0,False,False,True,0.0,0.2691814710570787
write_events_complete,soccerinhand,1106,0,1,0,False,False,True,0.22520646078020257,0.0
write_events_complete,tallman,145,0,0,0,False,False,True,0.0,0.6059511243494233
write_events_complete,threewoman2,8,0,1,0,False,False,True,0.0,0.0
write_events_complete,threewoman2,19,0,3,0,False,False,True,0.0,0.0
write_events_complete,threewoman2,20,0,3,0,False,False,True,0.0,0.0
write_events_complete,threewoman2,27,0,1,0,False,False,True,0.0,0.08737840117606294
write_events_complete,threewoman2,31,0,1,0,False,False,True,0.0,0.0
write_events_complete,tree3,1626,0,1,0,False,True,True,0.0,0.3806457737081611
write_events_complete,tree5,1338,0,0,0,False,True,True,0.8753821193512124,0.0
write_events_complete,walkingnight,391,0,1,0,False,False,True,0.0,0.0
write_events_complete,walkingtogetherright,598,0,0,0,False,False,True,0.0,0.5445496904592514
write_events_complete,whiteman1,796,0,1,0,False,False,True,0.27779168130284626,0.0
write_events_complete,whiteman1,813,0,2,0,False,False,True,0.0,0.2995815492755406
write_events_complete,woamn46,195,0,1,0,False,False,True,0.5775493298897822,0.0
write_events_complete,woamn46,200,0,1,0,False,False,True,0.0,0.002597545211566569
write_events_complete,woman1,532,0,1,0,False,False,True,0.43800869434265244,0.0
write_events_complete,woman1,537,0,0,0,False,False,True,0.0,0.0
write_events_complete,woman1,805,0,0,0,False,True,True,0.0,0.468048265756054
