observed_at_cst,gpu,memory_used_mib,memory_total_mib,gpu_utilization_percent
2026-10-04T19:36:10.022960+08:00,0,349,24576,0
2026-10-04T19:36:10.022960+08:00,1,20,24576,0
2026-10-04T19:36:10.022960+08:00,2,20,24576,0
2026-10-04T19:36:10.022960+08:00,3,20,24576,0
2026-10-04T19:36:30.274165+08:00,0,13640,24576,15
2026-10-04T19:36:30.274165+08:00,1,13311,24576,16
2026-10-04T19:36:30.274165+08:00,2,13311,24576,20
2026-10-04T19:36:30.274165+08:00,3,13311,24576,16
2026-10-04T19:36:50.508706+08:00,0,21620,24576,12
2026-10-04T19:36:50.508706+08:00,1,21291,24576,12
2026-10-04T19:36:50.508706+08:00,2,21271,24576,13
2026-10-04T19:36:50.508706+08:00,3,21271,24576,12
2026-10-04T19:37:10.754891+08:00,0,21620,24576,12
2026-10-04T19:37:10.754891+08:00,1,21293,24576,12
2026-10-04T19:37:10.754891+08:00,2,21273,24576,74
2026-10-04T19:37:10.754891+08:00,3,21273,24576,12
2026-10-04T19:37:30.999929+08:00,0,21622,24576,12
2026-10-04T19:37:30.999929+08:00,1,21293,24576,12
2026-10-04T19:37:30.999929+08:00,2,21273,24576,76
2026-10-04T19:37:30.999929+08:00,3,21273,24576,12
2026-10-04T19:37:51.245319+08:00,0,349,24576,0
2026-10-04T19:37:51.245319+08:00,1,20,24576,0
2026-10-04T19:37:51.245319+08:00,2,20,24576,0
2026-10-04T19:37:51.245319+08:00,3,20,24576,0
