variant,sequence,tracking_frames,valid_tracking_frames,valid_candidate_actions,candidate_count_sum,chosen_failed_frames,recalled_frames,original_failed_frames,original_correct_frames,correct_candidate_available_when_original_failed,current_frame_reselection_rescues,current_frame_reselection_harms,mis_rejected_correct_candidate_frames,alternative_selections,c1_reselections,c1_failed_frames,rescues_against_same_search_c1,harms_against_same_search_c1,template_updates,valid_gt_template_updates,wrong_template_updates_localization_proxy,known_active_template_source_frames,wrong_active_template_source_frames_localization_proxy,candidate_quality_squared_error_sum,all_branch_candidate_count,union_branch_recalled_frames,retained_correct_branch_while_main_failed,all_branch_updates,valid_all_branch_updates,wrong_all_branch_updates,switches,valid_switches,beneficial_switches,harmful_switches,memory_rgb_write_known_mass,memory_rgb_write_wrong_mass,memory_rgb_used_known_mass,memory_rgb_used_wrong_mass,memory_tir_write_known_mass,memory_tir_write_wrong_mass,memory_tir_used_known_mass,memory_tir_used_wrong_mass,candidate_recall_at_k,candidate_recall_given_original_failure,current_frame_reselection_rescue_rate,current_frame_reselection_harm_rate,mis_rejected_correct_candidate_rate_given_chosen_failure,wrong_template_update_rate_localization_proxy,wrong_active_template_source_rate_localization_proxy,candidate_quality_mse
abc,10runone,303,303,1415,1415,0,303,0,303,0,0,0,0,0,0,0,0,0,155,155,0,303,0,4.5547167664495145,3665,303,0,334,334,0,0,0,0,0,319.00758035480976,0.0,1212.0,0.0,326.9281022399664,0.0,1212.0,0.0,1.0,,,0.0,,0.0,0.0,0.003218881107031459
abc,11leftboy,151,151,755,755,3,150,6,145,5,3,0,2,3,0,3,0,0,7,7,0,151,0,13.911545187622618,1957,151,1,22,22,0,1,1,1,0,21.03158076107502,0.0,604.0,0.0,21.621786557137966,0.0,604.0,0.0,0.9933774834437086,0.8333333333333334,0.6,0.0,0.6666666666666666,0.0,0.0,0.01842588766572532
abc,11runtwo,294,294,1387,1387,0,292,0,292,0,0,0,0,0,0,0,0,0,26,26,0,294,0,6.246468173583654,3622,294,0,57,57,0,0,0,0,0,54.060879066586494,0.0,1176.0,0.0,55.56885380297899,0.0,1176.0,0.0,0.9931972789115646,,,0.0,,0.0,0.0,0.004503581956440991
abc,1blackteacher,850,850,4185,4185,0,850,0,850,0,0,0,0,0,0,0,0,0,698,698,0,850,0,3.645616196518196,10901,850,0,1516,1516,0,0,0,0,0,1421.448364764452,0.0,3400.0,0.0,1457.882113136351,0.0,3400.0,0.0,1.0,,,0.0,,0.0,0.0,0.0008711149812468807
abc,1boycoming,173,173,865,865,0,173,0,173,0,0,0,0,0,0,0,0,0,173,173,0,173,0,3.559849055762306,2210,173,0,373,373,0,0,0,0,0,350.5913284122944,0.0,692.0,0.0,358.7026863992214,0.0,692.0,0.0,1.0,,,0.0,,0.0,0.0,0.00411543243440729
abc,1stcol4thboy,3376,3376,16299,16299,3095,447,3095,123,320,2,0,318,44,34,3096,1,0,0,0,0,3376,0,537.4093920271077,43299,818,224,1,1,0,197,197,5,4,0.9344518184661865,0.0,13504.0,0.0,0.9726198092103004,0.0,13504.0,0.0,0.13240521327014218,0.10339256865912763,0.00625,0.0,0.10274636510500808,,0.0,0.032971924168789975
abc,1strowleftboyturning,731,731,3574,3574,664,187,662,65,122,1,5,126,24,6,664,0,0,54,54,47,731,693,225.99651533986207,9399,283,86,118,118,103,35,35,2,1,110.32765027880669,96.23073142766953,2924.0,2756.0746492236685,114.51242100447416,100.17549370229244,2924.0,2745.9189153543725,0.2558139534883721,0.18429003021148035,0.00819672131147541,0.07692307692307693,0.1897590361445783,0.8703703703703703,0.948016415868673,0.06323349617791328
abc,1strowrightdrillmaster,3816,3816,16802,16802,372,3137,372,3088,49,0,0,49,12,3,372,0,0,0,0,0,3816,0,219.86129252701778,44000,3228,33,3,3,0,19,19,1,2,2.8821940273046494,0.0,15264.0,0.0,2.9352539256215096,0.0,15264.0,0.0,0.8220649895178197,0.13172043010752688,0.0,0.0,0.13172043010752688,,0.0,0.01308542390947612
abc,1strowrightgirl3540,3539,3539,17400,17400,1992,1841,2011,1438,394,32,14,376,90,41,2008,21,4,5,5,0,3539,0,752.1500037692217,45806,2159,300,7,7,0,161,161,27,22,6.70476196706295,0.0,14156.0,0.0,6.83118050545454,0.0,14156.0,0.0,0.5202034473014976,0.19592242665340626,0.08121827411167512,0.009735744089012517,0.18875502008032127,0.0,0.0,0.04322701171087481
abc,2girl,221,221,1032,1032,2,212,2,212,0,0,0,0,0,0,2,0,0,121,121,0,221,0,4.612946796428824,2696,212,0,283,283,0,0,0,0,0,264.3310341835022,0.0,884.0,0.0,276.4064886122942,0.0,884.0,0.0,0.9592760180995475,0.0,,0.0,0.0,0.0,0.0,0.004469909686462039
abc,2girlup,237,236,1056,1061,215,20,216,20,0,0,0,0,7,9,215,0,0,0,0,0,236,0,58.635069052074336,2786,49,20,0,0,0,14,14,0,1,0.0,0.0,944.0,0.0,0.0,0.0,944.0,0.0,0.0847457627118644,0.0,,0.0,0.0,,0.0,0.055525633572040094
abc,2runseven,269,269,1293,1293,0,269,0,269,0,0,0,0,0,0,0,0,0,80,80,0,269,0,1.1948825831578316,3372,269,0,208,208,0,0,0,0,0,198.88019958138466,0.0,1076.0,0.0,204.3081722855568,0.0,1076.0,0.0,1.0,,,0.0,,0.0,0.0,0.0009241164602922131
abc,3bike1,116,116,553,553,0,110,0,110,0,0,0,0,0,0,0,0,0,48,48,0,116,0,2.3105996336930907,1412,110,0,107,107,0,0,0,0,0,101.8880699723959,0.0,464.0,0.0,105.08967310190201,0.0,464.0,0.0,0.9482758620689655,,,0.0,,0.0,0.0,0.0041782995184323525
abc,3men,180,180,811,811,0,174,0,174,0,0,0,0,0,0,0,0,0,134,134,0,180,0,3.480901234729263,2141,174,0,304,304,0,0,0,0,0,282.66511085629463,0.0,720.0,0.0,295.61085310578346,0.0,720.0,0.0,0.9666666666666667,,,0.0,,0.0,0.0,0.004292110030492309
abc,3pinkleft,233,227,1129,1159,1,221,1,221,0,0,0,0,0,0,1,0,0,108,108,0,227,0,4.130208201578184,2994,222,0,250,250,0,0,0,0,0,237.27898500859737,0.0,908.0,0.0,243.98999322205782,0.0,908.0,0.0,0.973568281938326,0.0,,0.0,0.0,0.0,0.0,0.003658288929652953
abc,3rdfatboy,330,330,1584,1584,3,321,4,319,2,2,1,1,3,1,2,0,1,172,172,0,330,0,7.858397643199904,4142,321,1,385,385,0,2,2,0,0,368.23191408813,0.0,1320.0,0.0,377.09346686303616,0.0,1320.0,0.0,0.9727272727272728,0.5,1.0,0.003134796238244514,0.3333333333333333,0.0,0.0,0.004961109623232263
abc,3rdgrouplastboy,831,831,3404,3404,273,545,272,542,3,0,1,4,14,2,273,0,0,0,0,0,831,0,94.63878941077199,9091,563,5,1,1,0,13,13,0,1,0.9546268284320831,0.0,3324.0,0.0,0.9798890501260757,0.0,3324.0,0.0,0.6558363417569194,0.011029411764705883,0.0,0.0018450184501845018,0.014652014652014652,,0.0,0.02780222955663102
abc,3thmoto,103,103,499,499,0,99,0,99,0,0,0,0,0,0,0,0,0,79,79,0,103,0,0.7336737375998319,1292,99,0,191,191,0,0,0,0,0,179.7270245552063,0.0,412.0,0.0,186.0530020967126,0.0,412.0,0.0,0.9611650485436893,,,0.0,,0.0,0.0,0.0014702880513022684
abc,4men,413,413,2032,2032,0,401,0,401,0,0,0,0,0,0,0,0,0,413,413,0,413,0,12.28336178073992,5254,402,0,870,870,0,0,0,0,0,823.284067466855,0.0,1652.0,0.0,850.536515109241,0.0,1652.0,0.0,0.9709443099273608,,,0.0,,0.0,0.0,0.006044961506269646
abc,4thboywithwhite,314,314,1519,1519,53,274,59,240,34,6,0,28,7,1,53,0,0,41,41,0,314,0,31.031245379787904,3970,297,24,97,97,0,1,1,1,0,92.35430757701397,0.0,1256.0,0.0,94.79689413309097,0.0,1256.0,0.0,0.8726114649681529,0.576271186440678,0.17647058823529413,0.0,0.5283018867924528,0.0,0.0,0.020428732968918964
abc,7rightorangegirl,486,486,2423,2423,242,274,240,213,55,0,1,56,4,2,242,0,0,123,123,0,486,0,85.67804985323313,6332,328,41,287,287,0,18,18,0,0,272.9386132955551,0.0,1944.0,0.0,281.2658020481467,0.0,1944.0,0.0,0.5637860082304527,0.22916666666666666,0.0,0.004694835680751174,0.23140495867768596,0.0,0.0,0.03536031772729391
abc,AQgirlwalkinrain,371,371,1761,1761,87,266,87,266,0,0,0,0,3,0,87,0,0,216,216,0,371,0,22.13531633097709,4601,271,2,527,527,0,3,3,1,0,498.6793386042118,0.0,1484.0,0.0,516.5463034585118,0.0,1484.0,0.0,0.7169811320754716,0.0,,0.0,0.0,0.0,0.0,0.012569742379884776
abc,AQtruck2north,94,94,450,450,0,94,0,94,0,0,0,0,0,0,0,0,0,94,94,0,94,0,1.2804242943105764,1176,94,0,228,228,0,0,0,0,0,215.65946777164936,0.0,376.0,0.0,223.86222337186337,0.0,376.0,0.0,1.0,,,0.0,,0.0,0.0,0.0028453873206901697
abc,ab_bikeoccluded,352,312,1403,1603,3,306,2,306,0,0,0,0,1,1,2,0,0,103,103,0,312,0,3.6277717898427495,4295,306,0,235,235,0,1,1,0,0,223.14390303194523,0.0,1248.0,0.0,230.52652840316296,0.0,1248.0,0.0,0.9807692307692307,0.0,,0.0,0.0,0.0,0.0,0.0025857247254759443
abc,ab_blkskirtgirl,487,487,2219,2219,47,426,46,421,3,0,1,4,3,1,46,0,0,287,287,1,487,1,13.518746252094719,5840,441,11,678,678,3,11,11,2,1,645.4016245007515,2.873690515756607,1948.0,3.988213500200872,665.8674870058894,2.9459005668759346,1948.0,4.023607718109611,0.8747433264887063,0.06521739130434782,0.0,0.0023752969121140144,0.0851063829787234,0.003484320557491289,0.002053388090349076,0.0060922696043689585
abc,ab_bolstershaking,3246,3246,14200,14200,497,2177,494,2165,10,0,1,11,6,1,497,0,0,61,61,0,3246,0,182.96144626777516,38423,2326,53,109,109,1,36,36,5,4,104.1294728666544,0.9246436357498169,12984.0,0.0,106.76201812177896,0.9778473451733589,12984.0,0.0,0.670671595810228,0.020242914979757085,0.0,0.00046189376443418013,0.022132796780684104,0.0,0.0,0.012884608892096841
abc,ab_girlchoosesbike,695,695,3074,3074,0,691,0,691,0,0,0,0,0,0,0,0,0,166,166,0,695,0,7.112891973297602,8072,692,0,391,391,0,0,0,0,0,365.76896849274635,0.0,2780.0,0.0,382.595225892961,0.0,2780.0,0.0,0.9942446043165467,,,0.0,,0.0,0.0,0.002313888085002473
abc,ab_girlcrossroad,387,355,1581,1741,31,311,31,311,0,0,0,0,0,0,31,0,0,257,257,0,355,0,7.4082118535957155,4595,312,0,591,591,0,6,2,0,0,562.8793018758297,0.0,1420.0,0.0,579.3658809289336,0.0,1420.0,0.0,0.8760563380281691,0.0,,0.0,0.0,0.0,0.0,0.004685775998479263
abc,ab_pingpongball2,193,193,937,937,142,49,142,46,2,0,0,2,1,0,142,0,0,0,0,0,193,0,9.933078355535649,2482,53,4,0,0,0,18,18,2,0,0.0,0.0,772.0,0.0,0.0,0.0,772.0,0.0,0.2538860103626943,0.014084507042253521,0.0,0.0,0.014084507042253521,,0.0,0.010600937412524705
abc,ab_rightlowerredcup_quezhen,1805,1805,7685,7685,979,602,970,488,107,7,11,111,37,5,984,1,0,0,0,0,1805,0,352.0467200374459,20806,756,142,0,0,0,54,54,6,6,0.0,0.0,7220.0,0.0,0.0,0.0,7220.0,0.0,0.3335180055401662,0.11030927835051546,0.06542056074766354,0.022540983606557378,0.11338100102145046,,0.0,0.045809592717950015
abc,ab_whiteboywithbluebag,517,507,2476,2526,322,179,322,177,2,0,0,2,7,2,322,0,0,137,137,0,507,0,73.57163327698444,6585,186,0,331,331,4,14,14,0,0,313.0721117705107,3.8232021033763885,2028.0,0.0,320.0886971130967,3.9214335083961487,2028.0,0.0,0.3530571992110454,0.006211180124223602,0.0,0.0,0.006211180124223602,0.0,0.0,0.029713906816229582
abc,advancedredcup,1410,1410,5415,5415,296,1144,299,1055,89,4,1,86,5,1,297,1,0,599,599,113,1410,150,256.19528652885845,14863,1214,66,1334,1334,241,13,13,3,3,1250.324757322669,225.23016713559628,5640.0,602.3974307190401,1301.7969787716866,235.75249595195055,5640.0,605.4019103750879,0.8113475177304964,0.2976588628762542,0.0449438202247191,0.0009478672985781991,0.2905405405405405,0.18864774624373956,0.10638297872340426,0.047312148943464166
abc,baggirl,110,110,536,536,0,101,0,101,0,0,0,0,0,0,0,0,0,77,77,0,110,0,3.3814183031185374,1377,107,0,180,180,0,1,1,0,0,166.79201428592205,0.0,440.0,0.0,175.48547289520502,0.0,440.0,0.0,0.9181818181818182,,,0.0,,0.0,0.0,0.006308616237161451
abc,ballshootatthebasket3times,1504,1489,6632,6693,390,975,389,952,20,1,1,20,9,4,390,0,0,33,33,0,1489,0,63.364459699604275,17880,1030,33,64,64,0,51,49,4,4,61.5311825722456,0.0,5956.0,0.0,62.65654393285513,0.0,5956.0,0.0,0.6548018804566823,0.05141388174807198,0.05,0.0010504201680672268,0.05128205128205128,0.0,0.0,0.00955435158317314
abc,basketball849,848,743,3477,3995,597,134,593,117,16,0,3,19,16,4,597,0,0,20,20,0,743,0,65.62232700558062,10534,155,16,36,36,0,56,51,4,0,33.93336296081543,0.0,2972.0,0.0,34.7777858376503,0.0,2972.0,0.0,0.180349932705249,0.026981450252951095,0.0,0.02564102564102564,0.031825795644891124,0.0,0.0,0.018873260571061437
abc,basketballathand,63,63,287,287,33,21,33,17,2,0,0,2,2,0,33,0,0,0,0,0,63,0,7.989033087759572,769,24,0,0,0,0,1,1,0,0,0.0,0.0,252.0,0.0,0.0,0.0,252.0,0.0,0.3333333333333333,0.06060606060606061,0.0,0.0,0.06060606060606061,,0.0,0.027836352222158786
abc,basketboy,84,84,399,399,0,74,0,74,0,0,0,0,0,0,0,0,0,70,70,0,84,0,3.53317923066773,1049,74,0,127,127,0,0,0,0,0,119.4516268670559,0.0,336.0,0.0,124.07849673181772,0.0,336.0,0.0,0.8809523809523809,,,0.0,,0.0,0.0,0.008855085791147193
abc,bawgirl,279,279,1324,1324,0,279,0,279,0,0,0,0,0,0,0,0,0,265,265,0,279,0,3.3721763580882453,3430,279,0,615,615,0,0,0,0,0,588.3704426884651,0.0,1116.0,0.0,604.229081645608,0.0,1116.0,0.0,1.0,,,0.0,,0.0,0.0,0.0025469609955349284
abc,belowdarkgirl,198,198,972,972,5,191,5,191,0,0,0,0,0,0,5,0,0,33,33,0,198,0,11.92222536712367,2466,195,4,85,85,1,1,1,0,1,81.19603636860847,0.897259309887886,792.0,0.0,82.66745421290398,0.9714974910020828,792.0,0.0,0.9646464646464646,0.0,,0.0,0.0,0.0,0.0,0.012265663957946161
abc,besom3,1222,1222,6074,6074,23,1018,22,1015,1,0,0,1,5,3,23,0,0,226,226,0,1222,0,26.392954514045442,15813,1074,0,526,526,0,10,10,0,0,494.29937310516834,0.0,4888.0,0.0,507.2439333125949,0.0,4888.0,0.0,0.8330605564648118,0.045454545454545456,0.0,0.0,0.043478260869565216,0.0,0.0,0.004345234526513902
abc,bike,650,650,2942,2942,1,640,1,640,0,0,0,0,0,0,1,0,0,369,369,0,650,0,7.923764304335672,7803,643,0,875,875,0,0,0,0,0,834.5992411375046,0.0,2600.0,0.0,850.4613562747836,0.0,2600.0,0.0,0.9846153846153847,0.0,,0.0,0.0,0.0,0.0,0.002693325732269093
abc,bike2left,256,256,1254,1254,3,252,3,251,1,0,0,1,0,0,3,0,0,195,195,0,256,0,4.524507178459894,3267,253,0,495,495,0,2,2,1,0,466.9745005965233,0.0,1024.0,0.0,482.91648660600185,0.0,1024.0,0.0,0.984375,0.3333333333333333,0.0,0.0,0.3333333333333333,0.0,0.0,0.0036080599509249554
abc,bike2trees,145,145,562,562,5,115,5,115,0,0,0,0,0,0,5,0,0,82,82,0,145,0,3.5979867580960003,1516,118,0,148,148,0,1,1,0,0,139.7611858099699,0.0,580.0,0.0,145.33833238482475,0.0,580.0,0.0,0.7931034482758621,0.0,,0.0,0.0,0.0,0.0,0.006402111669209965
abc,bikeboy,112,112,541,541,0,108,0,108,0,0,0,0,0,0,0,0,0,108,108,0,112,0,1.8490911042033864,1407,109,0,263,263,0,0,0,0,0,248.59659324586391,0.0,448.0,0.0,256.2635445520282,0.0,448.0,0.0,0.9642857142857143,,,0.0,,0.0,0.0,0.003417913316457276
abc,bikeboyintodark,825,825,3958,3958,465,387,464,284,101,2,3,102,7,2,465,0,0,226,226,8,825,578,206.65725460034815,10377,445,123,503,503,20,25,25,5,6,476.6079379469156,19.189535424113274,3300.0,1892.1262113437301,482.6798529699445,19.452829405665398,3300.0,1696.3686930850454,0.4690909090909091,0.21767241379310345,0.019801980198019802,0.01056338028169014,0.21935483870967742,0.035398230088495575,0.7006060606060606,0.052212545376540714
abc,bikeboyright,466,466,2146,2146,13,413,12,403,10,1,2,11,3,0,13,0,0,305,305,0,466,0,32.72077579900659,5688,418,12,700,700,11,1,1,0,1,659.6370725482702,10.455587849020958,1864.0,0.0,676.6609370559454,10.636149272322655,1864.0,0.0,0.8862660944206009,0.8333333333333334,0.1,0.004962779156327543,0.8461538461538461,0.0,0.0,0.01524733261836281
abc,bikeboyturn,154,154,736,736,0,128,0,128,0,0,0,0,0,0,0,0,0,109,109,0,154,0,11.176686031588893,1905,132,0,232,232,3,0,0,0,0,219.63919034600258,2.7803739458322525,616.0,0.0,227.19651140272617,2.9440755769610405,616.0,0.0,0.8311688311688312,,,0.0,,0.0,0.0,0.015185714716832735
abc,bikeboyturntimes,242,242,1163,1163,0,242,0,242,0,0,0,0,0,0,0,0,0,240,240,0,242,0,0.6126841081081336,3015,242,0,559,559,0,0,0,0,0,523.1804340928793,0.0,968.0,0.0,548.5327658876777,0.0,968.0,0.0,1.0,,,0.0,,0.0,0.0,0.0005268135065418174
abc,bikeboywithumbrella,219,219,995,995,0,219,0,219,0,0,0,0,0,0,0,0,0,219,219,0,219,0,0.8740276816797103,2623,219,0,508,508,0,0,0,0,0,480.74167957901955,0.0,876.0,0.0,498.6932085081935,0.0,876.0,0.0,1.0,,,0.0,,0.0,0.0,0.0008784197805826235
abc,bikefromlight,171,171,842,842,0,159,0,159,0,0,0,0,0,0,0,0,0,32,32,0,171,0,3.442324063265282,2162,161,0,72,72,0,0,0,0,0,68.23366351425648,0.0,684.0,0.0,70.68808798491955,0.0,684.0,0.0,0.9298245614035088,,,0.0,,0.0,0.0,0.004088270858984896
abc,bikegoindark,283,283,1184,1184,134,120,133,113,6,0,1,7,2,2,133,0,1,41,41,0,283,0,16.752811266585827,3188,134,7,93,93,0,20,20,2,0,87.70506228506565,0.0,1132.0,0.0,91.07357797026634,0.0,1132.0,0.0,0.42402826855123676,0.045112781954887216,0.0,0.008849557522123894,0.05223880597014925,0.0,0.0,0.014149333840021813
abc,bikeinrain,139,139,654,654,0,138,0,138,0,0,0,0,0,0,0,0,0,39,39,0,139,0,1.0896778058348366,1695,138,0,80,80,6,0,0,0,0,75.89456157386303,5.69668248295784,556.0,0.0,78.47230129688978,5.845591612160206,556.0,0.0,0.9928057553956835,,,0.0,,0.0,0.0,0.0016661740150379766
abc,biketurnright,130,130,567,567,118,22,118,6,15,0,0,15,0,0,118,0,0,0,0,0,130,0,77.52038358576996,1527,37,13,0,0,0,0,0,0,0,0.0,0.0,520.0,0.0,0.0,0.0,520.0,0.0,0.16923076923076924,0.1271186440677966,0.0,0.0,0.1271186440677966,,0.0,0.13672025323768952
abc,blackboy,431,431,2149,2149,0,431,0,431,0,0,0,0,0,0,0,0,0,419,419,0,431,0,1.8182272821514698,5530,431,0,927,927,0,0,0,0,0,872.1321191638708,0.0,1724.0,0.0,903.4780064895749,0.0,1724.0,0.0,1.0,,,0.0,,0.0,0.0,0.0008460806338536388
abc,blackboyoncall,294,294,1392,1392,0,294,0,294,0,0,0,0,0,0,0,0,0,289,289,0,294,0,1.8165543887616975,3647,294,0,658,658,0,0,0,0,0,626.6174209862947,0.0,1176.0,0.0,643.6455970779061,0.0,1176.0,0.0,1.0,,,0.0,,0.0,0.0,0.001304995968938001
abc,blackcarturn,125,125,594,594,0,125,0,125,0,0,0,0,0,0,0,0,0,125,125,0,125,0,4.67914762119815,1560,125,0,301,301,0,0,0,0,0,271.4915825277567,0.0,500.0,0.0,291.5486463904381,0.0,500.0,0.0,1.0,,,0.0,,0.0,0.0,0.007877352897639984
abc,blackdown,61,61,272,272,1,60,1,60,0,0,0,0,0,0,1,0,0,0,0,0,61,0,1.5119004950661656,709,60,0,0,0,0,0,0,0,0,0.0,0.0,244.0,0.0,0.0,0.0,244.0,0.0,0.9836065573770492,0.0,,0.0,0.0,,0.0,0.005558457702449138
abc,blackgirl,216,216,948,948,1,213,1,213,0,0,0,0,0,0,1,0,0,72,72,0,216,0,4.4144641071766415,2505,216,1,157,157,0,1,1,0,0,148.53139312565327,0.0,864.0,0.0,153.5641960427165,0.0,864.0,0.0,0.9861111111111112,0.0,,0.0,0.0,0.0,0.0,0.004656607707992238
abc,blkboy`shead,12861,12861,62066,62066,798,11995,770,11789,201,12,34,223,61,5,795,0,4,7154,7154,49,12861,267,691.2789692667915,162200,12132,263,15889,15889,132,44,44,19,12,15067.09499758482,124.76266418397427,51444.0,985.276472455327,15376.131658561528,128.66707795858383,51444.0,950.1671478505538,0.9326646450509292,0.261038961038961,0.05970149253731343,0.002884044448214437,0.2794486215538847,0.00684931506849315,0.020760438535106136,0.011137804422176255
abc,blkboyback,170,170,769,769,0,167,0,167,0,0,0,0,0,0,0,0,0,83,83,0,170,0,0.9947821662186076,2024,168,0,192,192,0,0,0,0,0,182.30838724970818,0.0,680.0,0.0,185.45146325230598,0.0,680.0,0.0,0.9823529411764705,,,0.0,,0.0,0.0,0.0012936048975534559
abc,blkboybetweenredandwhite,301,301,1472,1472,13,290,12,285,4,0,1,5,1,1,12,0,1,82,82,0,301,0,11.966336663454443,3832,297,8,159,159,0,1,1,0,0,148.91898030042648,0.0,1204.0,0.0,154.36513857543468,0.0,1204.0,0.0,0.9634551495016611,0.3333333333333333,0.0,0.0035087719298245615,0.38461538461538464,0.0,0.0,0.00812930479854242
abc,blkboydown,81,81,347,347,11,68,11,62,6,1,0,5,3,0,11,0,0,0,0,0,81,0,6.380538868784264,940,73,8,4,4,0,3,3,1,1,3.8392495065927505,0.0,324.0,0.0,3.912602700293064,0.0,324.0,0.0,0.8395061728395061,0.5454545454545454,0.16666666666666666,0.0,0.45454545454545453,,0.0,0.01838772008295177
abc,blkboyhead,555,555,2772,2772,443,112,443,112,0,0,0,0,14,3,443,0,0,35,35,0,555,0,127.90591386593874,7241,117,5,89,89,2,17,17,0,1,85.70540295541286,1.867786020040512,2220.0,0.0,86.757803209126,1.9233090579509735,2220.0,0.0,0.2018018018018018,0.0,,0.0,0.0,0.0,0.0,0.04614210456924197
abc,blkboylefttheNo_21,6982,6930,33446,33701,2763,4200,2759,3827,367,11,9,366,71,26,2760,4,4,2775,2775,812,6930,1901,1678.5441756404166,87873,4621,269,5608,5608,1702,87,87,13,7,5357.4095577299595,1619.6221936792135,27720.0,7846.060805633521,5459.336252368987,1654.9182717427611,27720.0,7949.785887845197,0.6060606060606061,0.13301920985864443,0.02997275204359673,0.0023517115233864646,0.13246471226927253,0.2926126126126126,0.2743145743145743,0.05018669424267227
abc,blkboystand,1435,1435,6655,6655,900,513,903,474,39,4,1,36,6,1,901,1,0,636,636,296,1435,771,520.3538580859151,17495,541,34,1398,1398,652,16,16,2,1,1319.2679913640022,617.3063327819109,5740.0,3068.1457372696464,1348.2202875986695,627.7292202487588,5740.0,3076.0702987484156,0.3574912891986063,0.04318936877076412,0.10256410256410256,0.002109704641350211,0.04,0.46540880503144655,0.5372822299651568,0.07818991105723744
abc,blkboytakesumbrella,339,339,1664,1664,0,339,0,339,0,0,0,0,0,0,0,0,0,339,339,0,339,0,2.3350163807388675,4335,339,0,805,805,0,0,0,0,0,772.2905757725239,0.0,1356.0,0.0,787.5977712348104,0.0,1356.0,0.0,1.0,,,0.0,,0.0,0.0,0.0014032550365017233
abc,blkcaratfrontbluebus,763,763,3752,3752,306,368,311,345,21,6,1,16,8,4,307,2,1,0,0,0,763,0,148.9018117379989,9722,437,72,0,0,0,6,6,3,1,0.0,0.0,3052.0,0.0,0.0,0.0,3052.0,0.0,0.48230668414154654,0.06752411575562701,0.2857142857142857,0.002898550724637681,0.05228758169934641,,0.0,0.03968598393869907
abc,blkgirlumbrella,341,341,1610,1610,0,331,0,331,0,0,0,0,0,0,0,0,0,164,164,0,341,0,6.007103621374858,4247,336,0,365,365,0,0,0,0,0,340.97758880257607,0.0,1364.0,0.0,357.6555529087782,0.0,1364.0,0.0,0.9706744868035191,,,0.0,,0.0,0.0,0.0037311202617235145
abc,blkhairgirltakingblkbag,563,563,2720,2720,280,276,282,263,13,2,0,11,2,0,280,0,0,307,307,154,563,261,207.71827717372952,7073,302,21,607,607,336,3,3,1,2,572.0977977067232,316.8685305863619,2252.0,1027.9297379249397,588.4309211596847,325.76365011930466,2252.0,1023.5044072715142,0.49023090586145646,0.04609929078014184,0.15384615384615385,0.0,0.039285714285714285,0.501628664495114,0.4635879218472469,0.07636701366681233
abc,blkmoto2north,186,186,841,841,17,156,20,151,4,3,0,1,3,0,17,0,0,69,69,0,186,0,13.30981699626986,2214,161,5,140,140,0,2,2,0,1,132.48713161051273,0.0,744.0,0.0,137.1756056472659,0.0,744.0,0.0,0.8387096774193549,0.2,0.75,0.0,0.058823529411764705,0.0,0.0,0.01582617954372159
abc,blkstandboy,189,189,920,920,0,189,0,189,0,0,0,0,0,0,0,0,0,113,113,0,189,0,2.2059375197471014,2385,189,0,243,243,0,0,0,0,0,229.5502139478922,0.0,756.0,0.0,234.93039026856422,0.0,756.0,0.0,1.0,,,0.0,,0.0,0.0,0.0023977581736381536
abc,blktribikecome,141,141,666,666,0,140,0,140,0,0,0,0,0,0,0,0,0,130,130,0,141,0,0.7370207084703452,1713,140,0,299,299,0,0,0,0,0,284.836640894413,0.0,564.0,0.0,293.1255890056491,0.0,564.0,0.0,0.9929078014184397,,,0.0,,0.0,0.0,0.0011066377004059237
abc,blueboy,329,329,1624,1624,0,326,0,326,0,0,0,0,0,0,0,0,0,317,317,0,329,0,2.119824605251744,4200,326,0,721,721,0,0,0,0,0,670.1384474188089,0.0,1316.0,0.0,697.7120394930243,0.0,1316.0,0.0,0.9908814589665653,,,0.0,,0.0,0.0,0.0013053107175195469
abc,blueboy421,420,420,1985,1985,99,314,99,314,0,0,0,0,2,0,99,0,0,181,181,0,420,0,49.677999637298285,5211,327,12,416,416,0,2,2,1,0,394.08050659298897,0.0,1680.0,0.0,407.0501877963543,0.0,1680.0,0.0,0.7476190476190476,0.0,,0.0,0.0,0.0,0.0,0.025026700069167903
abc,bluebuscoming,1436,1436,7071,7071,0,1436,0,1436,0,0,0,0,0,0,0,0,0,1435,1435,0,1436,0,21.734794895642807,18356,1436,0,3131,3131,2,0,0,0,0,2883.803650289774,1.905867576599121,5744.0,0.0,3040.361527495086,1.9541135504841805,5744.0,0.0,1.0,,,0.0,,0.0,0.0,0.003073793649504003
abc,bluegirlbiketurn,221,221,1013,1013,0,218,0,218,0,0,0,0,0,0,0,0,0,64,64,0,221,0,4.801152587298672,2681,219,0,147,147,0,1,1,0,0,138.46060912311077,0.0,884.0,0.0,144.29028297960758,0.0,884.0,0.0,0.9864253393665159,,,0.0,,0.0,0.0,0.00473953858568477
abc,bottlebetweenboy`sfeet,505,505,2073,2073,380,82,378,67,15,1,2,16,6,2,382,1,0,1,1,0,505,0,146.17212542326763,5595,124,27,1,1,0,12,12,3,0,0.9416976124048233,0.0,2020.0,0.0,0.9779247418045998,0.0,2020.0,0.0,0.16237623762376238,0.03968253968253968,0.06666666666666667,0.029850746268656716,0.042105263157894736,0.0,0.0,0.07051236151628926
abc,boy2basketballground,205,205,1002,1002,54,165,57,134,30,4,1,27,5,4,51,0,3,0,0,0,205,0,34.49469042274946,2613,176,17,1,1,0,2,2,1,0,0.9196054041385651,0.0,820.0,0.0,0.9803714081645012,0.0,820.0,0.0,0.8048780487804879,0.5263157894736842,0.13333333333333333,0.007462686567164179,0.5,,0.0,0.03442583874525894
abc,boy2buildings,1787,1787,8150,8150,122,1597,121,1592,5,0,1,6,3,1,121,0,1,677,677,0,1787,0,62.31217462244115,21445,1612,10,1550,1550,1,10,10,0,1,1472.593445688486,0.9645344316959381,7148.0,0.0,1521.529405489564,0.9761227071285248,7148.0,0.0,0.893676552881925,0.04132231404958678,0.0,0.000628140703517588,0.04918032786885246,0.0,0.0,0.00764566559784554
abc,boy2trees,202,202,916,916,1,199,1,199,0,0,0,0,0,0,1,0,0,84,84,0,202,0,2.3812150237395495,2405,199,0,208,208,0,0,0,0,0,198.574867233634,0.0,808.0,0.0,204.45080598443747,0.0,808.0,0.0,0.9851485148514851,0.0,,0.0,0.0,0.0,0.0,0.002599579720239683
abc,boy2treesfindbike,1082,1082,4537,4537,151,808,151,803,4,0,0,4,1,0,151,0,0,267,267,0,1082,0,33.836114608083285,12090,821,4,537,537,0,26,26,2,2,506.74254235625267,0.0,4328.0,0.0,525.2017148658633,0.0,4328.0,0.0,0.7467652495378928,0.026490066225165563,0.0,0.0,0.026490066225165563,0.0,0.0,0.0074578167529387885
abc,boy`headwithouthat,850,850,4228,4228,254,665,277,546,119,25,2,96,38,1,254,0,0,0,0,0,850,0,119.01753821822513,11053,715,89,0,0,0,31,31,5,9,0.0,0.0,3400.0,0.0,0.0,0.0,3400.0,0.0,0.7823529411764706,0.4296028880866426,0.21008403361344538,0.003663003663003663,0.3779527559055118,,0.0,0.028149843476401402
abc,boy`sheadingreycol,268,268,1335,1335,161,78,161,75,3,0,0,3,7,4,161,0,0,1,1,0,268,0,53.55581879496721,3495,109,23,1,1,0,11,11,1,2,0.95369853079319,0.0,1072.0,0.0,0.956218883395195,0.0,1072.0,0.0,0.291044776119403,0.018633540372670808,0.0,0.0,0.018633540372670808,0.0,0.0,0.04011671819847731
abc,boyaftertree,101,101,368,368,6,96,6,95,1,0,0,1,0,0,6,0,0,17,17,0,101,0,1.5642005571947268,974,96,0,33,33,0,0,0,0,0,31.54238112270832,0.0,404.0,0.0,32.3701586201787,0.0,404.0,0.0,0.9504950495049505,0.16666666666666666,0.0,0.0,0.16666666666666666,0.0,0.0,0.004250544992376975
abc,boyaroundtrees,2468,2457,11157,11206,842,1717,843,1567,149,3,2,148,11,5,840,0,2,1184,1184,323,2457,512,517.2185247794866,29543,1781,101,2619,2619,735,32,31,4,2,2498.784817159176,702.5194145292044,9828.0,2025.8720497151241,2568.396190777421,721.6466262936592,9828.0,2005.4110712418874,0.6988196988196989,0.1767497034400949,0.020134228187919462,0.0012763241863433313,0.17577197149643706,0.27280405405405406,0.20838420838420837,0.046358207831808426
abc,boyatdoorturnright,493,493,2449,2449,376,97,372,84,11,0,2,13,9,10,375,0,0,6,6,0,493,0,66.64581441955697,6423,117,8,15,15,0,25,25,1,2,14.191414937376976,0.0,1972.0,0.0,14.580450475215912,0.0,1972.0,0.0,0.19675456389452334,0.02956989247311828,0.0,0.023809523809523808,0.034574468085106384,0.0,0.0,0.027213480775645966
abc,boydownplatform,750,750,3498,3498,14,704,14,703,1,0,0,1,0,0,14,0,0,442,442,0,750,0,19.25143465919533,9062,711,2,1009,1009,0,4,4,1,0,964.2073851972818,0.0,3000.0,0.0,989.4786917492747,0.0,3000.0,0.0,0.9386666666666666,0.07142857142857142,0.0,0.0,0.07142857142857142,0.0,0.0,0.005503554791079282
abc,boyfromdark,284,283,1394,1399,0,281,0,281,0,0,0,0,0,0,0,0,0,85,85,0,283,0,2.61708800515834,3634,281,0,219,219,0,0,0,0,0,208.21007493138313,0.0,1132.0,0.0,214.92830035090446,0.0,1132.0,0.0,0.9929328621908127,,,0.0,,0.0,0.0,0.001877394551763515
abc,boyinlight,318,318,1216,1216,0,316,6,310,6,6,0,0,6,2,2,2,0,16,16,0,318,0,9.787628137183539,3343,316,0,34,34,0,0,0,0,0,32.51442711055279,0.0,1272.0,0.0,33.42815911024809,0.0,1272.0,0.0,0.9937106918238994,1.0,1.0,0.0,,0.0,0.0,0.008049036297025936
abc,boyinplatform,974,974,4020,4020,68,859,68,856,3,0,0,3,0,0,68,0,0,98,98,0,974,0,30.57374500962102,10816,889,11,215,215,0,8,8,2,2,202.3076894581318,0.0,3896.0,0.0,211.17631982266903,0.0,3896.0,0.0,0.8819301848049281,0.04411764705882353,0.0,0.0,0.04411764705882353,0.0,0.0,0.0076054092063733885
abc,boyinsnowfield3,1417,1417,6712,6712,14,1374,14,1374,0,0,0,0,0,0,14,0,0,1104,1104,9,1417,19,18.971206367239514,17447,1379,1,2502,2502,19,0,0,0,0,2371.4975915402174,17.96319290995598,5668.0,67.03819575067254,2436.9759498387575,18.5006053596735,5668.0,65.41613088931803,0.9696541990119972,0.0,,0.0,0.0,0.008152173913043478,0.013408609738884969,0.0028264610201489144
abc,boyleftblkrunning2crowd,425,425,2069,2069,86,336,85,335,1,0,1,2,2,0,86,0,0,0,0,0,425,0,42.81666394051025,5398,350,9,0,0,0,5,5,1,1,0.0,0.0,1700.0,0.0,0.0,0.0,1700.0,0.0,0.7905882352941176,0.011764705882352941,0.0,0.0029850746268656717,0.023255813953488372,,0.0,0.02069437599831332
abc,boylefttheNo_9boy,4920,4919,24500,24505,156,4685,156,4666,18,0,0,18,0,1,156,0,0,4116,4115,115,4918,145,190.70603561093003,63629,4703,9,9385,9382,294,0,0,0,0,8939.495738521218,279.14366286993027,19671.91266093597,579.4902505963612,9116.689608514309,287.25187696516514,19672.13884908736,576.7474886807652,0.9524293555600731,0.11538461538461539,0.0,0.0,0.11538461538461539,0.027946537059538274,0.029483529890199266,0.007783919820854287
abc,boyoncall,309,308,1536,1541,0,307,0,307,0,0,0,0,0,0,0,0,0,89,89,0,308,0,8.514454488704864,3942,307,0,204,204,0,0,0,0,0,193.3650655001402,0.0,1232.0,0.0,199.75877210497856,0.0,1232.0,0.0,0.9967532467532467,,,0.0,,0.0,0.0,0.005543264641083896
abc,boyplayphone,435,434,2088,2093,10,427,7,421,4,0,3,7,3,0,10,0,0,156,156,0,434,0,13.266330327907717,5462,428,6,344,344,0,6,6,2,2,329.3708987683058,0.0,1736.0,0.0,337.2945310398936,0.0,1736.0,0.0,0.9838709677419355,0.5714285714285714,0.0,0.007125890736342043,0.7,0.0,0.0,0.0063536064788830065
abc,boyride2path,1839,1837,8282,8290,703,771,691,727,37,1,6,42,19,3,703,1,1,451,450,51,1836,884,244.28164307385143,22000,875,48,985,982,137,58,57,2,3,924.340304762125,127.90715335309505,7342.276632987112,3535.990120407726,961.2398455291986,134.32856260985136,7342.944115379879,3524.509314745838,0.4197060424605335,0.053545586107091175,0.02702702702702703,0.008253094910591471,0.059743954480796585,0.11333333333333333,0.48148148148148145,0.029495489383464312
abc,boyruninsnow,181,181,904,904,0,181,0,181,0,0,0,0,0,0,0,0,0,181,181,0,181,0,0.3654260331710215,2324,181,0,409,409,1,0,0,0,0,384.76876071095467,0.9507059156894684,724.0,0.0,397.50342205166817,0.9764948338270187,724.0,0.0,1.0,,,0.0,,0.0,0.0,0.0004042323375785636
abc,boyscomeleft,463,463,2250,2250,34,392,33,391,1,0,1,2,2,1,33,0,1,257,257,0,463,0,18.707108017724586,5862,406,3,601,601,11,1,1,0,0,567.907912582159,10.388456851243973,1852.0,0.0,588.3658177703619,10.773069597780704,1852.0,0.0,0.8466522678185745,0.030303030303030304,0.0,0.0025575447570332483,0.058823529411764705,0.0,0.0,0.008314270230099816
abc,boyshead9684,9683,9683,45818,45818,238,9072,233,9065,6,0,4,10,8,2,237,0,1,3467,3467,0,9683,0,221.93653384851604,119776,9240,75,7966,7966,2,23,23,4,4,7527.599354028702,1.7951334714889526,38732.0,0.0,7681.236290976405,1.9433129727840424,38732.0,0.0,0.9368997211607972,0.02575107296137339,0.0,0.000441257584114727,0.04201680672268908,0.0,0.0,0.00484387214301183
abc,boyss,374,374,1797,1797,59,266,59,248,14,0,0,14,0,0,59,0,0,40,40,0,374,0,25.16777266846275,4678,301,18,82,82,0,11,11,1,1,77.25330851972103,0.0,1496.0,0.0,79.66281267255545,0.0,1496.0,0.0,0.7112299465240641,0.23728813559322035,0.0,0.0,0.23728813559322035,0.0,0.0,0.014005438324130634
abc,boytakingbasketballfollowing,1431,1431,6650,6650,646,949,657,744,204,15,6,195,26,8,653,6,0,597,597,37,1431,807,319.2476545153103,17339,1040,142,1352,1352,64,36,36,3,3,1285.0428549796343,61.39730183780193,5724.0,3209.3535054672975,1305.2692091539502,62.038520358502865,5724.0,3193.9811812680696,0.663172606568833,0.3105022831050228,0.07352941176470588,0.008064516129032258,0.3018575851393189,0.06197654941373534,0.5639412997903563,0.04800716609252786
abc,boytakingplate2left,261,259,1240,1250,0,251,0,251,0,0,0,0,0,0,0,0,0,116,116,0,259,0,4.118037338898098,3256,251,0,240,239,0,0,0,0,0,226.16525065898895,0.0,1036.0,0.0,230.8349233046174,0.0,1036.0,0.0,0.9691119691119691,,,0.0,,0.0,0.0,0.003320997853950079
abc,boyunder2baskets,612,612,2958,2958,454,332,448,149,182,1,6,187,12,4,454,0,1,137,137,110,612,479,346.96603378018784,7761,376,65,296,296,235,16,16,2,3,283.8020985722542,225.3629446476698,2448.0,1840.6456406846848,288.80464738607407,229.34928004443645,2448.0,1786.0831564408757,0.5424836601307189,0.40625,0.005494505494505495,0.040268456375838924,0.4118942731277533,0.8029197080291971,0.7826797385620915,0.11729750972961049
abc,boywaitgirl,964,964,4600,4600,0,954,0,954,0,0,0,0,0,0,0,0,0,857,857,0,964,0,17.767430079600388,12083,955,0,1999,1999,11,0,0,0,0,1879.2987466454506,10.412585452198982,3856.0,0.0,1946.2719921022654,10.661155082285404,3856.0,0.0,0.9896265560165975,,,0.0,,0.0,0.0,0.0038624847999131277
abc,boywalkinginsnow2,657,657,3100,3100,0,653,0,653,0,0,0,0,0,0,0,0,0,579,579,0,657,0,4.042103904577827,8152,653,0,1355,1355,0,0,0,0,0,1291.7317608296871,0.0,2628.0,0.0,1320.470930866897,0.0,2628.0,0.0,0.9939117199391172,,,0.0,,0.0,0.0,0.0013039044853476861
abc,broom,9537,9531,44962,44987,635,8208,623,8130,70,4,9,76,34,20,644,7,1,2719,2719,20,9531,30,448.16448125194404,117870,8456,40,5715,5715,44,49,49,3,3,5404.176071062684,41.61069282889366,38124.0,119.25254624631484,5558.006756104529,42.976863130927086,38124.0,126.04765612910634,0.8611898016997167,0.11235955056179775,0.05714285714285714,0.001107011070110701,0.11968503937007874,0.00735564545788893,0.0031476235442241107,0.00996762780240968
abc,carbehindtrees,113,113,565,565,0,113,0,113,0,0,0,0,0,0,0,0,0,0,0,0,113,0,1.3225716229123712,1458,113,0,0,0,0,0,0,0,0,0.0,0.0,452.0,0.0,0.0,0.0,452.0,0.0,1.0,,,0.0,,,0.0,0.002340834730818356
abc,carcomeonlight,100,100,455,455,0,100,0,100,0,0,0,0,0,0,0,0,0,100,100,0,100,0,0.342092322383241,1210,100,0,238,238,0,0,0,0,0,221.76096446812153,0.0,400.0,0.0,230.26167625188828,0.0,400.0,0.0,1.0,,,0.0,,0.0,0.0,0.0007518512579851451
abc,carcomingfromlight,390,390,1866,1866,239,119,239,118,1,0,0,1,3,1,239,0,0,159,159,44,390,195,87.00901317386507,4894,137,6,376,376,104,5,5,0,1,353.3320473283529,97.82975649833679,1560.0,764.2409486751059,358.39442017674446,99.32752927392721,1560.0,761.9932105596062,0.30512820512820515,0.0041841004184100415,0.0,0.0,0.0041841004184100415,0.27672955974842767,0.5,0.04662862442329318
abc,carcominginlight,154,154,743,743,4,143,4,143,0,0,0,0,1,0,4,0,0,89,89,0,154,0,4.4772039545310705,1932,147,2,198,198,0,4,4,1,1,183.55680131912231,0.0,616.0,0.0,190.80991815030575,0.0,616.0,0.0,0.9285714285714286,0.0,,0.0,0.0,0.0,0.0,0.006025846506771293
abc,carlight2,69,69,332,332,0,69,0,69,0,0,0,0,0,0,0,0,0,59,59,0,69,0,0.8843225587541196,860,69,0,141,141,0,0,0,0,0,131.76940052211285,0.0,276.0,0.0,137.5290551483631,0.0,276.0,0.0,1.0,,,0.0,,0.0,0.0,0.002663622164922047
abc,carlightcome2,92,92,449,449,0,92,0,92,0,0,0,0,0,0,0,0,0,92,92,0,92,0,0.7166166098266142,1169,92,0,209,209,0,0,0,0,0,195.68359251320362,0.0,368.0,0.0,204.10750276595354,0.0,368.0,0.0,1.0,,,0.0,,0.0,0.0,0.0015960280842463568
abc,caronlight,85,85,408,408,0,85,0,85,0,0,0,0,0,0,0,0,0,76,76,0,85,0,2.0371416790744092,1068,85,0,176,176,0,0,0,0,0,164.80386762320995,0.0,340.0,0.0,172.05088106542826,0.0,340.0,0.0,1.0,,,0.0,,0.0,0.0,0.004992994311456885
abc,carturn117,116,116,579,579,0,116,0,116,0,0,0,0,0,0,0,0,0,116,116,0,116,0,0.38653387514482573,1491,116,0,274,274,0,0,0,0,0,259.2533115595579,0.0,464.0,0.0,267.66037859767675,0.0,464.0,0.0,1.0,,,0.0,,0.0,0.0,0.000667588730820079
abc,carwillturn,480,480,2299,2299,312,158,312,158,0,0,0,0,0,0,312,0,0,384,384,267,480,312,228.79025938387434,6041,167,5,935,935,664,2,2,0,1,882.3601817041636,626.7396531254053,1920.0,1232.7880433203022,890.8088277205825,633.0577195733786,1920.0,1230.378265602765,0.32916666666666666,0.0,,0.0,0.0,0.6953125,0.65,0.09951729420786183
abc,catbrown2,90,90,448,448,0,90,0,90,0,0,0,0,0,0,0,0,0,90,90,0,90,0,1.3649119163113606,1167,90,0,208,208,0,0,0,0,0,198.632544785738,0.0,360.0,0.0,201.2319596260786,0.0,360.0,0.0,1.0,,,0.0,,0.0,0.0,0.0030466783846235727
abc,catbrownback2bush,1342,1342,6399,6399,196,1206,196,1083,123,0,0,123,0,0,196,0,0,1064,1064,1,1342,29,150.75899129529031,16667,1237,118,2618,2618,4,4,4,1,1,2503.2617380917072,3.720385864377022,5368.0,29.252318377389315,2527.7747932076454,3.881336271762848,5368.0,30.99218967774086,0.8986587183308494,0.6275510204081632,0.0,0.0,0.6275510204081632,0.0009398496240601503,0.021609538002980627,0.023559773604514816
abc,couple,100,100,461,461,32,66,32,65,1,0,1,2,3,1,32,0,0,19,19,0,100,0,12.922075216109526,1219,77,8,38,38,0,3,3,1,1,36.076998203992844,0.0,400.0,0.0,36.90085452795029,0.0,400.0,0.0,0.66,0.03125,0.0,0.015384615384615385,0.0625,0.0,0.0,0.028030531922146478
abc,darkcarturn,83,83,415,415,0,83,0,83,0,0,0,0,0,0,0,0,0,83,83,0,83,0,1.6813595070742047,1075,83,0,211,211,0,0,0,0,0,196.18163315951824,0.0,332.0,0.0,203.85505271703005,0.0,332.0,0.0,1.0,,,0.0,,0.0,0.0,0.004051468691745072
abc,darkgirl,612,612,2941,2941,0,610,0,610,0,0,0,0,0,0,0,0,0,537,537,0,612,0,5.489791722539934,7671,610,0,1204,1204,0,0,0,0,0,1151.3727012127638,0.0,2448.0,0.0,1182.5341581851244,0.0,2448.0,0.0,0.9967320261437909,,,0.0,,0.0,0.0,0.0018666411841346256
abc,darkouterwhiteboy,748,748,3324,3324,105,529,104,509,10,0,1,11,8,3,105,0,0,0,0,0,748,0,43.46064772033747,8883,574,13,0,0,0,6,6,1,1,0.0,0.0,2992.0,0.0,0.0,0.0,2992.0,0.0,0.7072192513368984,0.09615384615384616,0.0,0.0019646365422396855,0.10476190476190476,,0.0,0.013074803766647854
abc,darktreesboy,502,502,1900,1900,40,398,38,398,0,0,0,0,3,0,40,0,0,306,306,0,502,0,18.471904023917755,5011,402,0,699,699,1,3,3,0,0,665.6089258939028,0.9171572774648666,2008.0,0.0,679.6365751996636,0.9780693799257278,2008.0,0.0,0.7928286852589641,0.0,,0.0,0.0,0.0,0.0,0.009722054749430397
abc,drillmaster1117,1116,1116,5418,5418,576,643,576,522,121,0,0,121,0,0,576,0,0,705,705,274,1116,575,501.5720472625712,14159,734,54,1500,1500,507,0,0,0,0,1418.1220650970936,478.8012780994177,4464.0,2283.549368506592,1462.5968235135078,494.329876922071,4464.0,2276.2706119919776,0.5761648745519713,0.21006944444444445,0.0,0.0,0.21006944444444445,0.38865248226950355,0.5152329749103942,0.0925751286937193
abc,drillmasterfollowingatright,981,981,4778,4778,383,626,384,592,34,2,1,33,7,4,383,0,0,279,279,0,981,0,107.20381220743653,12458,635,7,668,668,1,36,36,1,1,635.059886187315,0.9477997422218323,3924.0,0.0,652.3112780302763,0.9792075529694557,3924.0,0.0,0.6381243628950051,0.08854166666666667,0.058823529411764705,0.0016891891891891893,0.08616187989556136,0.0,0.0,0.022436963626504085
abc,farfatboy,253,253,1114,1114,36,209,36,208,1,0,0,1,1,0,36,0,0,0,0,0,253,0,7.727935069499823,2930,214,0,0,0,0,5,5,0,0,0.0,0.0,1012.0,0.0,0.0,0.0,1012.0,0.0,0.8260869565217391,0.027777777777777776,0.0,0.0,0.027777777777777776,,0.0,0.006937105089317615
abc,firstexercisebook,1159,1159,5431,5431,591,461,600,259,201,0,1,202,14,0,591,0,0,404,404,191,1159,511,522.231080030507,14321,537,102,871,871,398,7,7,2,2,828.2784845679998,376.4800545424223,4636.0,1960.188599583528,851.849015660584,388.6027725562453,4636.0,1918.7374979919427,0.39775668679896464,0.335,0.0,0.003861003861003861,0.34179357021996615,0.47277227722772275,0.44089732528041414,0.09615744430685084
abc,foamatgirl`srighthand,192,192,740,740,31,131,30,125,4,1,2,5,5,0,31,0,0,28,28,0,192,0,20.0969842905604,2039,145,13,58,58,3,4,4,0,1,54.956744357943535,2.8235308676958084,768.0,0.0,56.61690640449524,2.8890105932950974,768.0,0.0,0.6822916666666666,0.13333333333333333,0.25,0.016,0.16129032258064516,0.0,0.0,0.027158086879135675
abc,foldedfolderatlefthand,1145,1145,5338,5338,228,922,214,810,110,3,16,123,20,2,226,0,2,206,206,0,1145,0,153.31368474112332,14146,964,89,459,459,4,17,17,6,4,428.9101682305336,3.7979334592819214,4580.0,0.0,448.90883289277554,3.910246253013611,4580.0,0.0,0.8052401746724891,0.514018691588785,0.02727272727272727,0.019753086419753086,0.5394736842105263,0.0,0.0,0.028721184852214934
abc,girl2left3man1,150,150,703,703,1,122,1,121,1,0,0,1,0,0,1,0,0,45,45,0,150,0,6.858245144464658,1869,125,1,93,93,0,2,2,0,1,88.87527877092361,0.0,600.0,0.0,91.05690681189299,0.0,600.0,0.0,0.8133333333333334,1.0,0.0,0.0,1.0,0.0,0.0,0.009755682993548589
abc,girl`sblkbag,570,570,2594,2594,516,25,516,7,18,0,0,18,0,0,516,0,0,232,232,232,570,231,321.20753208648773,6806,39,26,456,456,456,5,5,0,1,431.0694177597761,431.0694177597761,2280.0,908.3465429048275,442.0577619820833,442.0577619820833,2280.0,901.790008455368,0.043859649122807015,0.03488372093023256,0.0,0.0,0.03488372093023256,1.0,0.4052631578947368,0.12382711337181486
abc,girlafterglassdoor,1129,1129,5105,5105,0,1129,0,1129,0,0,0,0,0,0,0,0,0,1114,1114,0,1129,0,12.136410608910793,13323,1129,0,2644,2644,1,0,0,0,0,2502.4475379884243,0.95694200694561,4516.0,0.0,2585.2061142772436,0.9837027937173843,4516.0,0.0,1.0,,,0.0,,0.0,0.0,0.0023773576119315953
abc,girldownstairfromlight,1216,1216,4844,4844,186,814,187,804,9,1,0,8,3,1,186,0,0,10,10,0,1216,0,53.465745756707506,13290,830,1,30,30,0,16,16,2,0,28.920393362641335,0.0,4864.0,0.0,29.17068226635456,0.0,4864.0,0.0,0.6694078947368421,0.0481283422459893,0.1111111111111111,0.0,0.043010752688172046,0.0,0.0,0.011037519768106421
abc,girlfromlight_quezhen,1032,1032,4902,4902,7,986,7,986,0,0,0,0,0,0,7,0,0,896,896,0,1032,0,14.215805982550664,12729,993,0,2250,2250,0,0,0,0,0,2146.246531829238,0.0,4128.0,0.0,2184.790174677968,0.0,4128.0,0.0,0.9554263565891473,0.0,,0.0,0.0,0.0,0.0,0.002900001220430572
abc,girlinrain,311,311,1476,1476,0,311,0,311,0,0,0,0,0,0,0,0,0,287,287,0,311,0,2.4066112274774465,3833,311,0,679,679,0,0,0,0,0,640.4119339138269,0.0,1244.0,0.0,666.3713347688317,0.0,1244.0,0.0,1.0,,,0.0,,0.0,0.0,0.0016304954115700858
abc,girllongskirt,303,303,1374,1374,36,241,36,236,5,0,0,5,0,2,38,2,0,70,70,0,303,0,18.356416358302532,3622,267,18,146,146,0,6,6,0,0,139.82681350409985,0.0,1212.0,0.0,143.46288826316595,0.0,1212.0,0.0,0.7953795379537953,0.1388888888888889,0.0,0.0,0.1388888888888889,0.0,0.0,0.013359837233116836
abc,girlof2leaders,985,985,4914,4914,480,642,481,417,221,6,5,220,14,9,484,5,1,346,346,288,985,828,445.35574419276884,12788,721,79,676,676,570,14,14,1,2,642.1271401941776,540.8780440688133,3940.0,3296.2654565387925,660.0470718443394,556.418241083622,3940.0,3288.510969040233,0.6517766497461929,0.4594594594594595,0.027149321266968326,0.011990407673860911,0.4583333333333333,0.8323699421965318,0.8406091370558376,0.09062998457321303
abc,girlrightthewautress,307,307,1463,1463,74,249,79,226,23,6,2,19,9,0,74,0,0,4,4,0,307,0,50.15556092061507,3829,273,27,7,7,0,8,8,3,1,6.7003728449344635,0.0,1228.0,0.0,6.7554522305727005,0.0,1228.0,0.0,0.8110749185667753,0.2911392405063291,0.2608695652173913,0.008849557522123894,0.25675675675675674,0.0,0.0,0.03428268005510258
abc,girlunderthestreetlamp,2857,2857,13407,13407,0,2750,0,2750,0,0,0,0,0,0,0,0,0,731,731,0,2857,0,49.64282197873693,35212,2782,0,1712,1712,2,0,0,0,0,1627.8153638541698,1.9186880141496658,11428.0,0.0,1662.8620688840747,1.9419184997677803,11428.0,0.0,0.9625481274063703,,,0.0,,0.0,0.0,0.0037027539329258547
abc,guardunderthecolumn,281,281,1401,1401,38,246,38,224,22,0,0,22,0,0,38,0,0,239,239,35,281,37,47.67886276104577,3630,254,15,522,522,74,2,2,1,0,489.13245764374733,69.56277477741241,1124.0,142.54043693429546,509.61607574671507,72.2649273648858,1124.0,142.73929631314599,0.8754448398576512,0.5789473684210527,0.0,0.0,0.5789473684210527,0.14644351464435146,0.13167259786476868,0.03403202195649234
abc,hugboy,541,541,2652,2652,0,533,0,533,0,0,0,0,0,0,0,0,0,401,401,0,541,0,21.211758552160273,6909,537,0,916,916,0,0,0,0,0,869.2879825681448,0.0,2164.0,0.0,892.2364781722426,0.0,2164.0,0.0,0.9852125693160814,,,0.0,,0.0,0.0,0.007998400660693919
abc,hyalinepaperfrontface,4316,4316,21085,21085,2718,1312,2700,1023,279,3,10,288,71,16,2717,0,0,164,164,71,4316,305,1196.8149036453342,54889,1860,493,374,374,173,113,113,8,10,359.9323069155216,166.24113082885742,17264.0,1201.1182405334114,364.17375334352255,167.4287467598915,17264.0,1190.8791097603453,0.303985171455051,0.10333333333333333,0.010752688172043012,0.009775171065493646,0.10596026490066225,0.4329268292682927,0.07066728452270621,0.05676143721343772
abc,large,1474,1474,6204,6204,168,1386,171,1267,114,5,2,111,10,3,167,0,2,657,657,0,1474,0,124.62299601764481,16759,1413,93,1498,1498,0,13,13,5,4,1414.2783653885126,0.0,5896.0,0.0,1467.803158171475,0.0,5896.0,0.0,0.9402985074626866,0.6666666666666666,0.043859649122807015,0.0015785319652722968,0.6607142857142857,0.0,0.0,0.020087523536048486
abc,lastleftgirl,1115,1115,5506,5506,808,311,807,295,16,0,1,17,3,1,808,0,0,253,253,75,1115,466,258.59422882155684,14390,329,27,595,595,164,20,20,2,1,566.4044408202171,156.33160549402237,4460.0,1852.0966279098077,581.3351961821318,159.89910394698381,4460.0,1842.9658411736216,0.2789237668161435,0.01982651796778191,0.0,0.003389830508474576,0.02103960396039604,0.2964426877470356,0.4179372197309417,0.04696589698902231
abc,leftblkTboy,3649,3439,16775,17806,1721,2023,1713,1642,380,3,6,383,32,3,1722,1,0,2313,2269,1084,3421,1512,1402.9828535880729,46398,2202,146,5279,5170,2411,33,30,9,7,4932.957418099046,2300.810098454356,13655.616042746171,6126.166976826303,5046.277012132108,2353.081165507436,13647.64645839209,6109.553650477474,0.588252398953184,0.22183304144775248,0.007894736842105263,0.0036540803897685747,0.22254503195816386,0.4777434993389158,0.4419760304004677,0.08363534149556322
abc,leftbottle2hang,3990,3990,18185,18185,2299,1214,2299,1027,181,5,5,181,26,12,2297,0,1,51,51,0,3990,0,598.3522300935742,47947,1435,209,91,91,0,142,142,13,7,86.64885115623474,0.0,15960.0,0.0,89.02231956273317,0.0,15960.0,0.0,0.3042606516290727,0.07872988255763376,0.027624309392265192,0.004868549172346641,0.07872988255763376,0.0,0.0,0.03290361452260513
abc,leftboy2jointhe4,1243,1243,6035,6035,953,283,953,250,33,1,1,33,45,18,952,0,1,376,376,123,1243,898,413.30303798115983,15808,356,33,784,784,196,29,29,0,1,747.805923730135,185.95610523223877,4972.0,3582.2549076567047,770.0661063268781,192.2851848974824,4972.0,3573.2574494994824,0.22767497988736926,0.03462749213011543,0.030303030303030304,0.004,0.03462749213011543,0.3271276595744681,0.7224456958970233,0.068484347635652
abc,leftboyoutofthetroop,743,743,3548,3548,238,539,233,486,53,0,2,55,5,1,237,0,0,497,497,174,743,195,192.6915292500396,9252,554,39,1078,1078,364,3,3,1,0,1028.49095672369,347.64067558944225,2972.0,780.5031680351036,1052.068623431027,356.0215153247118,2972.0,781.7742417593711,0.7254374158815612,0.22746781115879827,0.0,0.00411522633744856,0.23109243697478993,0.3501006036217304,0.26244952893674295,0.05430990114149932
abc,leftchair,1399,1399,6995,6995,312,952,304,946,3,0,5,9,14,1,312,0,0,1041,1041,242,1399,258,232.56534723905887,18184,998,8,2314,2314,536,1,1,0,1,2204.1176124364138,510.6103999912739,5596.0,1031.3908234450105,2231.7986108511686,515.420946881175,5596.0,1030.4874484112056,0.6804860614724804,0.009868421052631578,0.0,0.005285412262156448,0.028846153846153848,0.23246878001921228,0.18441744102930666,0.03324736915497625
abc,lefterbike,565,565,2326,2326,88,384,86,382,2,0,2,4,5,2,89,1,0,0,0,0,565,0,37.627906453931494,6298,442,34,0,0,0,20,20,2,3,0.0,0.0,2260.0,0.0,0.0,0.0,2260.0,0.0,0.679646017699115,0.023255813953488372,0.0,0.005235602094240838,0.045454545454545456,,0.0,0.016177087899368656
abc,leftexcersicebookyellow,1101,1101,4951,4951,225,723,235,609,103,8,0,94,22,2,226,1,0,165,165,67,1101,716,210.65268220993082,13278,826,67,354,354,136,20,20,1,4,338.8546126931906,129.1916879415512,4404.0,2574.0825110709525,345.82993956655264,133.02091375738382,4404.0,2513.166339822444,0.6566757493188011,0.43829787234042555,0.07766990291262135,0.0,0.4177777777777778,0.40606060606060607,0.6503178928247049,0.042547501961205984
abc,leftfarboycomingpicktheball,902,902,4163,4163,4,826,4,823,1,0,0,1,0,0,4,0,0,0,0,0,902,0,13.203318959309382,10972,834,1,0,0,0,2,2,0,0,0.0,0.0,3608.0,0.0,0.0,0.0,3608.0,0.0,0.9157427937915743,0.25,0.0,0.0,0.25,,0.0,0.0031715875472758544
abc,leftgirl'swhitebag,250,249,981,982,61,175,60,171,4,0,1,5,1,0,61,0,0,15,15,0,249,0,11.013537337468211,2672,184,6,45,45,0,6,6,1,0,43.32766084372997,0.0,996.0,0.0,43.718812853097916,0.0,996.0,0.0,0.7028112449799196,0.06666666666666667,0.0,0.005847953216374269,0.08196721311475409,0.0,0.0,0.011226847438805516
abc,lefthyalinepaper2rgb,1904,1904,8475,8475,751,992,751,884,101,4,4,101,16,5,753,2,1,206,206,0,1904,0,225.50466845293522,22612,1171,199,396,396,0,84,84,9,9,376.1176605075598,0.0,7616.0,0.0,386.55114571750164,0.0,7616.0,0.0,0.5210084033613446,0.13448735019973368,0.039603960396039604,0.004524886877828055,0.13448735019973368,0.0,0.0,0.026608220466423034
abc,lefthyalinepaperfrontpants,1801,1801,8259,8259,388,1324,390,1274,48,4,2,46,8,0,388,0,0,369,369,3,1801,12,163.7864322698586,21822,1413,79,729,729,8,18,18,4,4,689.3652924001217,7.6064405888319016,7204.0,41.793763699070084,712.3091087266803,7.809204392135143,7204.0,44.94858285531503,0.7351471404775125,0.12307692307692308,0.08333333333333333,0.0015698587127158557,0.11855670103092783,0.008130081300813009,0.006662965019433648,0.019831266771989178
abc,leftmirror,1878,1878,8835,8835,151,1773,152,1675,98,2,2,98,5,0,151,0,0,742,742,75,1878,139,184.23084822926825,23027,1802,57,1600,1600,138,9,9,1,1,1510.0074212998152,130.03197674453259,7512.0,1348.8576676516702,1563.1700041741133,134.95079339295626,7512.0,1643.282946101815,0.9440894568690096,0.6447368421052632,0.02040816326530612,0.0011940298507462687,0.6490066225165563,0.10107816711590296,0.07401490947816826,0.020852388028213723
abc,leftmirrorlikesky,2264,2264,9351,9351,899,1357,902,1159,198,12,8,194,21,2,897,0,2,725,725,390,2264,674,648.7169632986686,25367,1613,280,1544,1544,801,22,22,8,6,1448.6841118782759,750.6995608508587,9056.0,2680.2212462458588,1509.6744878143072,783.4628571048379,9056.0,2721.5291900176608,0.5993816254416962,0.21951219512195122,0.06060606060606061,0.006902502157031924,0.21579532814238042,0.5379310344827586,0.29770318021201414,0.06937407371389889
abc,leftmirrorside,1731,1731,7961,7961,820,959,820,835,123,0,0,123,1,1,819,0,1,0,0,0,1731,0,394.79754770862166,20942,1075,161,0,0,0,30,30,7,5,0.0,0.0,6924.0,0.0,0.0,0.0,6924.0,0.0,0.5540150202195263,0.15,0.0,0.0,0.15,,0.0,0.04959145179105912
abc,leftopenexersicebook,169,167,751,761,11,72,14,68,4,3,0,1,3,0,11,0,0,92,92,4,167,5,34.66940666269893,2017,79,5,175,175,16,1,1,0,1,166.66082260012627,15.147163644433022,668.0,9.767585972805831,169.891669601202,15.558421835303307,668.0,8.856668440664444,0.4311377245508982,0.2857142857142857,0.75,0.0,0.09090909090909091,0.043478260869565216,0.029940119760479042,0.04616432311943933
abc,leftpingpongball,65,65,323,323,58,9,57,7,2,0,1,3,2,1,58,0,0,2,2,0,65,0,1.302322506495539,857,9,1,2,2,0,8,8,0,0,1.907055750489235,0.0,260.0,0.0,1.959594450891018,0.0,260.0,0.0,0.13846153846153847,0.03508771929824561,0.0,0.14285714285714285,0.05172413793103448,0.0,0.0,0.004031958224444393
abc,leftrushingboy,147,147,708,708,35,113,36,104,9,1,0,8,1,0,35,0,0,26,26,13,147,69,32.04691058199492,1848,122,12,64,64,33,2,2,0,2,60.90428827702999,31.416012793779373,588.0,247.06468029702378,62.28523802757263,32.06265278160572,588.0,230.09507715709245,0.7687074829931972,0.25,0.1111111111111111,0.0,0.22857142857142856,0.5,0.46938775510204084,0.045263997997167967
abc,leftunderbasket,985,985,4923,4923,774,291,774,147,144,0,0,144,4,1,774,0,0,876,876,681,985,772,666.5966131504775,12771,357,32,1945,1945,1539,3,3,0,1,1851.211223140359,1465.4784113615751,3940.0,3066.389416110563,1891.6643737182021,1497.9288099780679,3940.0,3056.345649890296,0.2954314720812183,0.18604651162790697,0.0,0.0,0.18604651162790697,0.7773972602739726,0.783756345177665,0.13540455274232735
abc,leftuphand,1980,1980,9869,9869,140,1799,140,1798,0,0,0,0,0,0,140,0,0,1817,1817,100,1980,104,145.94712696926103,25641,1824,8,4279,4279,209,0,0,0,0,4061.1217484623194,197.51385824382305,7920.0,416.22626826997407,4161.420431964099,203.33713634312153,7920.0,417.94427858612744,0.9085858585858586,0.0,,0.0,0.0,0.0550357732526142,0.052525252525252523,0.014788441277663496
abc,littelbabycryingforahug,1675,1675,7933,7933,0,1658,0,1658,0,0,0,0,0,1,0,0,0,205,205,0,1675,0,26.26790168571142,20742,1668,0,470,470,0,2,2,0,0,453.06427632272243,0.0,6700.0,0.0,456.1248796954751,0.0,6700.0,0.0,0.9898507462686568,,,0.0,,0.0,0.0,0.0033112191712733417
abc,lowerfoamboard,32,31,152,157,13,18,13,17,1,1,1,1,2,0,13,0,0,4,4,4,31,8,9.323771507968742,390,27,9,10,10,7,1,1,0,1,9.26461124420166,6.552116215229034,124.0,17.151923703375488,9.825222857296467,6.88707610219717,124.0,14.800160900514793,0.5806451612903226,0.07692307692307693,1.0,0.058823529411764705,0.07692307692307693,1.0,0.25806451612903225,0.06134060202611014
abc,mandownstair,1095,1095,5237,5237,6,1079,6,1075,4,0,0,4,0,0,6,0,0,1010,1010,0,1095,0,13.876073577943012,13729,1085,4,2449,2449,0,3,3,1,0,2338.903348863125,0.0,4380.0,0.0,2382.2325155064464,0.0,4380.0,0.0,0.9853881278538813,0.6666666666666666,0.0,0.0,0.6666666666666666,0.0,0.0,0.002649622604151807
abc,manfromtoilet,407,407,1876,1876,0,407,0,407,0,0,0,0,0,0,0,0,0,351,351,0,407,0,2.987170293469117,4919,407,0,859,859,0,0,0,0,0,792.9447964131832,0.0,1628.0,0.0,836.8749341741204,0.0,1628.0,0.0,1.0,,,0.0,,0.0,0.0,0.001592308258778847
abc,mangetsoff,253,253,1155,1155,45,198,45,195,3,0,0,3,0,0,45,0,0,142,142,0,253,0,19.531169437753356,3024,209,6,317,317,0,4,4,0,1,297.8450510799885,0.0,1012.0,0.0,310.8661894053221,0.0,1012.0,0.0,0.782608695652174,0.06666666666666667,0.0,0.0,0.06666666666666667,0.0,0.0,0.016910103409310265
abc,manoncall,520,520,2183,2183,55,432,55,432,0,0,0,0,0,1,55,0,0,221,221,0,520,0,13.464271683227004,5877,442,3,474,474,7,8,8,0,0,447.0326757133007,6.703857362270355,2080.0,0.0,464.3824215903878,6.852246932685375,2080.0,0.0,0.8307692307692308,0.0,,0.0,0.0,0.0,0.0,0.006167783638674761
abc,mansimiliar,272,272,1312,1312,10,261,9,260,1,0,1,2,1,2,8,0,2,166,166,0,272,0,7.517147151164714,3393,261,2,369,369,0,1,1,0,0,349.932220518589,0.0,1088.0,0.0,361.13257144391537,0.0,1088.0,0.0,0.9595588235294118,0.1111111111111111,0.0,0.0038461538461538464,0.2,0.0,0.0,0.005729532889607251
abc,mantostartcar,122,122,599,599,0,122,0,122,0,0,0,0,0,0,0,0,0,83,83,0,122,0,0.6150249568216763,1550,122,0,155,155,0,0,0,0,0,145.38464963436127,0.0,488.0,0.0,152.0354830995202,0.0,488.0,0.0,1.0,,,0.0,,0.0,0.0,0.0010267528494518803
abc,midblkgirl,352,352,1628,1628,0,347,0,347,0,0,0,0,0,0,0,0,0,270,270,0,352,0,3.3913608359306853,4250,347,0,649,649,0,0,0,0,0,614.0709883570671,0.0,1408.0,0.0,633.9766948074102,0.0,1408.0,0.0,0.9857954545454546,,,0.0,,0.0,0.0,0.0020831454766159
abc,midboyNo_9,7257,7257,35785,35785,1625,5687,1624,5426,260,3,3,260,11,2,1625,0,0,5492,5492,951,7257,1491,1326.4942613366964,93187,5875,149,13084,13084,2213,15,15,5,4,12396.665800318122,2109.401346936822,29028.0,6044.019655760209,12724.364345632493,2149.8109842687845,29028.0,6072.411863767196,0.7836571586054843,0.16009852216748768,0.011538461538461539,0.0005528934758569849,0.16,0.17316096139839768,0.20545680033071517,0.03706844379870606
abc,middrillmaster,663,663,3112,3112,392,306,392,264,42,0,0,42,0,0,392,0,0,108,108,36,663,388,249.02930809729406,8100,360,37,246,246,85,2,2,0,1,235.41275183856487,81.6161007732153,2652.0,1481.6488204038164,239.7746660709381,82.77524963021278,2652.0,1432.032505566364,0.46153846153846156,0.10714285714285714,0.0,0.0,0.10714285714285714,0.3333333333333333,0.5852187028657617,0.08002227123949038
abc,midgreyboyrunningcoming,3225,3225,15545,15545,438,2726,437,2599,124,2,3,125,10,3,439,1,0,2103,2103,71,3225,373,346.26465758015297,40330,2815,63,4896,4896,182,11,11,3,0,4691.558930203319,174.5115235298872,12900.0,1474.674360424199,4762.518163740635,177.05873861163855,12900.0,1457.499179045245,0.8452713178294574,0.2837528604118993,0.016129032258064516,0.0011542901115813775,0.2853881278538813,0.03376129339039467,0.11565891472868217,0.02227498601351901
abc,midof3girls,438,438,2109,2109,167,262,165,259,3,0,1,4,4,1,167,0,0,167,167,14,438,40,80.48443258720835,5542,273,6,395,395,37,6,6,1,1,374.7466308027506,35.4716484695673,1752.0,114.77659482392858,386.76217599213123,36.34905452281237,1752.0,103.11222653251869,0.5981735159817352,0.01818181818181818,0.0,0.003861003861003861,0.023952095808383235,0.08383233532934131,0.091324200913242,0.038162367277007274
abc,midredboy,7308,7293,35949,36024,1562,5748,1562,5469,274,3,2,273,17,1,1562,0,0,5187,5187,840,7293,1594,1291.4674575210547,93821,5908,108,11940,11940,1932,33,33,11,3,11421.599693894386,1848.537179902196,29172.0,6301.268076006954,11656.272763311863,1883.493552096188,29172.0,6177.499437934378,0.7881530234471411,0.17541613316261204,0.010948905109489052,0.00036569756811117204,0.17477592829705504,0.16194331983805668,0.2185657479775127,0.035924989777770026
abc,midrunboywithwhite,441,441,2055,2055,211,269,203,226,43,0,8,51,19,1,211,0,0,8,8,0,441,0,56.65246596827047,5456,284,34,13,13,0,23,23,2,2,12.474778488278389,0.0,1764.0,0.0,12.718121461570263,0.0,1764.0,0.0,0.6099773242630385,0.21182266009852216,0.0,0.035398230088495575,0.24170616113744076,0.0,0.0,0.02756810996022894
abc,minibus,77,77,379,379,0,77,0,77,0,0,0,0,0,0,0,0,0,77,77,0,77,0,1.0700037865422984,971,77,0,174,174,0,0,0,0,0,163.02112379670143,0.0,308.0,0.0,169.08524119108915,0.0,308.0,0.0,1.0,,,0.0,,0.0,0.0,0.0028232289882382544
abc,minibusgoes2left,213,213,980,980,14,192,13,182,9,0,1,10,1,0,14,0,0,139,139,0,213,0,7.632714117195397,2580,200,8,324,324,0,1,1,0,0,304.35677079856396,0.0,852.0,0.0,309.71404913812876,0.0,852.0,0.0,0.9014084507042254,0.6923076923076923,0.0,0.005494505494505495,0.7142857142857143,0.0,0.0,0.007788483793056528
abc,moto,253,253,1253,1253,0,253,0,253,0,0,0,0,0,0,0,0,0,212,212,0,253,0,2.0450807952393406,3254,253,0,501,501,0,0,0,0,0,477.8978006243706,0.0,1012.0,0.0,488.1827227398753,0.0,1012.0,0.0,1.0,,,0.0,,0.0,0.0,0.0016321474822341105
abc,motocomeonlight,83,83,386,386,0,83,0,83,0,0,0,0,0,0,0,0,0,20,20,0,83,0,0.7169278378164144,1015,83,0,34,34,2,0,0,0,0,31.80600017309189,1.8658127039670944,332.0,0.0,33.26449552178383,1.9197618812322617,332.0,0.0,1.0,,,0.0,,0.0,0.0,0.001857326004705737
abc,motogoesaloongS,126,126,569,569,0,126,0,126,0,0,0,0,0,0,0,0,0,61,61,0,126,0,0.6450253608618256,1486,126,0,127,127,1,0,0,0,0,118.32247863709927,0.9618230760097504,504.0,0.0,123.04669845104218,0.9766439944505692,504.0,0.0,1.0,,,0.0,,0.0,0.0,0.0011336122335005722
abc,mototaking2boys306,305,305,1222,1222,34,217,34,215,2,0,0,2,1,1,34,0,0,91,91,0,305,0,21.120881837237768,3316,228,0,212,212,0,4,4,0,0,199.91245110332966,0.0,1220.0,0.0,204.1891946196556,0.0,1220.0,0.0,0.7114754098360656,0.058823529411764705,0.0,0.0,0.058823529411764705,0.0,0.0,0.01728386402392616
abc,mototurneast,121,121,572,572,0,121,0,121,0,0,0,0,0,0,0,0,0,121,121,0,121,0,1.2213708289985843,1499,121,0,292,292,0,0,0,0,0,273.96056523919106,0.0,484.0,0.0,286.1560305431485,0.0,484.0,0.0,1.0,,,0.0,,0.0,0.0,0.002135263687060462
abc,motowithbluetop,94,94,448,448,0,94,0,94,0,0,0,0,0,0,0,0,0,63,63,0,94,0,1.4870407394487641,1174,94,0,129,129,0,0,0,0,0,121.072694465518,0.0,376.0,0.0,126.56494331359863,0.0,376.0,0.0,1.0,,,0.0,,0.0,0.0,0.0033192873648409914
abc,pingpingpad3,807,807,3915,3915,11,784,11,784,0,0,0,0,0,0,11,0,0,542,542,0,807,0,16.166258121563974,10198,787,1,1287,1287,0,1,1,0,0,1220.494466677308,0.0,3228.0,0.0,1252.495471060276,0.0,3228.0,0.0,0.9714993804213135,0.0,,0.0,0.0,0.0,0.0,0.004129312419301143
abc,pinkwithblktopcup,1269,1269,5023,5023,487,973,464,759,211,2,23,232,30,2,487,0,0,11,11,0,1269,0,263.4672588762562,13426,1052,250,55,55,4,30,30,5,7,52.54753291606903,3.8299386352300644,5076.0,0.0,53.57029839605093,3.897009737789631,5076.0,0.0,0.7667454688731284,0.4547413793103448,0.009478672985781991,0.030303030303030304,0.47638603696098564,0.0,0.0,0.05245217178504006
abc,raincarturn,333,333,1517,1517,0,333,0,333,0,0,0,0,0,0,0,0,0,273,273,0,333,0,2.145012049215931,3937,333,0,647,647,0,0,0,0,0,604.46461828053,0.0,1332.0,0.0,634.0868487581611,0.0,1332.0,0.0,1.0,,,0.0,,0.0,0.0,0.0014139828933526241
abc,rainycarcome_ab,156,156,715,715,0,156,0,156,0,0,0,0,0,0,0,0,0,131,131,0,156,0,3.9154273777546065,1916,156,0,292,292,0,0,0,0,0,272.82461063563824,0.0,624.0,0.0,287.1391884610057,0.0,624.0,0.0,1.0,,,0.0,,0.0,0.0,0.0054761222066498
abc,redboygoright,149,149,662,662,3,134,4,134,0,0,0,0,1,0,3,0,0,14,14,1,149,1,4.217469526446909,1726,137,0,40,40,3,1,1,0,0,37.96289540827274,2.864575609564781,596.0,16.175791911889306,38.99823670834303,2.9402999207377434,596.0,13.702493272771495,0.8993288590604027,0.0,,0.0,0.0,0.07142857142857142,0.006711409395973154,0.006370799888892611
abc,redcarcominginlight,261,261,1304,1304,0,261,0,261,0,0,0,0,0,0,0,0,0,261,261,0,261,0,1.6275286204952772,3380,261,0,658,658,0,0,0,0,0,608.3019328117371,0.0,1044.0,0.0,636.0309409275651,0.0,1044.0,0.0,1.0,,,0.0,,0.0,0.0,0.001248104770318464
abc,redetricycle,103,103,515,515,0,103,0,103,0,0,0,0,0,0,0,0,0,67,67,0,103,0,3.054081331389181,1331,103,0,144,144,0,0,0,0,0,136.49994905292988,0.0,412.0,0.0,139.32477017492056,0.0,412.0,0.0,1.0,,,0.0,,0.0,0.0,0.0059302550124061765
abc,redmidboy,661,661,3183,3183,87,563,87,516,47,0,0,47,1,0,87,0,0,0,0,0,661,0,78.9677310184286,8300,622,50,2,2,0,7,7,1,3,1.8418186455965042,0.0,2644.0,0.0,1.947244793176651,0.0,2644.0,0.0,0.8517397881996974,0.5402298850574713,0.0,0.0,0.5402298850574713,,0.0,0.024809214897401382
abc,redroadlatboy,729,729,3637,3637,393,336,393,334,2,1,1,2,18,3,393,0,0,225,225,0,729,0,157.4324164196619,9487,354,11,479,479,2,10,10,1,2,449.7505753040314,1.8906969279050827,2916.0,0.0,466.4387219771743,1.912854827940464,2916.0,0.0,0.4609053497942387,0.005089058524173028,0.5,0.0029940119760479044,0.005089058524173028,0.0,0.0,0.043286339406010975
abc,redtricycle,167,167,722,722,0,144,0,144,0,0,0,0,0,0,0,0,0,100,100,0,167,0,8.282426492788456,1961,144,0,231,231,0,0,0,0,0,218.1710605919361,0.0,668.0,0.0,226.05133658647537,0.0,668.0,0.0,0.8622754491017964,,,0.0,,0.0,0.0,0.011471504837657142
abc,right2ndflagformath,1749,1749,7878,7878,1098,835,1098,558,276,10,9,275,28,5,1095,0,3,27,27,25,1749,28,511.94754641053595,20791,955,250,51,51,42,28,28,4,7,47.700182527303696,39.23489089310169,6996.0,91.62309381699451,50.12064857035875,41.28740433603525,6996.0,80.54449290237297,0.4774156660949114,0.25136612021857924,0.036231884057971016,0.016129032258064516,0.25045537340619306,0.9259259259259259,0.016009148084619784,0.06498445625927088
abc,right5thflag,1915,1898,8941,9026,567,1361,581,1203,154,14,9,149,52,2,568,0,0,8,7,0,1898,0,361.92488965121436,23568,1572,274,60,59,2,31,29,8,8,55.62891460955143,1.8874238729476929,7592.0,0.0,57.59594778716564,1.963247038424015,7592.0,0.0,0.7170706006322445,0.26506024096385544,0.09090909090909091,0.007481296758104738,0.26278659611992944,0.0,0.0,0.04047924053810696
abc,rightbike,224,224,1028,1028,25,189,26,187,2,1,0,1,1,0,25,0,0,114,114,0,224,0,16.54762048804941,2741,208,18,286,286,0,3,3,1,1,268.97035436332226,0.0,896.0,0.0,276.5529810860753,0.0,896.0,0.0,0.84375,0.07692307692307693,0.5,0.0,0.04,0.0,0.0,0.01609690708954223
abc,rightbike-gai,415,415,1875,1875,0,392,0,392,0,0,0,0,0,0,0,0,0,248,248,0,415,0,9.087073920889061,4953,399,0,591,591,0,4,4,0,0,558.5876011103392,0.0,1660.0,0.0,570.3018675521016,0.0,1660.0,0.0,0.944578313253012,,,0.0,,0.0,0.0,0.004846439424474166
abc,rightblkboy4386,4385,4385,21925,21925,919,3554,922,3209,340,4,1,337,5,1,920,1,0,3759,3759,791,4385,895,1028.8436464422498,56921,3727,61,8075,8075,1610,5,5,1,2,7655.980508461595,1536.0781638920307,17540.0,3623.8735838854986,7805.545402020216,1558.6073682680726,17540.0,3636.1147904895292,0.8104903078677309,0.368763557483731,0.011764705882352941,0.0003116235587410408,0.36670293797606096,0.21042830540037244,0.20410490307867732,0.04692559390842645
abc,rightblkboystand,278,277,1263,1268,0,254,0,254,0,0,0,0,0,0,0,0,0,197,196,0,276,0,5.705559886408977,3378,255,0,411,408,0,0,0,0,0,386.1183586269617,0.0,1103.788554766444,0.0,393.85221116244793,0.0,1103.7687204576907,0.0,0.9169675090252708,,,0.0,,0.0,0.0,0.004517466260022944
abc,rightblkfatboyleftwhite,385,385,1917,1917,0,383,0,383,0,0,0,0,0,0,0,0,0,145,145,0,385,0,17.431342243581753,4938,383,0,309,309,0,0,0,0,0,296.0295660942793,0.0,1540.0,0.0,301.65062476694584,0.0,1540.0,0.0,0.9948051948051948,,,0.0,,0.0,0.0,0.009093031947616981
abc,rightbluewhite,352,352,1677,1677,0,348,0,348,0,0,0,0,0,0,0,0,0,303,303,0,352,0,16.112861211074538,4368,349,0,685,685,0,0,0,0,0,644.6202213764191,0.0,1408.0,0.0,669.2795334383845,0.0,1408.0,0.0,0.9886363636363636,,,0.0,,0.0,0.0,0.009608146220080225
abc,rightbottlecomes,1387,1387,5103,5103,580,665,585,524,138,11,6,134,20,5,581,3,2,2,2,0,1387,0,200.23413950566322,14103,779,149,2,2,0,36,36,6,2,1.9133158326148987,0.0,5548.0,0.0,1.9663106203079224,0.0,5548.0,0.0,0.4794520547945205,0.2358974358974359,0.07971014492753623,0.011450381679389313,0.23103448275862068,0.0,0.0,0.03923851450238355
abc,rightboy504,503,503,2286,2286,4,491,5,487,3,1,0,2,1,0,4,0,0,121,121,0,503,0,9.902311505964533,5956,494,0,292,292,0,0,0,0,0,280.6305054873228,0.0,2012.0,0.0,284.7536573112011,0.0,2012.0,0.0,0.9761431411530815,0.6,0.3333333333333333,0.0,0.5,0.0,0.0,0.004331719818882123
abc,rightcameraman,1049,1049,4780,4780,111,918,110,916,1,0,0,1,1,1,111,0,0,574,574,0,1049,0,23.70389952363204,12607,943,21,1252,1252,0,6,6,1,0,1193.9067186713219,0.0,4196.0,0.0,1229.9958732500672,0.0,4196.0,0.0,0.8751191611058151,0.00909090909090909,0.0,0.0,0.009009009009009009,0.0,0.0,0.004958974795738921
abc,rightcar-chongT,560,560,2511,2511,320,175,319,169,4,0,0,4,11,5,320,0,0,142,142,137,560,429,154.27713179981316,6679,189,5,350,350,340,21,21,0,1,330.0664318948984,320.5281337350607,2240.0,1700.2069272462832,334.1476407125592,324.6639717668295,2240.0,1695.537570519638,0.3125,0.012539184952978056,0.0,0.0,0.0125,0.9647887323943662,0.7660714285714286,0.061440514456317465
abc,rightcomingstrongboy,603,603,2555,2555,306,302,306,294,8,1,1,8,8,1,307,1,0,56,56,0,603,0,67.8243028629474,6856,315,3,131,131,0,20,20,0,0,125.51331914961338,0.0,2412.0,0.0,128.56823042035103,0.0,2412.0,0.0,0.5008291873963516,0.026143790849673203,0.125,0.003401360544217687,0.026143790849673203,0.0,0.0,0.026545715406241645
abc,rightdarksingleman,1132,1132,5243,5243,353,740,353,740,0,0,0,0,1,2,353,0,0,0,0,0,1132,0,66.90868420883338,13858,750,1,1,1,0,13,13,0,1,0.8348632901906967,0.0,4528.0,0.0,0.9666693583130836,0.0,4528.0,0.0,0.6537102473498233,0.0,,0.0,0.0,,0.0,0.012761526646735338
abc,rightgirltakingcup,667,667,3227,3227,617,75,616,47,27,1,3,29,24,3,616,0,1,4,4,0,667,0,191.06002736772095,8487,139,9,12,12,0,30,30,1,1,11.134674474596977,0.0,2668.0,0.0,11.784159190952778,0.0,2668.0,0.0,0.11244377811094453,0.04383116883116883,0.037037037037037035,0.06382978723404255,0.04700162074554295,0.0,0.0,0.05920670200425192
abc,rightwaiter1_quezhen,307,307,1441,1441,40,269,41,247,21,2,1,20,3,2,40,1,1,162,162,0,307,0,25.77434561039599,3764,278,8,348,348,0,3,3,0,1,330.1407522112131,0.0,1228.0,0.0,336.951130323112,0.0,1228.0,0.0,0.8762214983713354,0.5121951219512195,0.09523809523809523,0.004048582995951417,0.5,0.0,0.0,0.01788642998639555
abc,runningcameragirl,385,385,1643,1643,225,168,228,143,24,3,1,22,6,4,226,1,1,52,52,0,385,0,88.78666425030812,4372,187,22,99,99,0,10,10,2,3,95.64846111834049,0.0,1540.0,0.0,97.12304414063692,0.0,1540.0,0.0,0.43636363636363634,0.10526315789473684,0.125,0.006993006993006993,0.09777777777777778,0.0,0.0,0.0540393574256288
abc,shinybikeboy2left,831,831,3624,3624,214,336,211,319,15,0,3,18,7,5,213,0,1,0,0,0,831,0,44.41182949798617,9664,368,19,10,10,0,23,23,2,0,9.339385852217674,0.0,3324.0,0.0,9.70928380638361,0.0,3324.0,0.0,0.4043321299638989,0.07109004739336493,0.0,0.009404388714733543,0.08411214953271028,,0.0,0.012254919839400157
abc,shinycarcoming,358,358,1687,1687,48,274,50,272,2,1,0,1,2,2,49,1,0,183,183,0,358,0,14.531022516026702,4416,285,0,459,459,0,6,6,0,0,431.7928692102432,0.0,1432.0,0.0,437.063086822629,0.0,1432.0,0.0,0.7653631284916201,0.04,0.5,0.0,0.020833333333333332,0.0,0.0,0.008613528462375045
abc,shinycarcoming2,601,601,2752,2752,47,499,46,492,7,0,1,8,3,0,47,0,0,182,182,13,601,22,46.56926593092727,7337,513,8,463,463,35,10,10,1,1,436.5384958088398,32.9971863925457,2404.0,86.31369606594257,441.6099777817726,33.8255410939455,2404.0,82.15746477809557,0.8302828618968386,0.15217391304347827,0.0,0.0020325203252032522,0.1702127659574468,0.07142857142857142,0.036605657237936774,0.01692197163187764
abc,silvercarturn,200,200,997,997,0,200,0,200,0,0,0,0,0,0,0,0,0,200,200,0,200,0,0.7475079526729751,2589,200,0,500,500,0,0,0,0,0,464.095485791564,0.0,800.0,0.0,487.652356877923,0.0,800.0,0.0,1.0,,,0.0,,0.0,0.0,0.0007497572243460131
abc,small-gai,661,661,2987,2987,5,648,5,647,1,0,0,1,0,0,5,0,0,543,543,0,661,0,5.668573968927303,7824,649,0,1228,1228,0,1,1,0,0,1167.175612166524,0.0,2644.0,0.0,1202.057269372046,0.0,2644.0,0.0,0.9803328290468987,0.2,0.0,0.0,0.2,0.0,0.0,0.0018977482319810187
abc,standblkboy,682,682,3399,3399,0,677,0,677,0,0,0,0,0,0,0,0,0,531,531,0,682,0,6.397316220291865,8843,677,0,1305,1305,0,0,0,0,0,1226.2346827238798,0.0,2728.0,0.0,1265.647537253797,0.0,2728.0,0.0,0.9926686217008798,,,0.0,,0.0,0.0,0.0018821171580735113
abc,swan_0109,663,663,2645,2645,0,595,0,595,0,0,0,0,0,0,0,0,0,0,0,0,663,0,11.342515059327098,7202,604,0,0,0,0,0,0,0,0,0.0,0.0,2652.0,0.0,0.0,0.0,2652.0,0.0,0.8974358974358975,,,0.0,,,0.0,0.00428828546666431
abc,truckgonorth,151,151,732,732,2,83,2,83,0,0,0,0,0,0,2,0,0,131,131,0,151,0,19.74692963290653,1903,94,0,298,298,3,1,1,0,0,275.79659074544907,2.780248999595642,604.0,0.0,292.58196268230677,2.942979134619236,604.0,0.0,0.5496688741721855,0.0,,0.0,0.0,0.0,0.0,0.026976679826375038
abc,turning1strowleft2ndboy,1170,1170,5638,5638,702,586,690,465,120,9,22,133,42,12,701,0,3,2,2,0,1170,0,232.71243966772795,14881,684,147,2,2,0,66,66,2,7,1.8995422720909119,0.0,4680.0,0.0,1.9665789529681206,0.0,4680.0,0.0,0.5008547008547009,0.17391304347826086,0.075,0.047311827956989246,0.18945868945868946,0.0,0.0,0.04127570763883078
abc,umbreboyoncall,191,191,954,954,0,191,0,191,0,0,0,0,0,0,0,0,0,165,165,0,191,0,1.1320427831189652,2460,191,0,358,358,1,0,0,0,0,337.27590300142765,0.9453041106462479,764.0,0.0,349.4858310818672,0.9707526117563248,764.0,0.0,1.0,,,0.0,,0.0,0.0,0.0011866276552609698
abc,umbrella,318,318,1501,1501,49,258,48,250,8,0,1,9,2,2,50,1,0,0,0,0,318,0,33.18258407222061,3892,269,10,0,0,0,11,11,2,2,0.0,0.0,1272.0,0.0,0.0,0.0,1272.0,0.0,0.8113207547169812,0.16666666666666666,0.0,0.004,0.1836734693877551,,0.0,0.022106984724997072
abc,umbrellabyboy,474,474,2239,2239,4,448,4,448,0,0,0,0,0,0,4,0,0,112,112,0,474,0,8.31734946195413,5844,450,0,216,216,0,0,0,0,0,205.1324707120657,0.0,1896.0,0.0,212.10954873263836,0.0,1896.0,0.0,0.9451476793248945,0.0,,0.0,0.0,0.0,0.0,0.0037147608137356545
abc,umbrellawillbefold,565,565,2707,2707,24,489,24,480,9,0,0,9,1,0,24,0,0,294,294,0,565,0,23.582941847937526,7055,496,14,675,675,0,5,5,2,0,631.3123754262924,0.0,2260.0,0.0,658.7437332347035,0.0,2260.0,0.0,0.8654867256637168,0.375,0.0,0.0,0.375,0.0,0.0,0.008711836663442012
abc,umbrellawillopen,489,489,2325,2325,55,429,55,429,0,0,0,0,0,0,55,0,0,338,338,0,489,0,17.05325380323972,6071,442,11,765,765,0,3,3,1,0,708.9587771892548,0.0,1956.0,0.0,747.6392663568258,0.0,1956.0,0.0,0.8773006134969326,0.0,,0.0,0.0,0.0,0.0,0.007334732818597729
abc,waitresscoming,679,679,3328,3328,0,678,0,678,0,0,0,0,0,0,0,0,0,569,569,0,679,0,21.754246420297285,8660,678,0,1252,1252,0,0,0,0,0,1188.9532354921103,0.0,2716.0,0.0,1209.5273375064135,0.0,2716.0,0.0,0.9985272459499264,,,0.0,,0.0,0.0,0.006536732698406636
abc,whitebikebelow,565,565,2719,2719,53,463,57,453,10,5,1,6,11,0,53,0,0,36,36,0,565,0,15.900492488083666,7094,467,6,94,94,0,4,4,1,1,88.23203468322754,0.0,2260.0,0.0,91.74784330278635,0.0,2260.0,0.0,0.8194690265486726,0.17543859649122806,0.5,0.002207505518763797,0.11320754716981132,0.0,0.0,0.005847919267408483
abc,whiteboyrightcoccergoal,690,690,3308,3308,91,625,94,591,34,3,0,31,4,0,91,0,0,5,5,0,690,0,74.43318671405086,8602,642,32,29,29,0,10,10,3,4,27.697754308581352,0.0,2760.0,0.0,28.381035961210728,0.0,2760.0,0.0,0.9057971014492754,0.3617021276595745,0.08823529411764706,0.0,0.34065934065934067,0.0,0.0,0.022500963335565557
abc,whitecarcomeinrain,83,83,412,412,0,83,0,83,0,0,0,0,0,0,0,0,0,83,83,0,83,0,0.29417359292471534,1060,83,0,202,202,1,0,0,0,0,188.34202452003956,0.9295256584882736,332.0,0.0,198.11600004136562,0.9796869829297066,332.0,0.0,1.0,,,0.0,,0.0,0.0,0.0007140135750599887
abc,whitecarturn683,682,682,3400,3400,125,552,124,549,3,0,0,3,4,1,125,0,0,456,456,8,682,44,43.55838238317425,8835,561,7,1110,1110,20,9,9,4,1,1040.3209339231253,18.7585611641407,2728.0,156.3471405258714,1063.6713660508394,19.29689846932888,2728.0,148.44526888336378,0.8093841642228738,0.024193548387096774,0.0,0.0,0.024,0.017543859649122806,0.06451612903225806,0.01281128893622772
abc,whitecarturnleft,56,56,280,280,0,56,0,56,0,0,0,0,0,0,0,0,0,56,56,0,56,0,0.946175319318154,719,56,0,144,144,0,0,0,0,0,132.67053543031216,0.0,224.0,0.0,140.8610164746642,0.0,224.0,0.0,1.0,,,0.0,,0.0,0.0,0.003379197568993407
abc,whitecarturnright,102,102,496,496,0,102,0,102,0,0,0,0,0,0,0,0,0,90,90,0,102,0,1.8649808057857191,1292,102,0,212,212,0,0,0,0,0,194.2010941952467,0.0,408.0,0.0,203.5229045972228,0.0,408.0,0.0,1.0,,,0.0,,0.0,0.0,0.0037600419471486273
abc,whitefardown,66,66,295,295,4,51,4,51,0,0,0,0,0,0,4,0,0,0,0,0,66,0,1.9285713859142,779,51,0,0,0,0,3,3,0,0,0.0,0.0,264.0,0.0,0.0,0.0,264.0,0.0,0.7727272727272727,0.0,,0.0,0.0,,0.0,0.006537530121743051
abc,whitefargirl,154,154,735,735,37,119,33,115,4,0,2,6,6,0,37,0,0,0,0,0,154,0,24.590058159746157,1947,131,8,2,2,0,4,4,1,2,1.8867491334676743,0.0,616.0,0.0,1.9261539205908775,0.0,616.0,0.0,0.7727272727272727,0.12121212121212122,0.0,0.017391304347826087,0.16216216216216217,,0.0,0.033455861441831505
abc,whitegirlinlight,588,588,2798,2798,384,189,384,189,0,0,0,0,0,0,384,0,0,118,118,0,588,0,197.58618152630876,7312,289,95,302,302,3,5,5,1,1,291.9303506165743,2.9209288507699966,2352.0,0.0,294.13804008066654,2.944203346967697,2352.0,0.0,0.32142857142857145,0.0,,0.0,0.0,0.0,0.0,0.0706169340694456
abc,whitegirltakingchopsticks,548,548,2266,2266,61,485,61,473,12,0,0,12,0,0,61,0,0,152,152,0,548,0,26.9475988986593,6156,500,7,387,387,0,7,7,1,0,364.15829686820507,0.0,2192.0,0.0,376.10249093174934,0.0,2192.0,0.0,0.885036496350365,0.19672131147540983,0.0,0.0,0.19672131147540983,0.0,0.0,0.011892144262426876
abc,whiteofboys,202,202,964,964,50,188,39,157,30,3,14,41,17,4,48,1,3,0,0,0,202,0,33.94582977696676,2530,194,32,0,0,0,10,10,2,1,0.0,0.0,808.0,0.0,0.0,0.0,808.0,0.0,0.9306930693069307,0.7692307692307693,0.1,0.08917197452229299,0.82,,0.0,0.03521351636614809
abc,whiteridingbike,424,424,2057,2057,92,255,92,252,3,0,0,3,1,2,92,0,0,42,42,0,424,0,18.350667149426137,5342,260,5,82,82,0,9,9,1,0,78.26194660365582,0.0,1696.0,0.0,79.69726882129908,0.0,1696.0,0.0,0.6014150943396226,0.03260869565217391,0.0,0.0,0.03260869565217391,0.0,0.0,0.008921082717270849
abc,whiterunningboy,345,345,1660,1660,113,288,114,231,57,2,1,56,3,2,112,0,1,169,169,7,345,53,86.32289461459327,4337,315,42,366,366,13,3,3,1,0,349.3170913606882,12.29853093624115,1380.0,161.78885527513293,358.88981568068266,12.757809989154339,1380.0,139.8771544236547,0.8347826086956521,0.5,0.03508771929824561,0.004329004329004329,0.49557522123893805,0.04142011834319527,0.1536231884057971,0.052001743743730885
abc,whiteskirtgirlcomingfromgoal,817,817,3488,3488,393,418,394,392,23,2,2,23,11,6,393,1,0,153,153,0,817,0,85.92470026201171,9370,463,26,363,363,0,30,30,3,1,347.50395143032074,0.0,3268.0,0.0,356.54554142802954,0.0,3268.0,0.0,0.5116279069767442,0.0583756345177665,0.08695652173913043,0.00510204081632653,0.058524173027989825,0.0,0.0,0.024634375075118037
abc,whitesuvturn,136,136,671,671,0,136,0,136,0,0,0,0,0,0,0,0,0,136,136,0,136,0,0.8495976537186276,1736,136,0,335,335,0,0,0,0,0,316.12514109909534,0.0,544.0,0.0,328.3778127729893,0.0,544.0,0.0,1.0,,,0.0,,0.0,0.0,0.0012661663989845418
abc,womanback2car,94,94,440,440,0,93,0,93,0,0,0,0,0,0,0,0,0,19,19,0,94,0,2.080823421282298,1160,93,0,51,51,0,0,0,0,0,48.32835738360882,0.0,376.0,0.0,49.91599126160145,0.0,376.0,0.0,0.9893617021276596,,,0.0,,0.0,0.0,0.00472914413927795
abc,yellowgirl118,117,117,479,479,41,57,41,55,1,0,0,1,0,0,41,0,0,0,0,0,117,0,4.697774810578029,1323,60,0,0,0,0,3,3,0,0,0.0,0.0,468.0,0.0,0.0,0.0,468.0,0.0,0.48717948717948717,0.024390243902439025,0.0,0.0,0.024390243902439025,,0.0,0.009807463070100268
abc,yellowskirt,360,360,1764,1764,0,359,0,359,0,0,0,0,0,0,0,0,0,271,271,0,360,0,4.024329463734764,4578,359,0,545,545,0,0,0,0,0,512.6562386453152,0.0,1440.0,0.0,531.7344759553671,0.0,1440.0,0.0,0.9972222222222222,,,0.0,,0.0,0.0,0.0022813659091466916
