variant,sequence,frame_zero_based,region,candidate,searched_region,extra_executed,pause,gt_known,same_state_c1_iou,selected_iou
prefix_own_s42_no_search_raw_write,3whitemen,22,0,2,0,False,False,True,0.12642641541783656,0.16419552020742922
prefix_own_s42_no_search_raw_write,3whitemen,44,0,1,0,False,False,True,0.0,0.5153896087215876
prefix_own_s42_no_search_raw_write,3whitemen,47,0,1,0,False,False,True,0.0888194395923912,0.30609308938549024
prefix_own_s42_no_search_raw_write,3whitemen,52,0,1,0,False,False,True,0.7485696194697207,0.07317254094681862
prefix_own_s42_no_search_raw_write,3whitemen,102,0,1,0,False,False,True,0.8373720884258258,0.0
prefix_own_s42_no_search_raw_write,3whitemen,109,0,1,0,False,False,True,0.0,0.08211451026754553
prefix_own_s42_no_search_raw_write,3whitemen,110,0,2,0,False,False,True,0.0,0.520762815849869
prefix_own_s42_no_search_raw_write,3whitemen,139,0,1,0,False,False,True,0.6000876514719168,0.0
prefix_own_s42_no_search_raw_write,3whitemen,144,0,1,0,False,False,True,0.0,0.3757257638983116
prefix_own_s42_no_search_raw_write,3whitemen,154,0,1,0,False,False,True,0.19899112481865475,0.0
prefix_own_s42_no_search_raw_write,3whitemen,156,0,1,0,False,False,True,0.0,0.22699609730686496
prefix_own_s42_no_search_raw_write,3whitemen,157,0,2,0,False,False,True,0.25649975956814275,0.0
prefix_own_s42_no_search_raw_write,3whitemen,158,0,1,0,False,False,True,0.0,0.6084572564881989
prefix_own_s42_no_search_raw_write,3whitemen,159,0,0,0,False,False,True,0.1965367845747772,0.0
prefix_own_s42_no_search_raw_write,3whitemen,160,0,1,0,False,False,True,0.0,0.654532503371543
prefix_own_s42_no_search_raw_write,3whitemen,167,0,2,0,False,False,True,0.15557452326236895,0.0
prefix_own_s42_no_search_raw_write,3whitemen,168,0,0,0,False,False,True,0.0,0.074920588436052
prefix_own_s42_no_search_raw_write,3whitemen,170,0,0,0,False,False,True,0.7920056712426173,0.043566047975911765
prefix_own_s42_no_search_raw_write,3whitemen,177,0,1,0,False,False,True,0.018411056379275856,0.7649348235443021
prefix_own_s42_no_search_raw_write,3whitemen,178,0,1,0,False,False,True,0.40055224858572197,0.0
prefix_own_s42_no_search_raw_write,3whitemen,186,0,1,0,False,False,True,0.0,0.3252104470481423
prefix_own_s42_no_search_raw_write,3whitemen,189,0,1,0,False,False,True,0.0,0.6745314456694212
prefix_own_s42_no_search_raw_write,3whitemen,194,0,1,0,False,False,True,0.249709291221529,0.4246221272499895
prefix_own_s42_no_search_raw_write,3whitemen,226,0,1,0,False,False,True,0.0,0.6834135595582385
prefix_own_s42_no_search_raw_write,3whitemen,227,0,1,0,False,False,True,0.6098109185135844,0.09869763380264682
prefix_own_s42_no_search_raw_write,3whitemen,247,0,1,0,False,False,True,0.0,0.12042096303476568
prefix_own_s42_no_search_raw_write,3whitemen,270,0,1,0,False,False,True,0.0,0.65963239874478
prefix_own_s42_no_search_raw_write,3whitemen,271,0,1,0,False,False,True,0.44864417078598645,0.0
prefix_own_s42_no_search_raw_write,3whitemen,272,0,2,0,False,False,True,0.0,0.0
prefix_own_s42_no_search_raw_write,3whitemen,273,0,1,0,False,False,True,0.0,0.6548388068505174
prefix_own_s42_no_search_raw_write,3whitemen,274,0,1,0,False,False,True,0.5648994449987581,0.026603307593924593
prefix_own_s42_no_search_raw_write,3whitemen,276,0,1,0,False,False,True,0.0,0.5451656952068773
prefix_own_s42_no_search_raw_write,3whitemen,277,0,2,0,False,False,True,0.5971700602466629,0.004491621347977757
prefix_own_s42_no_search_raw_write,3whitemen,282,0,1,0,False,False,True,0.0,0.4640288281060512
prefix_own_s42_no_search_raw_write,3whitemen,289,0,1,0,False,False,True,0.44741924709320147,0.0768448098343533
prefix_own_s42_no_search_raw_write,3whitemen,291,0,1,0,False,False,True,0.579593625473727,0.0
prefix_own_s42_no_search_raw_write,3whitemen,297,0,1,0,False,False,True,0.020678055776773684,0.5757960919251595
prefix_own_s42_no_search_raw_write,3whitemen,303,0,1,0,False,False,True,0.0,0.4898590992441173
prefix_own_s42_no_search_raw_write,3whitemen,309,0,1,0,False,False,True,0.8181870943287969,0.0
prefix_own_s42_no_search_raw_write,3whitemen,310,0,0,0,False,False,True,0.0,0.5011381797578409
prefix_own_s42_no_search_raw_write,3whitemen,312,0,2,0,False,False,True,0.5433901446489263,0.0
prefix_own_s42_no_search_raw_write,3whitemen,313,0,1,0,False,False,True,0.0,0.0
prefix_own_s42_no_search_raw_write,3whitemen,333,0,2,0,False,False,True,0.04523482769811226,0.0
prefix_own_s42_no_search_raw_write,3whitemen,334,0,1,0,False,False,True,0.0,0.12070599269054566
prefix_own_s42_no_search_raw_write,3whitemen,336,0,1,0,False,False,True,0.028976968847651167,0.0
prefix_own_s42_no_search_raw_write,3whitemen,338,0,1,0,False,False,True,0.0,0.04032144017822243
prefix_own_s42_no_search_raw_write,3whitemen,371,0,1,0,False,False,True,0.0,0.0
prefix_own_s42_no_search_raw_write,3whitemen,372,0,2,0,False,False,True,0.0,0.0
prefix_own_s42_no_search_raw_write,3whitemen,373,0,1,0,False,False,True,0.0,0.010625563653097317
prefix_own_s42_no_search_raw_write,3whitemen,388,0,1,0,False,False,True,0.0,0.0
prefix_own_s42_no_search_raw_write,3whitemen,401,0,1,0,False,False,True,0.0,0.0
prefix_own_s42_no_search_raw_write,3whitemen,423,0,0,0,False,False,True,0.0,0.0
prefix_own_s42_no_search_raw_write,3whitemen,426,0,1,0,False,False,True,0.0,0.0
prefix_own_s42_no_search_raw_write,3whitemen,427,0,2,0,False,False,True,0.0,0.0
prefix_own_s42_no_search_raw_write,3whitemen,434,0,0,0,False,False,True,0.0,0.0
prefix_own_s42_no_search_raw_write,3whitemen,448,0,1,0,False,False,True,0.0,0.0
prefix_own_s42_no_search_raw_write,9whitegirl,88,0,0,0,False,False,True,0.0,0.8434266403636081
prefix_own_s42_no_search_raw_write,Aboydownbike,313,0,1,0,False,False,True,0.450040300725893,0.0
prefix_own_s42_no_search_raw_write,Aboydownbike,347,0,0,0,False,False,True,0.0,0.6740351225742328
prefix_own_s42_no_search_raw_write,Aboydownbike,419,0,1,0,False,False,True,0.056546842136844175,0.7413530868658668
prefix_own_s42_no_search_raw_write,Aboydownbike,529,0,0,0,False,False,True,0.884862438117248,0.0
prefix_own_s42_no_search_raw_write,Aboydownbike,530,0,1,0,False,False,True,0.0,0.7786781978735683
prefix_own_s42_no_search_raw_write,Aboydownbike,531,0,0,0,False,False,True,0.8320902595189125,0.0
prefix_own_s42_no_search_raw_write,Aboydownbike,534,0,0,0,False,False,True,0.8585001993685245,0.0
prefix_own_s42_no_search_raw_write,Aboydownbike,535,0,1,0,False,False,True,0.0,0.9388177601802461
prefix_own_s42_no_search_raw_write,Aboydownbike,541,0,0,0,False,False,True,0.9124223500505947,0.0
prefix_own_s42_no_search_raw_write,Aboydownbike,567,0,0,0,False,False,True,0.777070836347397,0.0
prefix_own_s42_no_search_raw_write,Aboydownbike,640,0,0,0,False,False,True,0.6485892939257873,0.0
prefix_own_s42_no_search_raw_write,Aboydownbike,708,0,2,0,False,False,True,0.0,0.022425991108956798
prefix_own_s42_no_search_raw_write,Aboydownbike,709,0,4,0,False,False,True,0.06159796318948766,0.045521840581420336
prefix_own_s42_no_search_raw_write,Aboydownbike,710,0,1,0,False,False,True,0.13229065471609366,0.02294476206705365
prefix_own_s42_no_search_raw_write,Aboydownbike,711,0,1,0,False,False,True,0.05813819941432043,0.0010928843569835672
prefix_own_s42_no_search_raw_write,Aboydownbike,712,0,1,0,False,False,True,0.0,0.0
prefix_own_s42_no_search_raw_write,Aboydownbike,713,0,1,0,False,False,True,0.0,0.0
prefix_own_s42_no_search_raw_write,Aboydownbike,714,0,1,0,False,False,True,0.0,0.0
prefix_own_s42_no_search_raw_write,Aboydownbike,715,0,4,0,False,False,True,0.0,0.0
prefix_own_s42_no_search_raw_write,Aboydownbike,720,0,2,0,False,False,True,0.31188402161172346,0.0
prefix_own_s42_no_search_raw_write,Aboydownbike,721,0,1,0,False,False,True,0.0,0.04791369612285922
prefix_own_s42_no_search_raw_write,Aboydownbike,722,0,2,0,False,False,True,0.12954505322347612,0.0
prefix_own_s42_no_search_raw_write,Aboydownbike,723,0,4,0,False,False,True,0.0,0.009497817349210808
prefix_own_s42_no_search_raw_write,Aboydownbike,725,0,3,0,False,False,True,0.16312912529464005,0.0
prefix_own_s42_no_search_raw_write,Aboydownbike,726,0,1,0,False,False,True,0.0,0.025536470613565548
prefix_own_s42_no_search_raw_write,Aboydownbike,729,0,1,0,False,False,True,0.6145080041484925,0.13207645920401748
prefix_own_s42_no_search_raw_write,ab_bolster,86,0,1,0,False,False,True,0.12280343732619213,0.24728703719954287
prefix_own_s42_no_search_raw_write,ab_bolster,923,0,1,0,False,False,True,0.14909827043665633,0.2559065978751246
prefix_own_s42_no_search_raw_write,ab_bolster,952,0,1,0,False,False,True,0.08451993402366238,0.01821989185352006
prefix_own_s42_no_search_raw_write,ab_bolster,955,0,2,0,False,False,True,0.0,0.4994748771156063
prefix_own_s42_no_search_raw_write,ab_bolster,1316,0,1,0,False,False,True,0.0,0.4172523144087681
prefix_own_s42_no_search_raw_write,ab_bolster,1864,0,1,0,False,False,True,0.0,0.3056493590518547
prefix_own_s42_no_search_raw_write,ab_bolster,1963,0,1,0,False,False,True,0.6378365292278051,0.020792110745067042
prefix_own_s42_no_search_raw_write,ab_bolster,2233,0,1,0,False,False,True,0.3250778865142511,0.0
prefix_own_s42_no_search_raw_write,ab_bolster,2264,0,2,0,False,False,True,0.0,0.0
prefix_own_s42_no_search_raw_write,ab_bolster,2366,0,1,0,False,False,True,0.2596214192752484,0.0
prefix_own_s42_no_search_raw_write,ab_bolster,2367,0,1,0,False,False,True,0.0,0.5187798193221885
prefix_own_s42_no_search_raw_write,ab_bolster,2397,0,1,0,False,False,True,0.17493391501352384,0.6489375113262951
prefix_own_s42_no_search_raw_write,ab_bolster,2472,0,1,0,False,False,True,0.5245577274905037,0.0
prefix_own_s42_no_search_raw_write,ab_bolster,2473,0,1,0,False,False,True,0.0,0.0
prefix_own_s42_no_search_raw_write,ab_bolster,2475,0,3,0,False,False,True,0.0,0.0
prefix_own_s42_no_search_raw_write,ab_bolster,2478,0,2,0,False,False,True,0.0,0.005019981798442213
prefix_own_s42_no_search_raw_write,ab_bolster,2500,0,1,0,False,False,True,0.718445667602715,0.0
prefix_own_s42_no_search_raw_write,ab_bolster,2540,0,1,0,False,False,True,0.042398182398817284,0.6788265232502905
prefix_own_s42_no_search_raw_write,ab_bolster,2569,0,1,0,False,False,True,0.008390194840211243,0.8355386898994475
prefix_own_s42_no_search_raw_write,ab_bolster,2827,0,1,0,False,False,True,0.3149753952850283,0.47438361178516164
prefix_own_s42_no_search_raw_write,ab_bolster,2894,0,1,0,False,False,True,0.0,0.18591159365007837
prefix_own_s42_no_search_raw_write,ab_bolster,2909,0,2,0,False,False,True,0.34313000441613495,0.0
prefix_own_s42_no_search_raw_write,ab_bolster,2910,0,2,0,False,False,True,0.0,0.76895822496824
prefix_own_s42_no_search_raw_write,ab_bolster,2920,0,1,0,False,False,True,0.6873155920781833,0.0
prefix_own_s42_no_search_raw_write,ab_bolster,2921,0,2,0,False,False,True,0.0,0.0
prefix_own_s42_no_search_raw_write,ab_bolster,2922,0,2,0,False,False,True,0.0,0.0
prefix_own_s42_no_search_raw_write,ab_bolster,2923,0,2,0,False,False,True,0.0,0.0
prefix_own_s42_no_search_raw_write,ab_bolster,2924,0,1,0,False,False,True,0.0,0.0
prefix_own_s42_no_search_raw_write,ab_bolster,2925,0,1,0,False,False,True,0.0,0.0
prefix_own_s42_no_search_raw_write,ab_bolster,2934,0,1,0,False,False,True,0.0,0.0
prefix_own_s42_no_search_raw_write,ab_bolster,2935,0,1,0,False,False,True,0.0,0.0
prefix_own_s42_no_search_raw_write,ab_bolster,2936,0,1,0,False,False,True,0.0,0.0
prefix_own_s42_no_search_raw_write,ab_bolster,2937,0,1,0,False,False,True,0.0,0.0
prefix_own_s42_no_search_raw_write,ab_bolster,2939,0,1,0,False,False,True,0.0,0.0
prefix_own_s42_no_search_raw_write,ab_bolster,2940,0,1,0,False,False,True,0.0,0.0
prefix_own_s42_no_search_raw_write,ab_bolster,2949,0,1,0,False,False,True,0.0,0.5660643242841988
prefix_own_s42_no_search_raw_write,ab_bolster,2990,0,1,0,False,False,True,0.0,0.0
prefix_own_s42_no_search_raw_write,ab_bolster,3007,0,1,0,False,False,True,0.0,0.7545940464546449
prefix_own_s42_no_search_raw_write,ab_bolster,3014,0,2,0,False,False,True,0.690788719619209,0.0
prefix_own_s42_no_search_raw_write,ab_bolster,3040,0,1,0,False,False,True,0.0,0.45679354937098005
prefix_own_s42_no_search_raw_write,ab_bolster,3044,0,1,0,False,False,True,0.11635002851806715,0.0
prefix_own_s42_no_search_raw_write,ab_bolster,3046,0,1,0,False,False,True,0.0,0.0
prefix_own_s42_no_search_raw_write,ab_bolster,3047,0,2,0,False,False,True,0.0,0.0
prefix_own_s42_no_search_raw_write,ab_bolster,3048,0,1,0,False,False,True,0.03651258536492708,0.25484119821846485
prefix_own_s42_no_search_raw_write,ab_bolster,3126,0,0,0,False,False,True,0.5869458440897145,0.19254529475111234
prefix_own_s42_no_search_raw_write,ab_bolster,3136,0,2,0,False,False,True,0.037799098167647226,0.0
prefix_own_s42_no_search_raw_write,ab_bolster,3140,0,1,0,False,False,True,0.0,0.0
prefix_own_s42_no_search_raw_write,ab_bolster,3156,0,1,0,False,False,True,0.0,0.0
prefix_own_s42_no_search_raw_write,ab_bolster,3159,0,1,0,False,False,True,0.0,0.0
prefix_own_s42_no_search_raw_write,ab_bolster,3162,0,1,0,False,False,True,0.0,0.5791792507392362
prefix_own_s42_no_search_raw_write,ab_bolster,3237,0,1,0,False,False,True,0.34304972245352583,0.5367730991225976
prefix_own_s42_no_search_raw_write,ab_bolster,3255,0,0,0,False,False,True,0.0474518602692757,0.08154237580161172
prefix_own_s42_no_search_raw_write,ab_bolster,3277,0,2,0,False,False,True,0.3821239676933879,0.0
prefix_own_s42_no_search_raw_write,ab_bolster,3278,0,1,0,False,False,True,0.023746718030586648,0.32321036320698715
prefix_own_s42_no_search_raw_write,ab_bolster,3303,0,2,0,False,False,True,0.42010624475078073,0.0
prefix_own_s42_no_search_raw_write,ab_bolster,3307,0,1,0,False,False,True,0.006664419347688764,0.5115569451761413
prefix_own_s42_no_search_raw_write,ab_bolster,3318,0,0,0,False,False,True,0.4515934415741117,0.013743006409839931
prefix_own_s42_no_search_raw_write,ab_bolster,3320,0,1,0,False,False,True,0.0,0.7264698674479695
prefix_own_s42_no_search_raw_write,ab_bolster,3388,0,1,0,False,False,True,0.24010206117818175,0.6265184261143045
prefix_own_s42_no_search_raw_write,ab_bolster,3425,0,1,0,False,False,True,0.14634517294919164,0.243570005273409
prefix_own_s42_no_search_raw_write,ab_bolster,3431,0,0,0,False,False,True,0.12368578994591668,0.6589122175258262
prefix_own_s42_no_search_raw_write,ab_bolster,3970,0,1,0,False,False,True,0.4432023101110276,0.0
prefix_own_s42_no_search_raw_write,ab_bolster,4002,0,2,0,False,False,True,0.2179629151847993,0.0012160171741586936
prefix_own_s42_no_search_raw_write,ab_bolster,4003,0,2,0,False,False,True,0.026809669350032626,0.0
prefix_own_s42_no_search_raw_write,ab_bolster,4025,0,1,0,False,False,True,0.6511371327474796,0.0
prefix_own_s42_no_search_raw_write,ab_bolster,4048,0,1,0,False,False,True,0.579228887363536,0.0
prefix_own_s42_no_search_raw_write,ab_bolster,4190,0,1,0,False,False,True,0.33192640968761894,0.42043953941903905
prefix_own_s42_no_search_raw_write,ab_bolster,4201,0,0,0,False,False,True,0.1361443909602757,0.0
prefix_own_s42_no_search_raw_write,ab_bolster,4210,0,1,0,False,False,True,0.0,0.23965760947946413
prefix_own_s42_no_search_raw_write,ab_bolster,4226,0,1,0,False,False,True,0.0,0.0
prefix_own_s42_no_search_raw_write,ab_bolster,4227,0,1,0,False,False,True,0.0,0.0
prefix_own_s42_no_search_raw_write,ab_bolster,4228,0,1,0,False,False,True,0.0,0.0
prefix_own_s42_no_search_raw_write,ab_bolster,4284,0,1,0,False,False,True,0.42808785027560176,0.34033889111286797
prefix_own_s42_no_search_raw_write,ab_bolster,4319,0,1,0,False,False,True,0.6241535069211516,0.0
prefix_own_s42_no_search_raw_write,ab_bolster,4344,0,0,0,False,False,True,0.0,0.5382196271848776
prefix_own_s42_no_search_raw_write,ab_bolster,4377,0,1,0,False,False,True,0.3920870014198091,0.08866080705167725
prefix_own_s42_no_search_raw_write,ab_bolster,4398,0,1,0,False,False,True,0.5456347555245246,0.0598039894723816
prefix_own_s42_no_search_raw_write,ab_bolster,4562,0,1,0,False,False,True,0.3075417953521267,0.2508315695619289
prefix_own_s42_no_search_raw_write,ab_bolster,4572,0,1,0,False,False,True,0.0,0.41567302586041055
prefix_own_s42_no_search_raw_write,ab_bolster,4631,0,1,0,False,False,True,0.5736454414559048,0.0
prefix_own_s42_no_search_raw_write,ab_bolster,4642,0,0,0,False,False,True,0.04633990858558778,0.871986042075274
prefix_own_s42_no_search_raw_write,ab_bolster,4836,0,0,0,False,False,True,0.2643919402420669,0.5250297430390329
prefix_own_s42_no_search_raw_write,ab_bolster,4840,0,1,0,False,False,True,0.34018031869757237,0.261655238272491
prefix_own_s42_no_search_raw_write,ab_bolster,4845,0,1,0,False,False,True,0.8522772818905094,0.0
prefix_own_s42_no_search_raw_write,ab_bolster,4849,0,3,0,False,False,True,0.0,0.0
prefix_own_s42_no_search_raw_write,ab_bolster,4851,0,1,0,False,False,True,0.0,0.0
prefix_own_s42_no_search_raw_write,ab_bolster,4852,0,1,0,False,False,True,0.0,0.41298114600117364
prefix_own_s42_no_search_raw_write,ab_bolster,4923,0,0,0,False,False,True,0.652273591105323,0.1628382887216178
prefix_own_s42_no_search_raw_write,ab_bolster,5154,0,1,0,False,False,False,,
prefix_own_s42_no_search_raw_write,ab_bolster,5164,0,1,0,False,False,True,0.0,0.0
prefix_own_s42_no_search_raw_write,ab_bolster,5166,0,1,0,False,False,True,0.3672550147523143,0.0
prefix_own_s42_no_search_raw_write,ab_bolster,5167,0,0,0,False,False,True,0.0,0.7876869031753754
prefix_own_s42_no_search_raw_write,ab_bolster,5173,0,1,0,False,False,True,0.7706315009927549,0.12668792953214317
prefix_own_s42_no_search_raw_write,ab_bolster,5174,0,1,0,False,False,True,0.43725686650912904,0.0
prefix_own_s42_no_search_raw_write,ab_bolster,5227,0,0,0,False,False,True,0.1432657700687562,0.4281539969272531
prefix_own_s42_no_search_raw_write,ab_bolster,6059,0,0,0,False,False,True,0.16584926348549048,0.0
prefix_own_s42_no_search_raw_write,ab_bolster,6065,0,1,0,False,False,True,0.0,0.2729969182798199
prefix_own_s42_no_search_raw_write,ab_bolster,6233,0,1,0,False,False,True,0.4834361391489801,0.0
prefix_own_s42_no_search_raw_write,ab_bolster,6237,0,1,0,False,False,True,0.0,0.2998061858934972
prefix_own_s42_no_search_raw_write,ab_bolster,6238,0,1,0,False,False,True,0.1979207329868197,0.0
prefix_own_s42_no_search_raw_write,ab_bolster,6241,0,1,0,False,False,True,0.0,0.4956683309272205
prefix_own_s42_no_search_raw_write,ab_bolster,6250,0,1,0,False,False,True,0.48269808619477006,0.0
prefix_own_s42_no_search_raw_write,ab_bolster,6251,0,1,0,False,False,True,0.0,0.3109969555444431
prefix_own_s42_no_search_raw_write,ab_bolster,6331,0,2,0,False,False,True,0.5093728072632531,0.0
prefix_own_s42_no_search_raw_write,ab_bolster,6334,0,1,0,False,False,True,0.0,0.18135992355804342
prefix_own_s42_no_search_raw_write,ab_bolster,6337,0,1,0,False,False,True,0.06600935061446883,0.8479949098528365
prefix_own_s42_no_search_raw_write,ab_bolster,6342,0,2,0,False,False,True,0.7134907446269213,0.0
prefix_own_s42_no_search_raw_write,ab_bolster,6343,0,2,0,False,False,True,0.0,0.04415660794229197
prefix_own_s42_no_search_raw_write,ab_bolster,6354,0,1,0,False,False,True,0.14401856117546621,0.718788697533194
prefix_own_s42_no_search_raw_write,ab_bolster,6355,0,1,0,False,False,True,0.7859192605859744,0.0
prefix_own_s42_no_search_raw_write,ab_bolster,6357,0,3,0,False,False,True,0.0,0.3024029952959991
prefix_own_s42_no_search_raw_write,ab_bolster,6372,0,1,0,False,False,True,0.7795305146009218,0.0
prefix_own_s42_no_search_raw_write,ab_bolster,6373,0,1,0,False,False,True,0.0,0.3014186902468634
prefix_own_s42_no_search_raw_write,ab_bolster,6374,0,1,0,False,False,True,0.2772831408747837,0.0214096375771106
prefix_own_s42_no_search_raw_write,ab_bolster,6485,0,1,0,False,False,True,0.6648393021997987,0.09530031271517286
prefix_own_s42_no_search_raw_write,ab_bolster,7203,0,3,0,False,False,True,0.23715004060508962,0.0
prefix_own_s42_no_search_raw_write,ab_bolster,7204,0,0,0,False,False,True,0.0,0.40479589605560057
prefix_own_s42_no_search_raw_write,ab_bolster,7541,0,1,0,False,False,True,0.3878266794196909,0.13506178428355053
prefix_own_s42_no_search_raw_write,ab_bolster,7542,0,1,0,False,False,True,0.20042937705563357,0.4488267396375394
prefix_own_s42_no_search_raw_write,ab_bolster,7619,0,1,0,False,False,True,0.20543834559648555,0.0
prefix_own_s42_no_search_raw_write,ab_bolster,7649,0,1,0,False,False,True,0.6974625362462109,0.24300956634131307
prefix_own_s42_no_search_raw_write,ab_bolster,8131,0,0,0,False,False,True,0.19212161150853985,0.4561239973576508
prefix_own_s42_no_search_raw_write,ab_motocometurn,39,0,1,0,False,False,True,0.0,0.6119137588407925
prefix_own_s42_no_search_raw_write,ab_motocometurn,40,0,2,0,False,False,True,0.0,0.8577774222436924
prefix_own_s42_no_search_raw_write,ab_rightcupcoming_infwhite_quezhen,620,0,1,0,False,False,True,0.34497129786827596,0.03320557698366979
prefix_own_s42_no_search_raw_write,ab_rightcupcoming_infwhite_quezhen,626,0,0,0,False,False,True,0.41417944512681176,0.0
prefix_own_s42_no_search_raw_write,ab_rightcupcoming_infwhite_quezhen,636,0,1,0,False,False,True,0.0,0.9237008288299953
prefix_own_s42_no_search_raw_write,ab_rightcupcoming_infwhite_quezhen,727,0,0,0,False,False,True,0.8567415522829571,0.0
prefix_own_s42_no_search_raw_write,ab_rightcupcoming_infwhite_quezhen,739,0,0,0,False,False,True,0.0,0.8791233953311839
prefix_own_s42_no_search_raw_write,ab_rightcupcoming_infwhite_quezhen,740,0,1,0,False,False,True,0.8167847143192195,0.0
prefix_own_s42_no_search_raw_write,ab_rightcupcoming_infwhite_quezhen,741,0,0,0,False,False,True,0.0,0.8648380127009557
prefix_own_s42_no_search_raw_write,ab_rightcupcoming_infwhite_quezhen,793,0,0,0,False,False,True,0.7804705152048579,0.0
prefix_own_s42_no_search_raw_write,ab_rightcupcoming_infwhite_quezhen,1169,0,1,0,False,False,True,0.0,0.9263239835813935
prefix_own_s42_no_search_raw_write,ab_rightcupcoming_infwhite_quezhen,1174,0,1,0,False,False,True,0.9092638591854343,0.0
prefix_own_s42_no_search_raw_write,ab_rightcupcoming_infwhite_quezhen,1212,0,0,0,False,False,True,0.8651843938187199,0.0
prefix_own_s42_no_search_raw_write,ab_rightcupcoming_infwhite_quezhen,1236,0,1,0,False,False,True,0.8110900271979071,0.0
prefix_own_s42_no_search_raw_write,ab_rightcupcoming_infwhite_quezhen,1247,0,0,0,False,False,True,0.8222862133816914,0.0
prefix_own_s42_no_search_raw_write,ab_rightcupcoming_infwhite_quezhen,1254,0,0,0,False,False,True,0.8780492285193542,0.012300210014293725
prefix_own_s42_no_search_raw_write,ab_rightcupcoming_infwhite_quezhen,1360,0,1,0,False,False,True,0.0,0.9540895694453653
prefix_own_s42_no_search_raw_write,ab_rightcupcoming_infwhite_quezhen,1689,0,0,0,False,False,True,0.8586829951718498,0.5077541573017188
prefix_own_s42_no_search_raw_write,ab_rightcupcoming_infwhite_quezhen,1731,0,0,0,False,False,True,0.9267588391242704,0.08855191823846568
prefix_own_s42_no_search_raw_write,ab_rightcupcoming_infwhite_quezhen,1851,0,1,0,False,False,True,0.2742113015151484,0.8837701557877738
prefix_own_s42_no_search_raw_write,ab_rightcupcoming_infwhite_quezhen,2727,0,1,0,False,False,True,0.0,0.20539165170676432
prefix_own_s42_no_search_raw_write,ab_rightcupcoming_infwhite_quezhen,2886,0,1,0,False,False,True,0.9202539298087967,0.03756705639265389
prefix_own_s42_no_search_raw_write,ab_rightcupcoming_infwhite_quezhen,3449,0,0,0,False,False,True,0.9218687781017944,0.006652693157225236
prefix_own_s42_no_search_raw_write,ab_rightcupcoming_infwhite_quezhen,3589,0,0,0,False,False,True,0.9030050329569104,0.007376854046847978
prefix_own_s42_no_search_raw_write,ab_rightcupcoming_infwhite_quezhen,3607,0,1,0,False,False,True,0.8475143575112233,0.0
prefix_own_s42_no_search_raw_write,ab_rightcupcoming_infwhite_quezhen,3608,0,1,0,False,False,True,0.056083378297248784,0.7620350289144259
prefix_own_s42_no_search_raw_write,ab_rightcupcoming_infwhite_quezhen,3625,0,1,0,False,False,True,0.0,0.8849553677951063
prefix_own_s42_no_search_raw_write,ab_rightcupcoming_infwhite_quezhen,3935,0,1,0,False,False,True,0.0,0.0
prefix_own_s42_no_search_raw_write,ab_rightcupcoming_infwhite_quezhen,4072,0,0,0,False,False,True,0.0,0.8033220104243463
prefix_own_s42_no_search_raw_write,ab_rightcupcoming_infwhite_quezhen,4158,0,1,0,False,False,True,0.9300546713184022,0.0
prefix_own_s42_no_search_raw_write,ab_rightcupcoming_infwhite_quezhen,4167,0,1,0,False,False,True,0.0,0.9103100247898883
prefix_own_s42_no_search_raw_write,ab_rightcupcoming_infwhite_quezhen,4278,0,1,0,False,False,True,0.8050414752359429,0.16676535948141202
prefix_own_s42_no_search_raw_write,ab_rightcupcoming_infwhite_quezhen,4279,0,0,0,False,False,True,0.13654215620694007,0.8413724414826028
prefix_own_s42_no_search_raw_write,ab_rightcupcoming_infwhite_quezhen,4333,0,0,0,False,False,True,0.0,0.8488197467470636
prefix_own_s42_no_search_raw_write,ab_rightcupcoming_infwhite_quezhen,4343,0,1,0,False,False,True,0.8756741007522321,0.0
prefix_own_s42_no_search_raw_write,ab_rightcupcoming_infwhite_quezhen,5363,0,1,0,False,False,True,0.03487849095878066,0.2268198712183945
prefix_own_s42_no_search_raw_write,ab_rightcupcoming_infwhite_quezhen,6183,0,0,0,False,False,True,0.207102934056576,0.14925599795510394
prefix_own_s42_no_search_raw_write,ab_rightcupcoming_infwhite_quezhen,6187,0,1,0,False,False,True,0.28211987013580403,0.0
prefix_own_s42_no_search_raw_write,ab_rightcupcoming_infwhite_quezhen,6188,0,1,0,False,False,True,0.13803107931355632,0.43408445220532377
prefix_own_s42_no_search_raw_write,basketball,5,0,1,0,False,False,True,0.0,0.2996957262780338
prefix_own_s42_no_search_raw_write,basketball,11,0,1,0,False,False,True,0.0,0.0
prefix_own_s42_no_search_raw_write,basketball,12,0,1,0,False,False,True,0.24106787042581757,0.38836338560976635
prefix_own_s42_no_search_raw_write,basketball,23,0,1,0,False,False,True,0.0,0.1806982224267869
prefix_own_s42_no_search_raw_write,basketball,24,0,1,0,False,False,True,0.0,0.0
prefix_own_s42_no_search_raw_write,basketball,30,0,2,0,False,False,True,0.0,0.08039832421538502
prefix_own_s42_no_search_raw_write,basketball,32,0,1,0,False,False,True,0.0,0.5458684698131491
prefix_own_s42_no_search_raw_write,basketball,36,0,1,0,False,False,True,0.0,0.46280560707082835
prefix_own_s42_no_search_raw_write,basketball,43,0,2,0,False,False,True,0.0,0.0
prefix_own_s42_no_search_raw_write,basketball,44,0,1,0,False,False,True,0.0,0.0
prefix_own_s42_no_search_raw_write,basketball,45,0,2,0,False,False,True,0.0,0.0
prefix_own_s42_no_search_raw_write,basketball,46,0,1,0,False,False,True,0.0,0.0
prefix_own_s42_no_search_raw_write,basketball,50,0,2,0,False,False,True,0.0,0.0
prefix_own_s42_no_search_raw_write,basketball,55,0,1,0,False,False,True,0.0,0.5116931070343465
prefix_own_s42_no_search_raw_write,basketball,62,0,1,0,False,False,True,0.0,0.38308344255879345
prefix_own_s42_no_search_raw_write,basketball,68,0,1,0,False,False,True,0.0,0.26180585295650294
prefix_own_s42_no_search_raw_write,basketball,75,0,1,0,False,False,True,0.0,0.3944990327479177
prefix_own_s42_no_search_raw_write,basketball,81,0,1,0,False,False,True,0.0,0.0
prefix_own_s42_no_search_raw_write,basketball,82,0,0,0,False,False,True,0.0,0.0
prefix_own_s42_no_search_raw_write,basketball,83,0,2,0,False,False,True,0.0,0.0
prefix_own_s42_no_search_raw_write,basketball,84,0,1,0,False,False,True,0.0,0.0
prefix_own_s42_no_search_raw_write,basketball,94,0,2,0,False,False,True,0.0,0.11595353669133725
prefix_own_s42_no_search_raw_write,basketball,151,0,3,0,False,False,True,0.022824633888721246,0.0
prefix_own_s42_no_search_raw_write,basketball,152,0,1,0,False,False,True,0.0,0.0
prefix_own_s42_no_search_raw_write,basketball,157,0,1,0,False,False,True,0.0,0.4169212244220459
prefix_own_s42_no_search_raw_write,basketball,160,0,1,0,False,False,True,0.0,0.6271427627138858
prefix_own_s42_no_search_raw_write,basketball,166,0,1,0,False,False,True,0.0,0.5531108848441729
prefix_own_s42_no_search_raw_write,basketball,167,0,1,0,False,False,True,0.0,0.07882362117629917
prefix_own_s42_no_search_raw_write,basketball,168,0,2,0,False,False,True,0.1435076419674918,0.0
prefix_own_s42_no_search_raw_write,basketball,172,0,3,0,False,False,True,0.0,0.0
prefix_own_s42_no_search_raw_write,basketball,173,0,1,0,False,False,True,0.0,0.0
prefix_own_s42_no_search_raw_write,basketball,174,0,1,0,False,False,True,0.0,0.0
prefix_own_s42_no_search_raw_write,basketballshooting,50,0,1,0,False,False,True,0.029369160625948153,0.3244577877331871
prefix_own_s42_no_search_raw_write,basketballshooting,55,0,2,0,False,False,True,0.0,0.6852710699897515
prefix_own_s42_no_search_raw_write,basketballshooting,57,0,2,0,False,False,True,0.3050828929377878,0.0
prefix_own_s42_no_search_raw_write,basketballshooting,58,0,1,0,False,False,True,0.03510732179281686,0.12342716588210909
prefix_own_s42_no_search_raw_write,basketballshooting,85,0,1,0,False,False,True,0.40259652220187936,0.47657852042705057
prefix_own_s42_no_search_raw_write,basketballshooting,88,0,1,0,False,False,True,0.3011172405635446,0.0
prefix_own_s42_no_search_raw_write,blackboy256,249,0,2,0,False,False,True,0.4160740504381891,0.0
prefix_own_s42_no_search_raw_write,blackboy256,250,0,2,0,False,False,True,0.0,0.0
prefix_own_s42_no_search_raw_write,blackman_0115,273,0,2,0,False,False,True,0.3199702593113352,0.0
prefix_own_s42_no_search_raw_write,blackman_0115,276,0,1,0,False,False,True,0.0,0.2153472992685931
prefix_own_s42_no_search_raw_write,blkboywithumbrella,414,0,1,0,False,False,True,0.5555653662873501,0.0
prefix_own_s42_no_search_raw_write,blkboywithumbrella,429,0,1,0,False,False,True,0.5037238376433848,0.019152969345004205
prefix_own_s42_no_search_raw_write,blkboywithumbrella,432,0,0,0,False,False,True,0.0,0.6724042706669656
prefix_own_s42_no_search_raw_write,boybackpack,31,0,1,0,False,False,True,0.0,0.6785255656178161
prefix_own_s42_no_search_raw_write,boybackpack,42,0,2,0,False,False,True,0.5049269990960946,0.0
prefix_own_s42_no_search_raw_write,boybackpack,43,0,1,0,False,False,True,0.0,0.3083733944052028
prefix_own_s42_no_search_raw_write,boybackpack,60,0,1,0,False,False,True,0.5818194013848692,0.27279517322187063
prefix_own_s42_no_search_raw_write,boybackpack,116,0,1,0,False,False,True,0.7474298041686515,0.4512206031776119
prefix_own_s42_no_search_raw_write,boybesidescarwithouthat,23,0,1,0,False,False,True,0.35715297268313423,0.0
prefix_own_s42_no_search_raw_write,boybesidescarwithouthat,25,0,1,0,False,False,True,0.0,0.0
prefix_own_s42_no_search_raw_write,boybesidescarwithouthat,31,0,0,0,False,False,True,0.0,0.0
prefix_own_s42_no_search_raw_write,boybesidescarwithouthat,32,0,0,0,False,False,True,0.0,0.7904270280414263
prefix_own_s42_no_search_raw_write,boybesidescarwithouthat,73,0,0,0,False,False,True,0.8821335015817868,0.0
prefix_own_s42_no_search_raw_write,boybesidescarwithouthat,76,0,1,0,False,False,True,0.0,0.0
prefix_own_s42_no_search_raw_write,boybesidescarwithouthat,92,0,1,0,False,False,True,0.0,0.0
prefix_own_s42_no_search_raw_write,boybesidescarwithouthat,120,0,1,0,False,False,True,0.0,0.0
prefix_own_s42_no_search_raw_write,boybesidescarwithouthat,123,0,1,0,False,False,True,0.0,0.0
prefix_own_s42_no_search_raw_write,boybesidescarwithouthat,150,0,1,0,False,False,True,0.0,0.0
prefix_own_s42_no_search_raw_write,boybesidescarwithouthat,153,0,1,0,False,False,True,0.0,0.0
prefix_own_s42_no_search_raw_write,boybesidescarwithouthat,177,0,2,0,False,False,True,0.0,0.0
prefix_own_s42_no_search_raw_write,boybesidescarwithouthat,180,0,1,0,False,False,True,0.0,0.0
prefix_own_s42_no_search_raw_write,boybesidescarwithouthat,181,0,1,0,False,False,True,0.0,0.0
prefix_own_s42_no_search_raw_write,boybesidescarwithouthat,182,0,2,0,False,False,True,0.0,0.0
prefix_own_s42_no_search_raw_write,boybesidescarwithouthat,183,0,1,0,False,False,True,0.0,0.0
prefix_own_s42_no_search_raw_write,boybesidescarwithouthat,192,0,1,0,False,False,True,0.0,0.0
prefix_own_s42_no_search_raw_write,boybesidescarwithouthat,216,0,1,0,False,False,True,0.0,0.0
prefix_own_s42_no_search_raw_write,boybesidescarwithouthat,225,0,0,0,False,False,True,0.0,0.7775652447885986
prefix_own_s42_no_search_raw_write,boybesidescarwithouthat,253,0,1,0,False,False,True,0.0,0.0
prefix_own_s42_no_search_raw_write,boybesidescarwithouthat,279,0,1,0,False,False,True,0.0,0.0
prefix_own_s42_no_search_raw_write,boybesidescarwithouthat,304,0,2,0,False,False,True,0.0,0.0
prefix_own_s42_no_search_raw_write,boyfollowing,103,0,1,0,False,False,True,0.7313148252771217,0.0
prefix_own_s42_no_search_raw_write,boyfollowing,105,0,0,0,False,False,True,0.0,0.662869364724734
prefix_own_s42_no_search_raw_write,boyfollowing,235,0,1,0,False,False,True,0.16877958550642677,0.0
prefix_own_s42_no_search_raw_write,boyfollowing,236,0,0,0,False,False,True,0.0,0.35104344852497527
prefix_own_s42_no_search_raw_write,boyfollowing,241,0,1,0,False,False,True,0.220290592000122,0.021390102799118432
prefix_own_s42_no_search_raw_write,boyfollowing,255,0,2,0,False,False,True,0.0,0.0
prefix_own_s42_no_search_raw_write,boyfollowing,256,0,2,0,False,False,True,0.0,0.0
prefix_own_s42_no_search_raw_write,boyfollowing,262,0,0,0,False,False,True,0.0,0.0
prefix_own_s42_no_search_raw_write,boyfollowing,270,0,3,0,False,False,True,0.0,0.0
prefix_own_s42_no_search_raw_write,boyrightrubbish,50,0,1,0,False,False,True,0.41760132833071384,0.5923764833668093
prefix_own_s42_no_search_raw_write,boysback,132,0,1,0,False,False,True,0.0,0.6475367686892909
prefix_own_s42_no_search_raw_write,boysumbrella,89,0,1,0,False,False,True,0.47975477390911,0.0
prefix_own_s42_no_search_raw_write,boysumbrella,90,0,1,0,False,False,True,0.022843671254345665,0.5426153793140293
prefix_own_s42_no_search_raw_write,boysumbrella,98,0,1,0,False,False,True,0.565301683125941,0.0
prefix_own_s42_no_search_raw_write,boysumbrella,101,0,1,0,False,False,True,0.0,0.0
prefix_own_s42_no_search_raw_write,boysumbrella,102,0,1,0,False,False,True,0.0,0.0
prefix_own_s42_no_search_raw_write,boysumbrella,109,0,2,0,False,False,True,0.0,0.0
prefix_own_s42_no_search_raw_write,boysumbrella,111,0,1,0,False,False,True,0.0,0.0
prefix_own_s42_no_search_raw_write,boysumbrella,112,0,1,0,False,False,True,0.0,0.000631799126347765
prefix_own_s42_no_search_raw_write,boysumbrella,415,0,1,0,False,False,True,0.5190927895096804,0.0
prefix_own_s42_no_search_raw_write,boysumbrella,416,0,1,0,False,False,True,0.0,0.6395227962284064
prefix_own_s42_no_search_raw_write,boysumbrella,421,0,1,0,False,False,True,0.6141580999566645,0.0
prefix_own_s42_no_search_raw_write,boysumbrella,429,0,1,0,False,False,True,0.0,0.0
prefix_own_s42_no_search_raw_write,boysumbrella,436,0,1,0,False,False,True,0.0,0.46335473864301163
prefix_own_s42_no_search_raw_write,boytakepath,168,0,1,0,False,False,True,0.1597530088508065,0.0
prefix_own_s42_no_search_raw_write,boytakepath,179,0,1,0,False,False,True,0.0,0.3553449397214837
prefix_own_s42_no_search_raw_write,boytakepath,197,0,2,0,False,False,True,0.4257766172408196,0.0
prefix_own_s42_no_search_raw_write,boytakepath,198,0,1,0,False,False,True,0.0,0.0
prefix_own_s42_no_search_raw_write,boytakepath,200,0,1,0,False,False,True,0.0,0.11358049706131228
prefix_own_s42_no_search_raw_write,boytakepath,201,0,1,0,False,False,True,0.21501278451409164,0.0
prefix_own_s42_no_search_raw_write,boytakepath,202,0,1,0,False,False,True,0.044671133742151606,0.3164137911393209
prefix_own_s42_no_search_raw_write,boytakepath,221,0,1,0,False,False,True,0.0,0.3070726504783324
prefix_own_s42_no_search_raw_write,boytakepath,232,0,1,0,False,False,True,0.0,0.0
prefix_own_s42_no_search_raw_write,boytakepath,233,0,2,0,False,False,True,0.0,0.0
prefix_own_s42_no_search_raw_write,boytakepath,237,0,0,0,False,False,True,0.0,0.0
prefix_own_s42_no_search_raw_write,boytakepath,256,0,1,0,False,False,True,0.1040341227624408,0.0
prefix_own_s42_no_search_raw_write,boytakepath,262,0,1,0,False,False,True,0.0,0.42504319669133506
prefix_own_s42_no_search_raw_write,boytakepath,264,0,2,0,False,False,True,0.3556331366682894,0.0
prefix_own_s42_no_search_raw_write,boytakepath,275,0,3,0,False,False,True,0.0,0.3298840625901854
prefix_own_s42_no_search_raw_write,boytakepath,286,0,1,0,False,False,True,0.0,0.0
prefix_own_s42_no_search_raw_write,boytakepath,293,0,1,0,False,False,True,0.0,0.8602986421377511
prefix_own_s42_no_search_raw_write,boytakepath,297,0,1,0,False,False,True,0.2581191472663707,0.0
prefix_own_s42_no_search_raw_write,boytakepath,299,0,3,0,False,False,True,0.0,0.13132780649307946
prefix_own_s42_no_search_raw_write,boytakepath,300,0,3,0,False,False,True,0.15343331941137958,0.029133065185946484
prefix_own_s42_no_search_raw_write,boytakepath,301,0,3,0,False,False,True,0.12988847532021552,0.09138841757447481
prefix_own_s42_no_search_raw_write,boytakepath,305,0,1,0,False,False,True,0.0,0.0
prefix_own_s42_no_search_raw_write,boytakepath,322,0,1,0,False,False,True,0.029057191135247105,0.21517670281572351
prefix_own_s42_no_search_raw_write,boytakepath,323,0,1,0,False,False,True,0.12841332917534923,0.0
prefix_own_s42_no_search_raw_write,boytakepath,324,0,1,0,False,False,True,0.0,0.0
prefix_own_s42_no_search_raw_write,boytakepath,340,0,1,0,False,False,True,0.0,0.0
prefix_own_s42_no_search_raw_write,boytakepath,398,0,3,0,False,False,True,0.0,0.27428623890400655
prefix_own_s42_no_search_raw_write,boytakepath,400,0,1,0,False,False,True,0.09837854370072413,0.0
prefix_own_s42_no_search_raw_write,boytakepath,463,0,2,0,False,False,True,0.19700105604619567,0.0
prefix_own_s42_no_search_raw_write,boytakepath,511,0,1,0,False,False,True,0.265579004700403,0.0
prefix_own_s42_no_search_raw_write,boytakepath,580,0,1,0,False,False,True,0.0,0.3870651054288254
prefix_own_s42_no_search_raw_write,boytakepath,730,0,1,0,False,False,True,0.0,0.0
prefix_own_s42_no_search_raw_write,boytakepath,754,0,1,0,False,False,True,0.0,0.0
prefix_own_s42_no_search_raw_write,boytakepath,755,0,3,0,False,False,True,0.0,0.0
prefix_own_s42_no_search_raw_write,boytakepath,758,0,1,0,False,False,True,0.0,0.0
prefix_own_s42_no_search_raw_write,boytakepath,759,0,3,0,False,False,True,0.0,0.0
prefix_own_s42_no_search_raw_write,boytakepath,760,0,2,0,False,False,True,0.0,0.0
prefix_own_s42_no_search_raw_write,boytakepath,762,0,1,0,False,False,True,0.0,0.0
prefix_own_s42_no_search_raw_write,boytakepath,763,0,1,0,False,False,True,0.0,0.0
prefix_own_s42_no_search_raw_write,boytakepath,764,0,1,0,False,False,True,0.0,0.1389986961184142
prefix_own_s42_no_search_raw_write,dotat43,92,0,2,0,False,False,True,0.0,0.0
prefix_own_s42_no_search_raw_write,dotat43,95,0,1,0,False,False,True,0.0,0.0
prefix_own_s42_no_search_raw_write,dotat43,107,0,0,0,False,False,True,0.0,0.8846099606953358
prefix_own_s42_no_search_raw_write,dotat43,226,0,0,0,False,False,True,0.0,0.8728781851341443
prefix_own_s42_no_search_raw_write,dotat43,228,0,1,0,False,False,True,0.8834131148539676,0.0
prefix_own_s42_no_search_raw_write,dotat43,237,0,1,0,False,False,True,0.0,0.749474931062204
prefix_own_s42_no_search_raw_write,dotat43,260,0,1,0,False,False,True,0.7872189559729644,0.0
prefix_own_s42_no_search_raw_write,dotat43,281,0,1,0,False,False,True,0.0,0.7616204892130813
prefix_own_s42_no_search_raw_write,dotat43,337,0,0,0,False,False,True,0.6678114704586794,0.0
prefix_own_s42_no_search_raw_write,dotat43,340,0,0,0,False,False,True,0.0,0.8058981302764137
prefix_own_s42_no_search_raw_write,dotat43,417,0,0,0,False,False,True,0.9447684624508593,0.0
prefix_own_s42_no_search_raw_write,dotat43,421,0,0,0,False,False,True,0.0,0.9224678564148615
prefix_own_s42_no_search_raw_write,dotat43,429,0,0,0,False,False,True,0.0,0.7718214086661314
prefix_own_s42_no_search_raw_write,dotat43,434,0,1,0,False,False,True,0.0,0.0
prefix_own_s42_no_search_raw_write,dotat43,439,0,0,0,False,False,True,0.0,0.8773272629883448
prefix_own_s42_no_search_raw_write,dotat43,443,0,1,0,False,False,True,0.6706342051459457,0.0
prefix_own_s42_no_search_raw_write,dotat43,445,0,4,0,False,False,True,0.0,0.6636605282130363
prefix_own_s42_no_search_raw_write,dotat43,453,0,1,0,False,False,True,0.0,0.0
prefix_own_s42_no_search_raw_write,dotat43,455,0,0,0,False,False,True,0.0,0.8106517440705892
prefix_own_s42_no_search_raw_write,dotat43,469,0,3,0,False,False,True,0.7049865148305619,0.0
prefix_own_s42_no_search_raw_write,dotat43,470,0,2,0,False,False,True,0.0,0.5504269813112094
prefix_own_s42_no_search_raw_write,dotat43,488,0,3,0,False,False,True,0.0,0.0
prefix_own_s42_no_search_raw_write,dotat43,489,0,0,0,False,False,True,0.0,0.0
prefix_own_s42_no_search_raw_write,dotat43,490,0,0,0,False,False,True,0.0,0.0
prefix_own_s42_no_search_raw_write,dotat43,491,0,2,0,False,False,True,0.0,0.0
prefix_own_s42_no_search_raw_write,dotat43,495,0,2,0,False,False,True,0.0,0.0
prefix_own_s42_no_search_raw_write,dotat43,496,0,0,0,False,False,True,0.0,0.788672011563714
prefix_own_s42_no_search_raw_write,dotat43,501,0,3,0,False,False,True,0.0,0.0
prefix_own_s42_no_search_raw_write,dotat43,506,0,3,0,False,False,True,0.0,0.0
prefix_own_s42_no_search_raw_write,dotat43,507,0,3,0,False,False,True,0.0,0.6586428468434238
prefix_own_s42_no_search_raw_write,dotat43,511,0,1,0,False,False,True,0.2744146204521832,0.29156224924055074
prefix_own_s42_no_search_raw_write,dotat43,532,0,1,0,False,False,True,0.0,0.6710085946663444
prefix_own_s42_no_search_raw_write,dotat43,535,0,4,0,False,False,True,0.0,0.0
prefix_own_s42_no_search_raw_write,dotat43,540,0,0,0,False,False,True,0.6946119024687911,0.0
prefix_own_s42_no_search_raw_write,dotat43,541,0,1,0,False,False,True,0.0,0.0
prefix_own_s42_no_search_raw_write,dotat43,543,0,3,0,False,False,True,0.0,0.0
prefix_own_s42_no_search_raw_write,dotat43,544,0,2,0,False,False,True,0.0,0.0
prefix_own_s42_no_search_raw_write,dotat43,546,0,1,0,False,False,True,0.0,0.0
prefix_own_s42_no_search_raw_write,dotat43,547,0,0,0,False,False,True,0.0,0.0
prefix_own_s42_no_search_raw_write,dotat43,548,0,1,0,False,False,True,0.0,0.25854886012975326
prefix_own_s42_no_search_raw_write,dotat43,598,0,3,0,False,False,True,0.7405128150321072,0.0
prefix_own_s42_no_search_raw_write,dotat43,605,0,0,0,False,False,True,0.0,0.0
prefix_own_s42_no_search_raw_write,dotat43,606,0,0,0,False,False,True,0.0,0.0
prefix_own_s42_no_search_raw_write,dotat43,609,0,3,0,False,False,True,0.0,0.0
prefix_own_s42_no_search_raw_write,dotat43,610,0,1,0,False,False,True,0.0,0.0
prefix_own_s42_no_search_raw_write,dotat43,611,0,0,0,False,False,True,0.0,0.0
prefix_own_s42_no_search_raw_write,dotat43,612,0,1,0,False,False,True,0.0,0.0
prefix_own_s42_no_search_raw_write,dotat43,613,0,4,0,False,False,True,0.0,0.7219321013794064
prefix_own_s42_no_search_raw_write,dotat43,615,0,4,0,False,False,True,0.0,0.0
prefix_own_s42_no_search_raw_write,dotat43,616,0,1,0,False,False,True,0.0,0.10238973068842734
prefix_own_s42_no_search_raw_write,dotat43,618,0,2,0,False,False,True,0.0,0.0
prefix_own_s42_no_search_raw_write,dotat43,619,0,1,0,False,False,True,0.0,0.0
prefix_own_s42_no_search_raw_write,dotat43,620,0,3,0,False,False,True,0.0,0.0
prefix_own_s42_no_search_raw_write,dotat43,628,0,1,0,False,False,True,0.0,0.0
prefix_own_s42_no_search_raw_write,dotat43,630,0,2,0,False,False,True,0.0,0.0
prefix_own_s42_no_search_raw_write,dotat43,631,0,3,0,False,False,True,0.0,0.0
prefix_own_s42_no_search_raw_write,dotat43,632,0,2,0,False,False,True,0.0,0.0
prefix_own_s42_no_search_raw_write,dotat43,633,0,0,0,False,False,True,0.0,0.0
prefix_own_s42_no_search_raw_write,dotat43,661,0,2,0,False,False,True,0.6566370640836857,0.8972541916790694
prefix_own_s42_no_search_raw_write,dotat43,706,0,1,0,False,False,True,0.7857911788052957,0.0
prefix_own_s42_no_search_raw_write,dotat43,707,0,0,0,False,False,True,0.0,0.7842849942439257
prefix_own_s42_no_search_raw_write,dotat43,713,0,1,0,False,False,True,0.8394965855014916,0.0
prefix_own_s42_no_search_raw_write,dotat43,714,0,1,0,False,False,True,0.0,0.7453293421907381
prefix_own_s42_no_search_raw_write,dotat43,716,0,2,0,False,False,True,0.019473851367038247,0.0
prefix_own_s42_no_search_raw_write,dotat43,717,0,0,0,False,False,True,0.0,0.0
prefix_own_s42_no_search_raw_write,dotat43,718,0,1,0,False,False,True,0.0,0.8375461135484386
prefix_own_s42_no_search_raw_write,dotat43,747,0,1,0,False,False,True,0.787206591873589,0.0
prefix_own_s42_no_search_raw_write,dotat43,750,0,3,0,False,False,True,0.771327552767778,0.0
prefix_own_s42_no_search_raw_write,dotat43,766,0,3,0,False,False,True,0.0,0.8732678830761202
prefix_own_s42_no_search_raw_write,dotat43,768,0,1,0,False,False,True,0.8832691702470028,0.0
prefix_own_s42_no_search_raw_write,dotat43,782,0,1,0,False,False,True,0.0,0.0
prefix_own_s42_no_search_raw_write,dotat43,788,0,2,0,False,False,True,0.0,0.8108038367142493
prefix_own_s42_no_search_raw_write,dotat43,792,0,1,0,False,False,True,0.7689437032139284,0.0
prefix_own_s42_no_search_raw_write,dotat43,795,0,1,0,False,False,True,0.0,0.0
prefix_own_s42_no_search_raw_write,dotat43,801,0,0,0,False,False,True,0.0,0.0
prefix_own_s42_no_search_raw_write,dotat43,802,0,0,0,False,False,True,0.0,0.8671243582143372
prefix_own_s42_no_search_raw_write,dotat43,806,0,1,0,False,False,True,0.7480832425976817,0.46738207937805
prefix_own_s42_no_search_raw_write,dotat43,808,0,1,0,False,False,True,0.8327071264154771,0.10963789616220791
prefix_own_s42_no_search_raw_write,dotat43,817,0,1,0,False,False,True,0.9070446651372913,0.0
prefix_own_s42_no_search_raw_write,dotat43,818,0,0,0,False,False,True,0.0016312248046674628,0.0
prefix_own_s42_no_search_raw_write,dotat43,819,0,1,0,False,False,True,0.0,0.5268742203203984
prefix_own_s42_no_search_raw_write,dotat43,832,0,0,0,False,False,True,0.8028058333738369,0.016308057302223917
prefix_own_s42_no_search_raw_write,dotat43,838,0,0,0,False,False,True,0.026811102172903382,0.825002222605418
prefix_own_s42_no_search_raw_write,dotat43,845,0,0,0,False,False,True,0.7692238121242994,0.0
prefix_own_s42_no_search_raw_write,dotat43,847,0,1,0,False,False,True,0.0,0.0
prefix_own_s42_no_search_raw_write,dotat43,848,0,2,0,False,False,True,0.0,0.6838751903599829
prefix_own_s42_no_search_raw_write,dotat43,853,0,1,0,False,False,True,0.40481439986393264,0.0
prefix_own_s42_no_search_raw_write,dotat43,854,0,0,0,False,False,True,0.0,0.60971007409078
prefix_own_s42_no_search_raw_write,dotat43,912,0,3,0,False,False,True,0.8334362547730354,0.0
prefix_own_s42_no_search_raw_write,dotat43,913,0,1,0,False,False,True,0.0,0.0
prefix_own_s42_no_search_raw_write,exercisebook,169,0,1,0,False,False,True,0.743723195807699,0.07909047493906796
prefix_own_s42_no_search_raw_write,exercisebook,180,0,1,0,False,False,True,0.08584935756793455,0.9162471080252008
prefix_own_s42_no_search_raw_write,exercisebook,322,0,1,0,False,False,True,0.05337961336911073,0.7161732898073853
prefix_own_s42_no_search_raw_write,exercisebook,758,0,1,0,False,False,True,0.3739232089465768,0.0
prefix_own_s42_no_search_raw_write,exercisebook,772,0,0,0,False,False,True,0.5045502239124962,0.0
prefix_own_s42_no_search_raw_write,exercisebook,774,0,1,0,False,False,True,0.0,0.33126834089545804
prefix_own_s42_no_search_raw_write,exercisebook,879,0,1,0,False,False,True,0.5371406269823027,0.0
prefix_own_s42_no_search_raw_write,exercisebook,916,0,0,0,False,False,True,0.8888792829029599,0.0
prefix_own_s42_no_search_raw_write,exercisebook,981,0,0,0,False,False,True,0.45965655327354055,0.0
prefix_own_s42_no_search_raw_write,exercisebook,993,0,2,0,False,False,True,0.0,0.5891727069373244
prefix_own_s42_no_search_raw_write,exercisebook,1116,0,0,0,False,False,True,0.06999662338110837,0.7563969636881118
prefix_own_s42_no_search_raw_write,exercisebook,1156,0,1,0,False,False,True,0.0,0.7173440303063011
prefix_own_s42_no_search_raw_write,folddenumbrellainhand,16,0,1,0,False,False,True,0.060089960093817354,0.5207261564323764
prefix_own_s42_no_search_raw_write,girlblack,195,0,1,0,False,False,True,0.0,0.7987871667711862
prefix_own_s42_no_search_raw_write,girlblack,350,0,1,0,False,False,True,0.0,0.0
prefix_own_s42_no_search_raw_write,guardatbike_ab,50,0,2,0,False,False,False,,
prefix_own_s42_no_search_raw_write,guardatbike_ab,95,0,1,0,False,False,True,0.0,0.19032567355181493
prefix_own_s42_no_search_raw_write,guardman,71,0,0,0,False,False,True,0.0,0.6159937534548741
prefix_own_s42_no_search_raw_write,guardman,73,0,1,0,False,False,True,0.6462128388006186,0.0
prefix_own_s42_no_search_raw_write,guardman,81,0,1,0,False,False,True,0.0,0.0
prefix_own_s42_no_search_raw_write,leftbasketball,107,0,1,0,False,False,True,0.5588899595199073,0.0
prefix_own_s42_no_search_raw_write,leftbasketball,108,0,2,0,False,False,True,0.47305315608340504,0.5121326828247191
prefix_own_s42_no_search_raw_write,leftbasketball,122,0,1,0,False,False,True,0.20137454698773707,0.03653676989587619
prefix_own_s42_no_search_raw_write,leftbasketball,248,0,0,0,False,False,True,0.7416930682026589,0.0
prefix_own_s42_no_search_raw_write,leftbasketball,305,0,1,0,False,False,True,0.5346650679275112,0.0
prefix_own_s42_no_search_raw_write,leftbasketball,307,0,1,0,False,False,True,0.0,0.4091119740536423
prefix_own_s42_no_search_raw_write,leftbasketball,308,0,1,0,False,False,True,0.6514456173085806,0.0
prefix_own_s42_no_search_raw_write,leftbasketball,311,0,1,0,False,False,True,0.0,0.4801180281739277
prefix_own_s42_no_search_raw_write,leftbasketball,315,0,0,0,False,False,True,0.7906196320036682,0.0
prefix_own_s42_no_search_raw_write,leftbasketball,317,0,1,0,False,False,True,0.0,0.647749494133433
prefix_own_s42_no_search_raw_write,leftbasketball,326,0,1,0,False,False,True,0.06188174808536202,0.4416637010487004
prefix_own_s42_no_search_raw_write,leftbasketball,370,0,1,0,False,False,True,0.585223513904073,0.0
prefix_own_s42_no_search_raw_write,leftbasketball,372,0,3,0,False,False,True,0.5858360570532193,0.020536994891892018
prefix_own_s42_no_search_raw_write,leftbasketball,374,0,2,0,False,False,True,0.19453732742852314,0.0
prefix_own_s42_no_search_raw_write,leftbasketball,376,0,1,0,False,False,True,0.0,0.0
prefix_own_s42_no_search_raw_write,leftbasketball,377,0,1,0,False,False,True,0.0,0.06632596107637422
prefix_own_s42_no_search_raw_write,leftbasketball,383,0,1,0,False,False,True,0.0,0.0
prefix_own_s42_no_search_raw_write,leftbasketball,386,0,2,0,False,False,True,0.0,0.0
prefix_own_s42_no_search_raw_write,leftbasketball,389,0,1,0,False,False,True,0.0,0.5994527681455036
prefix_own_s42_no_search_raw_write,leftbasketball,433,0,1,0,False,False,True,0.38737545104481336,0.08691829060573938
prefix_own_s42_no_search_raw_write,leftbasketball,436,0,1,0,False,False,True,0.125598066698007,0.0
prefix_own_s42_no_search_raw_write,leftbasketball,439,0,1,0,False,False,True,0.0,0.0
prefix_own_s42_no_search_raw_write,leftbasketball,444,0,1,0,False,False,True,0.0,0.0
prefix_own_s42_no_search_raw_write,leftbasketball,529,0,1,0,False,False,True,0.28503001162085795,0.006079364913970185
prefix_own_s42_no_search_raw_write,leftbasketball,530,0,3,0,False,False,True,0.19868261386893693,0.0
prefix_own_s42_no_search_raw_write,leftbasketball,532,0,1,0,False,False,True,0.0,0.0
prefix_own_s42_no_search_raw_write,leftbasketball,544,0,1,0,False,False,True,0.0,0.0
prefix_own_s42_no_search_raw_write,leftbasketball,546,0,2,0,False,False,True,0.0,0.0
prefix_own_s42_no_search_raw_write,leftbasketball,547,0,1,0,False,False,True,0.0,0.0
prefix_own_s42_no_search_raw_write,leftbasketball,548,0,4,0,False,False,True,0.0,0.0
prefix_own_s42_no_search_raw_write,leftbasketball,549,0,1,0,False,False,True,0.0,0.0
prefix_own_s42_no_search_raw_write,leftbasketball,551,0,1,0,False,False,True,0.0,0.0
prefix_own_s42_no_search_raw_write,leftbasketball,552,0,2,0,False,False,True,0.0,0.0
prefix_own_s42_no_search_raw_write,leftbasketball,555,0,3,0,False,False,True,0.0,0.0
prefix_own_s42_no_search_raw_write,leftbasketball,556,0,1,0,False,False,True,0.0,0.0
prefix_own_s42_no_search_raw_write,leftbasketball,557,0,1,0,False,False,True,0.0,0.0
prefix_own_s42_no_search_raw_write,leftbasketball,589,0,1,0,False,False,True,0.0,0.0
prefix_own_s42_no_search_raw_write,leftbasketball,602,0,1,0,False,False,True,0.0,0.0
prefix_own_s42_no_search_raw_write,leftbasketball,606,0,1,0,False,False,True,0.0,0.0
prefix_own_s42_no_search_raw_write,leftbasketball,608,0,1,0,False,False,True,0.0,0.0
prefix_own_s42_no_search_raw_write,leftbasketball,611,0,1,0,False,False,True,0.0,0.0
prefix_own_s42_no_search_raw_write,leftbasketball,612,0,1,0,False,False,True,0.0,0.0
prefix_own_s42_no_search_raw_write,leftbasketball,613,0,1,0,False,False,True,0.0,0.0
prefix_own_s42_no_search_raw_write,leftbasketball,621,0,1,0,False,False,True,0.0,0.0
prefix_own_s42_no_search_raw_write,leftbasketball,625,0,1,0,False,False,True,0.0,0.0
prefix_own_s42_no_search_raw_write,leftbasketball,635,0,1,0,False,False,True,0.0,0.0
prefix_own_s42_no_search_raw_write,leftbasketball,637,0,3,0,False,False,True,0.0,0.0
prefix_own_s42_no_search_raw_write,leftbasketball,640,0,2,0,False,False,True,0.0,0.0
prefix_own_s42_no_search_raw_write,leftbasketball,664,0,1,0,False,False,True,0.0,0.0
prefix_own_s42_no_search_raw_write,leftbasketball,665,0,3,0,False,False,True,0.0,0.0
prefix_own_s42_no_search_raw_write,leftbasketball,673,0,2,0,False,False,True,0.0,0.0
prefix_own_s42_no_search_raw_write,leftbasketball,676,0,1,0,False,False,True,0.0,0.0
prefix_own_s42_no_search_raw_write,leftbasketball,678,0,1,0,False,False,True,0.0,0.0
prefix_own_s42_no_search_raw_write,leftbasketball,680,0,2,0,False,False,True,0.0,0.0
prefix_own_s42_no_search_raw_write,leftbasketball,682,0,2,0,False,False,True,0.0,0.0
prefix_own_s42_no_search_raw_write,leftbasketball,686,0,2,0,False,False,True,0.0,0.0
prefix_own_s42_no_search_raw_write,leftbasketball,772,0,1,0,False,False,True,0.0,0.0
prefix_own_s42_no_search_raw_write,leftbasketball,773,0,2,0,False,False,True,0.0,0.0
prefix_own_s42_no_search_raw_write,leftbasketball,775,0,1,0,False,False,True,0.0,0.0
prefix_own_s42_no_search_raw_write,leftbasketball,776,0,2,0,False,False,True,0.0,0.0
prefix_own_s42_no_search_raw_write,leftbasketball,780,0,1,0,False,False,True,0.0,0.0
prefix_own_s42_no_search_raw_write,leftbasketball,783,0,1,0,False,False,True,0.0,0.0
prefix_own_s42_no_search_raw_write,leftbasketball,795,0,1,0,False,False,True,0.0,0.0
prefix_own_s42_no_search_raw_write,leftbasketball,800,0,3,0,False,False,True,0.0,0.0
prefix_own_s42_no_search_raw_write,leftbasketball,801,0,2,0,False,False,True,0.0,0.0
prefix_own_s42_no_search_raw_write,leftbasketball,827,0,1,0,False,False,True,0.0,0.0
prefix_own_s42_no_search_raw_write,leftbasketball,848,0,1,0,False,False,True,0.0,0.0
prefix_own_s42_no_search_raw_write,leftbasketball,863,0,0,0,False,False,True,0.0,0.6437397724630337
prefix_own_s42_no_search_raw_write,leftbasketball,1126,0,1,0,False,False,True,0.24870069363165354,0.06568330879749236
prefix_own_s42_no_search_raw_write,leftbasketball,1204,0,1,0,False,False,True,0.5401818223706214,0.0
prefix_own_s42_no_search_raw_write,leftbasketball,1220,0,1,0,False,False,True,0.2491177010891805,0.1696267370006661
prefix_own_s42_no_search_raw_write,leftbasketball,1244,0,1,0,False,False,True,0.0,0.6342319815389913
prefix_own_s42_no_search_raw_write,leftbasketball,1411,0,1,0,False,False,True,0.4091603111968236,0.11738548753729575
prefix_own_s42_no_search_raw_write,leftbasketball,1501,0,1,0,False,False,True,0.3625563483955307,0.5599855981805894
prefix_own_s42_no_search_raw_write,leftbasketball,1513,0,1,0,False,False,True,0.8131800229002208,0.0
prefix_own_s42_no_search_raw_write,leftbasketball,1514,0,3,0,False,False,True,0.0,0.0
prefix_own_s42_no_search_raw_write,leftbasketball,1515,0,1,0,False,False,True,0.0,0.0
prefix_own_s42_no_search_raw_write,leftbasketball,1525,0,1,0,False,False,True,0.0,0.0
prefix_own_s42_no_search_raw_write,leftbasketball,1527,0,1,0,False,False,True,0.0,0.0
prefix_own_s42_no_search_raw_write,leftbasketball,1532,0,3,0,False,False,True,0.0,0.0
prefix_own_s42_no_search_raw_write,leftbasketball,1548,0,2,0,False,False,True,0.3217026377974387,0.0
prefix_own_s42_no_search_raw_write,leftbasketball,1550,0,1,0,False,False,True,0.0,0.0
prefix_own_s42_no_search_raw_write,leftof2girls,80,0,0,0,False,False,True,0.7912547422184792,0.0
prefix_own_s42_no_search_raw_write,leftof2girls,84,0,0,0,False,False,True,0.0,0.8530703825508007
prefix_own_s42_no_search_raw_write,lonelyman,185,0,1,0,False,False,True,0.3333139312200635,0.0
prefix_own_s42_no_search_raw_write,lonelyman,203,0,3,0,False,False,True,0.41411888470128116,0.0
prefix_own_s42_no_search_raw_write,lonelyman,204,0,1,0,False,False,True,0.0,0.7126261268967832
prefix_own_s42_no_search_raw_write,lonelyman,211,0,3,0,False,False,True,0.3988239056796073,0.0
prefix_own_s42_no_search_raw_write,lonelyman,212,0,2,0,False,False,True,0.0,0.711604951493414
prefix_own_s42_no_search_raw_write,lonelyman,241,0,1,0,False,False,True,0.28508348167418635,0.0
prefix_own_s42_no_search_raw_write,lonelyman,263,0,1,0,False,False,True,0.0,0.0
prefix_own_s42_no_search_raw_write,man2startmoto,35,0,1,0,False,False,True,0.6351668987195482,0.0
prefix_own_s42_no_search_raw_write,man2startmoto,40,0,1,0,False,False,True,0.0,0.7563339221562563
prefix_own_s42_no_search_raw_write,man2startmoto,64,0,2,0,False,False,True,0.28553553371581875,0.00015618161977141786
prefix_own_s42_no_search_raw_write,man2startmoto,458,0,3,0,False,False,True,0.000570887610598576,0.0
prefix_own_s42_no_search_raw_write,man2startmoto,462,0,1,0,False,False,True,0.0,0.5198804691174195
prefix_own_s42_no_search_raw_write,manafetrtrees,39,0,0,0,False,False,True,0.0,0.8066330228141387
prefix_own_s42_no_search_raw_write,manafetrtrees,53,0,1,0,False,False,True,0.3207735256298259,0.0
prefix_own_s42_no_search_raw_write,manafetrtrees,54,0,2,0,False,False,True,0.0,0.0
prefix_own_s42_no_search_raw_write,manafetrtrees,57,0,2,0,False,False,True,0.0,0.0
prefix_own_s42_no_search_raw_write,manafetrtrees,74,0,0,0,False,False,True,0.0,0.0
prefix_own_s42_no_search_raw_write,manafetrtrees,81,0,1,0,False,False,True,0.0,0.0
prefix_own_s42_no_search_raw_write,manafetrtrees,86,0,1,0,False,False,True,0.0,0.0
prefix_own_s42_no_search_raw_write,moto2north2,204,0,1,0,False,False,True,0.6026201638991353,0.0
prefix_own_s42_no_search_raw_write,openthisexersicebook,353,0,1,0,False,False,True,0.3259169322746459,0.25545698956773827
prefix_own_s42_no_search_raw_write,openthisexersicebook,358,0,0,0,False,False,True,0.26178447483852496,0.3477638514337727
prefix_own_s42_no_search_raw_write,openthisexersicebook,367,0,0,0,False,False,True,0.2676625247011114,0.3329794961498264
prefix_own_s42_no_search_raw_write,openthisexersicebook,371,0,0,0,False,False,True,0.37690390682828384,0.3694085937365981
prefix_own_s42_no_search_raw_write,openthisexersicebook,376,0,1,0,False,False,True,0.46812849715007565,0.28941621867773604
prefix_own_s42_no_search_raw_write,openthisexersicebook,479,0,1,0,False,False,True,0.3445420047408512,0.45640500705840803
prefix_own_s42_no_search_raw_write,outer2leftmirrorback,137,0,0,0,False,False,True,0.7731057477195992,0.0
prefix_own_s42_no_search_raw_write,outer2leftmirrorback,282,0,1,0,False,False,True,0.0,0.7157790663603023
prefix_own_s42_no_search_raw_write,outer2leftmirrorback,286,0,1,0,False,False,True,0.8313742948989896,0.0
prefix_own_s42_no_search_raw_write,outer2leftmirrorback,333,0,1,0,False,False,True,0.0,0.7420633781160659
prefix_own_s42_no_search_raw_write,outer2leftmirrorback,460,0,0,0,False,False,True,0.0,0.8294322915543413
prefix_own_s42_no_search_raw_write,outer2leftmirrorback,1163,0,0,0,False,False,True,0.004988039738972085,0.35632476019936016
prefix_own_s42_no_search_raw_write,outer2leftmirrorback,1328,0,1,0,False,False,True,0.8595606636600953,0.0
prefix_own_s42_no_search_raw_write,outer2leftmirrorback,1332,0,0,0,False,False,True,0.0,0.7904380287983986
prefix_own_s42_no_search_raw_write,outer2leftmirrorback,1356,0,1,0,False,False,True,0.7456622905482235,0.0
prefix_own_s42_no_search_raw_write,outer2leftmirrorback,1358,0,0,0,False,False,True,0.0,0.737699654686845
prefix_own_s42_no_search_raw_write,outer2leftmirrorback,1377,0,1,0,False,False,True,0.7116044547350708,0.0
prefix_own_s42_no_search_raw_write,outer2leftmirrorback,1379,0,0,0,False,False,True,0.0,0.5916831553514189
prefix_own_s42_no_search_raw_write,outer2leftmirrorback,1602,0,1,0,False,False,True,0.0,0.49610639826146125
prefix_own_s42_no_search_raw_write,outer2leftmirrorback,1618,0,0,0,False,False,True,0.8117352118199922,0.09657096193533334
prefix_own_s42_no_search_raw_write,outer2leftmirrorback,1635,0,1,0,False,False,True,0.8596464718340814,0.06679230637379756
prefix_own_s42_no_search_raw_write,outer2leftmirrorback,1661,0,1,0,False,False,True,0.8236672961455751,0.017539217580156054
prefix_own_s42_no_search_raw_write,outer2leftmirrorback,1663,0,0,0,False,False,True,0.08405889288290311,0.9343226280417162
prefix_own_s42_no_search_raw_write,outer2leftmirrorback,1692,0,1,0,False,False,True,0.6325566231497455,0.0
prefix_own_s42_no_search_raw_write,outer2leftmirrorback,1740,0,0,0,False,False,True,0.0,0.6725959290191424
prefix_own_s42_no_search_raw_write,outer2leftmirrorback,1783,0,0,0,False,False,True,0.8553138252635953,0.06338332154475218
prefix_own_s42_no_search_raw_write,outer2leftmirrorback,1816,0,0,0,False,False,True,0.802313247861195,0.2158766109950286
prefix_own_s42_no_search_raw_write,outer2leftmirrorback,1818,0,0,0,False,False,True,0.08807928407820982,0.7074641374607797
prefix_own_s42_no_search_raw_write,outer2leftmirrorback,1883,0,1,0,False,False,True,0.844707699639868,0.0006466942987017229
prefix_own_s42_no_search_raw_write,rightbiggreenboy,45,0,1,0,False,False,True,0.7927129580745241,0.0
prefix_own_s42_no_search_raw_write,rightbiggreenboy,46,0,1,0,False,False,True,0.0,0.8003455897692359
prefix_own_s42_no_search_raw_write,rightbiggreenboy,48,0,1,0,False,False,True,0.9136176345175739,0.0
prefix_own_s42_no_search_raw_write,rightbiggreenboy,49,0,0,0,False,False,True,0.8496468174723124,0.0
prefix_own_s42_no_search_raw_write,rightbiggreenboy,65,0,1,0,False,False,True,0.855310093417623,0.0
prefix_own_s42_no_search_raw_write,rightbiggreenboy,68,0,1,0,False,False,True,0.0,0.8730626068665038
prefix_own_s42_no_search_raw_write,rightbiggreenboy,198,0,1,0,False,False,True,0.8140411401200514,0.0
prefix_own_s42_no_search_raw_write,rightbiggreenboy,211,0,1,0,False,False,True,0.0,0.793031939170753
prefix_own_s42_no_search_raw_write,rightbiggreenboy,217,0,1,0,False,False,True,0.7867556697877206,0.0
prefix_own_s42_no_search_raw_write,rightbiggreenboy,284,0,0,0,False,False,True,0.0,0.0
prefix_own_s42_no_search_raw_write,rightbiggreenboy,427,0,0,0,False,False,True,0.1305412483392933,0.5685028362685274
prefix_own_s42_no_search_raw_write,rightbiggreenboy,441,0,1,0,False,False,True,0.2856254172403327,0.0
prefix_own_s42_no_search_raw_write,rightbiggreenboy,446,0,1,0,False,False,True,0.0,0.46650892549841627
prefix_own_s42_no_search_raw_write,rightbiggreenboy,448,0,1,0,False,False,True,0.5971587753673647,0.0
prefix_own_s42_no_search_raw_write,rightbiggreenboy,479,0,0,0,False,False,True,0.0,0.0
prefix_own_s42_no_search_raw_write,rightbiggreenboy,483,0,0,0,False,False,True,0.0,0.0
prefix_own_s42_no_search_raw_write,rightbiggreenboy,549,0,1,0,False,False,True,0.0,0.0
prefix_own_s42_no_search_raw_write,rightbiggreenboy,550,0,1,0,False,False,True,0.0,0.0
prefix_own_s42_no_search_raw_write,rightbiggreenboy,555,0,1,0,False,False,True,0.0,0.0
prefix_own_s42_no_search_raw_write,rightbiggreenboy,564,0,0,0,False,False,True,0.0,0.0
prefix_own_s42_no_search_raw_write,rightbiggreenboy,642,0,0,0,False,False,True,0.0,0.0
prefix_own_s42_no_search_raw_write,rightbiggreenboy,656,0,1,0,False,False,True,0.0,0.0
prefix_own_s42_no_search_raw_write,rightbiggreenboy,657,0,1,0,False,False,True,0.0,0.0
prefix_own_s42_no_search_raw_write,rightbiggreenboy,712,0,1,0,False,False,True,0.0,0.0
prefix_own_s42_no_search_raw_write,rightbiggreenboy,761,0,1,0,False,False,True,0.0,0.48030282182925443
prefix_own_s42_no_search_raw_write,rightbiggreenboy,767,0,1,0,False,False,True,0.8361366529931876,0.0
prefix_own_s42_no_search_raw_write,rightbiggreenboy,773,0,1,0,False,False,True,0.0,0.5373658415437186
prefix_own_s42_no_search_raw_write,rightbiggreenboy,785,0,1,0,False,False,True,0.8379275489088326,0.0
prefix_own_s42_no_search_raw_write,rightbiggreenboy,787,0,1,0,False,False,True,0.0,0.8712877138792351
prefix_own_s42_no_search_raw_write,rightbiggreenboy,789,0,0,0,False,False,True,0.9081364663706315,0.0
prefix_own_s42_no_search_raw_write,rightboy`shead,237,0,0,0,False,False,True,0.7947300959758324,0.01745245409058362
prefix_own_s42_no_search_raw_write,rightboy`shead,254,0,1,0,False,False,True,0.7889061812452666,0.0
prefix_own_s42_no_search_raw_write,rightboy`shead,255,0,1,0,False,False,True,0.0,0.0
prefix_own_s42_no_search_raw_write,rightboy`shead,258,0,1,0,False,False,True,0.0,0.0
prefix_own_s42_no_search_raw_write,rightboy`shead,259,0,2,0,False,False,True,0.0,0.0
prefix_own_s42_no_search_raw_write,rightboy`shead,260,0,2,0,False,False,True,0.0,0.0
prefix_own_s42_no_search_raw_write,rightboy`shead,269,0,3,0,False,False,True,0.0,0.0
prefix_own_s42_no_search_raw_write,rightboy`shead,270,0,1,0,False,False,True,0.0,0.0
prefix_own_s42_no_search_raw_write,rightboy`shead,277,0,2,0,False,False,True,0.0,0.41090846891814675
prefix_own_s42_no_search_raw_write,rightboy`shead,280,0,1,0,False,False,True,0.6548055861046896,0.0
prefix_own_s42_no_search_raw_write,rightboy`shead,285,0,1,0,False,False,True,0.0,0.6578530274098343
prefix_own_s42_no_search_raw_write,rightboy`shead,287,0,2,0,False,False,True,0.6529998514459151,0.0
prefix_own_s42_no_search_raw_write,rightboy`shead,289,0,2,0,False,False,True,0.0,0.0
prefix_own_s42_no_search_raw_write,rightboy`shead,290,0,2,0,False,False,True,0.0,0.0
prefix_own_s42_no_search_raw_write,rightboy`shead,294,0,1,0,False,False,True,0.0,0.3601401800052405
prefix_own_s42_no_search_raw_write,rightboy`shead,295,0,2,0,False,False,True,0.7201647201859955,0.0
prefix_own_s42_no_search_raw_write,rightboy`shead,296,0,2,0,False,False,True,0.0,0.4035468354942174
prefix_own_s42_no_search_raw_write,rightboy`shead,300,0,1,0,False,False,True,0.6752570226784538,0.0
prefix_own_s42_no_search_raw_write,rightboy`shead,304,0,1,0,False,False,True,0.0,0.3632049067589174
prefix_own_s42_no_search_raw_write,rightboy`shead,307,0,1,0,False,False,True,0.6210080375785587,0.0
prefix_own_s42_no_search_raw_write,rightboy`shead,312,0,4,0,False,False,True,0.0,0.38473639200070625
prefix_own_s42_no_search_raw_write,rightboy`shead,313,0,4,0,False,False,True,0.2907539895302576,0.0
prefix_own_s42_no_search_raw_write,rightboy`shead,314,0,1,0,False,False,True,0.0,0.0
prefix_own_s42_no_search_raw_write,rightboy`shead,317,0,4,0,False,False,True,0.0,0.5345489804661596
prefix_own_s42_no_search_raw_write,rightboy`shead,318,0,2,0,False,False,True,0.6182867660863226,0.0
prefix_own_s42_no_search_raw_write,rightboy`shead,321,0,1,0,False,False,True,0.0,0.0
prefix_own_s42_no_search_raw_write,rightboy`shead,338,0,1,0,False,False,True,0.0,0.0
prefix_own_s42_no_search_raw_write,rightboy`shead,342,0,1,0,False,False,True,0.0,0.0
prefix_own_s42_no_search_raw_write,rightboy`shead,345,0,2,0,False,False,True,0.0,0.0
prefix_own_s42_no_search_raw_write,rightboy`shead,355,0,3,0,False,False,True,0.0,0.0
prefix_own_s42_no_search_raw_write,rightboy`shead,357,0,1,0,False,False,True,0.0,0.0
prefix_own_s42_no_search_raw_write,rightboy`shead,358,0,2,0,False,False,True,0.0,0.0
prefix_own_s42_no_search_raw_write,rightholdball1096,371,0,0,0,False,False,False,,
prefix_own_s42_no_search_raw_write,rightholdball1096,1084,0,0,0,False,False,True,0.7828566881406209,0.0
prefix_own_s42_no_search_raw_write,rightshiningmirror,467,0,1,0,False,False,True,0.04396720634046931,0.5739815767441291
prefix_own_s42_no_search_raw_write,rightshiningmirror,496,0,1,0,False,False,True,0.5804116205464404,0.0
prefix_own_s42_no_search_raw_write,rightshiningmirror,554,0,1,0,False,False,True,0.15669244404644822,0.0
prefix_own_s42_no_search_raw_write,rightshiningmirror,596,0,1,0,False,False,True,0.4033248262156864,0.4612934136081212
prefix_own_s42_no_search_raw_write,rightshiningmirror,829,0,1,0,False,False,True,0.41094465566650934,0.0
prefix_own_s42_no_search_raw_write,rightshiningmirror,889,0,0,0,False,False,True,0.0,0.31865510315629847
prefix_own_s42_no_search_raw_write,righttallnine-gai,881,0,0,0,False,False,True,0.0,0.8690452997199771
prefix_own_s42_no_search_raw_write,stripeman,131,0,0,0,False,False,True,0.0,0.6958461156459902
prefix_own_s42_no_search_raw_write,stripeman,151,0,3,0,False,False,True,0.6547244349445432,0.0
prefix_own_s42_no_search_raw_write,stripeman,153,0,1,0,False,False,True,0.0,0.8702937437926098
prefix_own_s42_no_search_raw_write,stripeman,155,0,1,0,False,False,True,0.0,0.5950724845581599
prefix_own_s42_no_search_raw_write,stubesideswhitecar,25,0,1,0,False,False,True,0.7051522662201716,0.0
prefix_own_s42_no_search_raw_write,stubesideswhitecar,28,0,0,0,False,False,True,0.7884374519379336,0.0
prefix_own_s42_no_search_raw_write,stubesideswhitecar,45,0,1,0,False,False,True,0.0,0.43968907431023607
prefix_own_s42_no_search_raw_write,stubesideswhitecar,51,0,2,0,False,False,True,0.0,0.0
prefix_own_s42_no_search_raw_write,stubesideswhitecar,53,0,1,0,False,False,True,0.0,0.0
prefix_own_s42_no_search_raw_write,stubesideswhitecar,67,0,0,0,False,False,True,0.0,0.0
prefix_own_s42_no_search_raw_write,stubesideswhitecar,76,0,1,0,False,False,True,0.0,0.0
prefix_own_s42_no_search_raw_write,stubesideswhitecar,77,0,1,0,False,False,True,0.0,0.0
prefix_own_s42_no_search_raw_write,stubesideswhitecar,81,0,1,0,False,False,True,0.0,0.0
prefix_own_s42_no_search_raw_write,stubesideswhitecar,82,0,0,0,False,False,True,0.0,0.0
prefix_own_s42_no_search_raw_write,stubesideswhitecar,110,0,1,0,False,False,True,0.0,0.0
prefix_own_s42_no_search_raw_write,stubesideswhitecar,111,0,1,0,False,False,True,0.0,0.0
prefix_own_s42_no_search_raw_write,stubesideswhitecar,139,0,0,0,False,False,True,0.0,0.0
prefix_own_s42_no_search_raw_write,stubesideswhitecar,142,0,1,0,False,False,True,0.0,0.0
prefix_own_s42_no_search_raw_write,stubesideswhitecar,148,0,2,0,False,False,True,0.0,0.0
prefix_own_s42_no_search_raw_write,stubesideswhitecar,159,0,2,0,False,False,True,0.0,0.0
prefix_own_s42_no_search_raw_write,stubesideswhitecar,190,0,1,0,False,False,True,0.0,0.0
prefix_own_s42_no_search_raw_write,stubesideswhitecar,199,0,1,0,False,False,True,0.0,0.0
prefix_own_s42_no_search_raw_write,stubesideswhitecar,203,0,1,0,False,False,True,0.0,0.0
prefix_own_s42_no_search_raw_write,stubesideswhitecar,211,0,1,0,False,False,True,0.0,0.0
prefix_own_s42_no_search_raw_write,stubesideswhitecar,212,0,1,0,False,False,True,0.0,0.0
prefix_own_s42_no_search_raw_write,stubesideswhitecar,213,0,1,0,False,False,True,0.0,0.0
prefix_own_s42_no_search_raw_write,stubesideswhitecar,217,0,1,0,False,False,True,0.0,0.0
prefix_own_s42_no_search_raw_write,stubesideswhitecar,230,0,1,0,False,False,True,0.0,0.0
prefix_own_s42_no_search_raw_write,stubesideswhitecar,232,0,1,0,False,False,True,0.0,0.0
prefix_own_s42_no_search_raw_write,stubesideswhitecar,242,0,0,0,False,False,True,0.0,0.0
prefix_own_s42_no_search_raw_write,stubesideswhitecar,247,0,1,0,False,False,True,0.0,0.0
prefix_own_s42_no_search_raw_write,suitcase,252,0,1,0,False,False,True,0.38310984015980093,0.0
prefix_own_s42_no_search_raw_write,suitcase,309,0,1,0,False,False,True,0.729872672852105,0.0
prefix_own_s42_no_search_raw_write,suitcase,310,0,0,0,False,False,True,0.0,0.615693743110555
prefix_own_s42_no_search_raw_write,suitcase,314,0,0,0,False,False,True,0.0,0.7278835704043168
prefix_own_s42_no_search_raw_write,suitcase,316,0,0,0,False,False,True,0.0,0.746872073387183
prefix_own_s42_no_search_raw_write,suitcase,322,0,1,0,False,False,True,0.7245153119047548,0.0
prefix_own_s42_no_search_raw_write,suitcase,326,0,0,0,False,False,True,0.0,0.4274775625174081
prefix_own_s42_no_search_raw_write,suitcase,331,0,1,0,False,False,True,0.47252519212967925,0.0
prefix_own_s42_no_search_raw_write,suitcase,332,0,2,0,False,False,True,0.0,0.0
prefix_own_s42_no_search_raw_write,suitcase,333,0,1,0,False,False,True,0.0,0.46958194801322234
prefix_own_s42_no_search_raw_write,suitcase,335,0,2,0,False,False,True,0.5184898186485503,0.0
prefix_own_s42_no_search_raw_write,suitcase,340,0,1,0,False,False,True,0.5544160336276155,0.0
prefix_own_s42_no_search_raw_write,suitcase,341,0,1,0,False,False,True,0.0,0.4543023001721873
prefix_own_s42_no_search_raw_write,suitcase,351,0,1,0,False,False,True,0.49711091750220476,0.0
prefix_own_s42_no_search_raw_write,suitcase,420,0,1,0,False,False,True,0.7206901266821346,0.0
prefix_own_s42_no_search_raw_write,suitcase,421,0,3,0,False,False,True,0.0,0.5854208626177347
prefix_own_s42_no_search_raw_write,suitcase,422,0,2,0,False,False,True,0.5452841635116513,0.0
prefix_own_s42_no_search_raw_write,suitcase,424,0,1,0,False,False,True,0.0,0.4607005604554903
prefix_own_s42_no_search_raw_write,suitcase,425,0,2,0,False,False,True,0.31809657972485916,0.0
prefix_own_s42_no_search_raw_write,suitcase,432,0,1,0,False,False,True,0.0,0.46978200526541397
prefix_own_s42_no_search_raw_write,suitcase,436,0,1,0,False,False,True,0.49525820583681474,0.0
prefix_own_s42_no_search_raw_write,waiterontheothersideofwindow,13,0,1,0,False,False,True,0.13547530164349864,0.0
prefix_own_s42_no_search_raw_write,waiterontheothersideofwindow,21,0,2,0,False,False,True,0.0,0.505456691490809
prefix_own_s42_no_search_raw_write,whiteaftertrees,44,0,1,0,False,False,True,0.48902893567747696,0.0
prefix_own_s42_no_search_raw_write,whiteaftertrees,75,0,1,0,False,False,True,0.0,0.0
prefix_own_s42_no_search_raw_write,whiteaftertrees,76,0,1,0,False,False,True,0.0,0.0
prefix_own_s42_no_search_raw_write,whiteaftertrees,78,0,2,0,False,False,True,0.030072009795178694,0.0
prefix_own_s42_no_search_raw_write,whiteaftertrees,79,0,1,0,False,False,True,0.2881471159812594,0.0
prefix_own_s42_no_search_raw_write,whiteaftertrees,227,0,1,0,False,False,True,0.0,0.0
prefix_own_s42_no_search_raw_write,whiteaftertrees,253,0,1,0,False,False,True,0.0,0.0
