variant,sequence,NPR,PR,SR,valid_tracking_frames,failed_tracking_frames,failure_events,recovered_events,tracking_fps
baseline,10runone,99.67105263157895,100.0,79.68358395989975,303,0,0,0,24.149916379386376
baseline,11leftboy,88.1578947368421,88.81578947368422,74.02882205513784,151,17,1,1,29.031266530251028
baseline,11runtwo,95.59322033898306,100.0,78.41807909604522,294,0,0,0,21.679671905381827
baseline,1blackteacher,100.0,100.0,82.69263051871748,850,0,0,0,21.500061932787627
baseline,1boycoming,100.0,100.0,77.55883962780514,173,0,0,0,32.23980869053538
baseline,1stcol4thboy,4.293751850755108,6.899615042937518,5.1158396435269395,3376,3073,14,13,18.411362463600057
baseline,1strowleftboyturning,4.508196721311475,4.508196721311475,3.6755139214155608,731,699,1,0,21.102811476917047
baseline,1strowrightdrillmaster,73.82761330888133,97.8517160073356,62.48237833252242,3816,224,3,2,28.91321951612861
baseline,1strowrightgirl3540,32.96610169491526,41.38418079096045,29.27764326069411,3539,2053,35,34,21.161173376943434
baseline,2girl,87.83783783783784,99.09909909909909,74.34577434577434,221,2,0,0,43.498608914393515
baseline,2girlup,7.563025210084033,9.243697478991598,6.162464985994396,236,216,1,0,36.70190373135889
baseline,2runseven,98.88888888888889,100.0,80.49382716049381,269,0,0,0,28.411745177917872
baseline,3bike1,86.32478632478633,99.14529914529915,71.06227106227105,116,0,0,0,33.14664128881975
baseline,3men,94.47513812154696,97.23756906077348,76.05893186003684,180,0,0,0,34.914082019011175
baseline,3pinkleft,98.29059829059828,100.0,76.19047619047619,227,1,0,0,18.89890692581445
baseline,3rdfatboy,92.74924471299094,95.77039274924472,77.9887785930082,330,9,2,2,25.063451296286825
baseline,3rdgrouplastboy,67.78846153846155,73.91826923076923,51.34500915750916,831,224,4,3,23.188035849889683
baseline,3thmoto,94.23076923076923,99.03846153846155,81.91391941391942,103,0,0,0,41.90720849439732
baseline,4men,94.68599033816425,98.55072463768117,74.29261559696342,413,0,0,0,43.32705993770192
baseline,4thboywithwhite,78.73015873015873,81.26984126984127,66.83295540438398,314,59,4,4,27.23570414901232
baseline,7rightorangegirl,40.6570841889117,44.558521560574945,35.210716730223915,486,269,2,1,43.301014826534505
baseline,ab_bikeoccluded,98.01699716713881,99.43342776203966,72.48077701335492,312,2,0,0,33.972169570696
baseline,ab_blkskirtgirl,73.5655737704918,75.40983606557377,61.36807181889149,487,117,1,1,30.753980536514977
baseline,ab_bolstershaking,66.58453957499229,67.72405297197412,58.74433543050728,3246,329,15,15,20.84231909651963
baseline,ab_girlchoosesbike,97.27011494252874,99.56896551724138,77.01833607006022,695,0,0,0,40.170909257570415
baseline,ab_girlcrossroad,88.65979381443299,89.94845360824742,62.89887088856162,355,38,2,2,42.7220056894244
baseline,ab_pingpongball2,5.670103092783505,6.185567010309279,3.878252331860579,193,182,1,0,29.7281639784218
baseline,ab_rightlowerredcup_quezhen,26.411960132890368,28.62679955703212,27.653852238569847,1805,899,23,23,24.44367277600683
baseline,ab_whiteboywithbluebag,35.714285714285715,31.467181467181465,27.33958448244162,507,322,2,1,18.830615347197778
baseline,advancedredcup,58.681785967399,60.17009213323884,56.77162431237556,1410,391,12,12,50.79871501535988
baseline,AQgirlwalkinrain,71.50537634408603,73.9247311827957,51.45929339477726,371,87,1,1,31.47596711267242
baseline,AQtruck2north,100.0,100.0,82.3558897243108,94,0,0,0,33.64202361636877
baseline,baggirl,82.88288288288288,71.17117117117117,70.39897039897039,110,0,0,0,43.91536414432183
baseline,ballshootatthebasket3times,60.39867109634551,73.62126245847176,50.83372884037336,1489,362,11,10,19.299665811848925
baseline,basketball849,34.275618374558306,43.109540636042404,20.47226428851871,743,484,11,11,21.572237894219537
baseline,basketballathand,21.875,35.9375,29.24107142857143,63,33,2,1,34.73251833705128
baseline,basketboy,83.52941176470588,100.0,67.39495798319328,84,0,0,0,34.885658265390276
baseline,bawgirl,100.0,100.0,79.08163265306123,279,0,0,0,30.892003524057223
baseline,belowdarkgirl,92.46231155778895,99.49748743718592,73.07968413496052,198,1,0,0,24.522670195843386
baseline,besom3,74.65249386753884,58.29926410466067,68.33703227816065,1222,24,1,1,22.46561823375783
baseline,bike,97.84946236559139,98.77112135176651,80.90849242922974,650,1,0,0,25.4784205787006
baseline,bike2left,96.10894941634241,94.16342412451361,80.48916064480267,256,5,1,1,30.524068015213007
baseline,bike2trees,76.02739726027397,80.13698630136986,71.4938030006523,145,3,0,0,31.193916273440024
baseline,bikeboy,95.57522123893806,97.34513274336283,79.56173619890434,112,0,0,0,24.36402686335901
baseline,bikeboyintodark,32.92978208232446,26.755447941888622,30.323994004381422,825,467,4,3,23.03168774910048
baseline,bikeboyright,76.87366167023555,90.36402569593149,69.59314775160598,466,3,1,1,39.433308615201845
baseline,bikeboyturn,56.774193548387096,100.0,59.877112135176645,154,0,0,0,35.61290267367914
baseline,bikeboyturntimes,100.0,100.0,90.59376837154616,242,0,0,0,35.929672270772635
baseline,bikeboywithumbrella,100.0,100.0,83.98268398268398,219,0,0,0,30.452165160213738
baseline,bikefromlight,89.53488372093024,100.0,73.50498338870432,171,0,0,0,31.13859894232841
baseline,bikegoindark,35.91549295774648,40.845070422535215,32.99798792756539,283,132,2,1,31.17289143321829
baseline,bikeinrain,99.28571428571429,100.0,74.93197278911565,139,0,0,0,32.71860710442149
baseline,biketurnright,4.580152671755725,6.870229007633588,6.070519810977825,130,118,1,0,35.46198256257953
baseline,blackboy,99.53703703703704,100.0,84.96472663139329,431,0,0,0,23.69346248463305
baseline,blackboyoncall,100.0,100.0,87.48991121872479,294,0,0,0,44.310190144336545
baseline,blackcarturn,100.0,99.20634920634922,75.17006802721089,125,0,0,0,43.14884942973082
baseline,blackdown,95.16129032258065,98.38709677419355,74.88479262672813,61,1,0,0,31.084932443087595
baseline,blackgirl,94.47004608294931,95.85253456221197,74.45687952600395,216,1,0,0,30.360858171942557
baseline,blkboyback,94.73684210526315,87.71929824561403,76.69172932330827,170,0,0,0,28.346365734162646
baseline,blkboybetweenredandwhite,84.43708609271523,93.70860927152319,71.27089246294544,301,11,2,2,26.223763359192976
baseline,blkboydown,70.73170731707317,79.26829268292683,59.291521486643425,81,17,1,0,42.961494170481515
baseline,blkboyhead,21.58273381294964,22.302158273381295,17.76293251113395,555,432,1,0,22.810864051465764
baseline,blkboylefttheNo_21,55.577831877416585,56.265215523414,44.293965617179126,6930,2688,36,36,19.235780521758585
baseline,blkboystand,38.71866295264624,38.92757660167131,33.373126409338106,1435,825,3,2,17.842451535963924
baseline,blkboytakesumbrella,100.0,100.0,84.03361344537815,339,0,0,0,44.23958100816168
baseline,blkboy`shead,86.61949930026435,88.46213652620122,69.39119295673487,12861,1192,34,34,19.041113705627236
baseline,blkcaratfrontbluebus,42.14659685863874,68.45549738219894,39.422837197706315,763,271,3,2,41.536764926313246
baseline,blkgirlumbrella,96.49122807017544,100.0,73.50320245057088,341,0,0,0,36.27610216777148
baseline,blkhairgirltakingblkbag,74.64539007092199,65.95744680851064,58.20668693009119,563,106,6,5,22.275685159319064
baseline,blkmoto2north,71.65775401069519,83.42245989304813,63.8655462184874,186,35,2,1,34.828354103148904
baseline,blkstandboy,93.6842105263158,93.15789473684211,80.10025062656642,189,0,0,0,18.853426703581395
baseline,blktribikecome,98.59154929577466,100.0,84.43997317236754,141,0,0,0,35.09694989004973
baseline,blueboy,98.7878787878788,98.18181818181819,82.43867243867246,329,0,0,0,19.085160697382843
baseline,blueboy421,93.34916864608076,99.04988123515439,76.78995588734304,420,1,0,0,34.86565367562866
baseline,bluebuscoming,99.93041057759221,98.8865692414753,84.74666136461543,1436,0,0,0,19.69950829227962
baseline,bluegirlbiketurn,95.94594594594594,100.0,77.82067782067782,221,1,0,0,43.79779404267823
baseline,bottlebetweenboy`sfeet,13.636363636363635,23.91304347826087,16.233766233766236,505,366,3,2,25.089101015977555
baseline,boy2basketballground,37.86407766990291,64.56310679611651,36.68515950069348,205,97,3,2,34.58571433149017
baseline,boy2buildings,76.1744966442953,83.165548098434,62.81825929476936,1787,207,3,2,30.895343845627828
baseline,boy2trees,97.04433497536947,99.50738916256158,80.8116349988271,202,1,0,0,43.55272865908577
baseline,boy2treesfindbike,71.9298245614035,77.65466297322253,58.16734819504903,1082,148,3,3,41.639330165149715
baseline,boyaftertree,94.11764705882352,94.11764705882352,75.16339869281046,101,6,1,1,32.70885952520314
baseline,boyaroundtrees,61.23936816524909,65.16808424463345,51.13888406719512,2457,806,3,3,27.00690731011906
baseline,boyatdoorturnright,73.27935222672065,81.37651821862349,68.9705031810295,493,55,5,5,25.449326678372472
baseline,boydownplatform,87.7496671105193,96.6711051930759,74.33897660262507,750,19,1,1,34.251295646648714
baseline,boyfromdark,99.29824561403508,99.29824561403508,83.52548036758564,283,0,0,0,39.219349931377856
baseline,boyinlight,95.92476489028213,97.4921630094044,76.74279743245259,318,8,1,1,43.21260162448176
baseline,boyinplatform,80.92307692307692,93.12820512820514,68.96214896214894,974,33,2,2,34.84384066817933
baseline,boyinsnowfield3,94.35825105782793,94.92242595204513,82.6919202095507,1417,13,1,1,20.30052184496593
baseline,boyleftblkrunning2crowd,73.23943661971832,86.15023474178403,61.07757657053432,425,70,2,1,23.402832824766293
baseline,boylefttheNo_9boy,96.38284901442796,93.74110953058322,80.19663057257043,4919,156,3,2,20.483632045659554
baseline,boyoncall,99.35483870967742,46.45161290322581,69.70814132104455,308,0,0,0,36.47361283167557
baseline,boyplayphone,95.18348623853211,98.62385321100918,76.9659239842726,434,5,1,1,41.300395076894304
baseline,boyride2path,45.326086956521735,49.40217391304348,32.334368530020704,1837,805,5,4,26.424679833667163
baseline,boyruninsnow,100.0,100.0,85.00784929356358,181,0,0,0,22.908105640178903
baseline,boyscomeleft,35.991379310344826,41.16379310344828,30.41871921182266,463,263,3,3,34.1759464288804
baseline,boyshead9684,90.78893019413465,91.62536142090045,72.5851183100254,9683,96,3,3,19.22238700132039
baseline,boyss,52.0,81.33333333333333,53.62539682539682,374,60,6,5,44.77054462190138
baseline,boytakingbasketballfollowing,55.44692737430168,55.865921787709496,46.61811652035115,1431,567,5,4,20.165273300133553
baseline,boytakingplate2left,90.07633587786259,87.02290076335878,72.8644129407488,259,0,0,0,21.44325660574588
baseline,boyunder2baskets,17.29200652528548,18.270799347471453,16.54625961314379,612,478,3,2,26.417294759302035
baseline,boywaitgirl,93.67875647668393,97.30569948186528,77.30569948186528,964,0,0,0,37.94545219449122
baseline,boywalkinginsnow2,98.93617021276596,98.78419452887537,82.45766391663048,657,0,0,0,18.384318879460466
baseline,boy`headwithouthat,43.59576968272621,48.531139835487664,33.66907279950758,850,437,5,4,21.525387495928296
baseline,boy`sheadingreycol,25.650557620817843,41.2639405204461,25.27881040892193,268,159,4,3,31.283559688092005
baseline,broom,84.3992451247641,65.831411197316,64.83689302938622,9531,544,34,34,20.526848831043
baseline,carbehindtrees,100.0,100.0,69.79949874686717,113,0,0,0,23.381188281055802
baseline,carcomeonlight,100.0,100.0,84.44130127298445,100,0,0,0,39.031627078963226
baseline,carcomingfromlight,32.22506393861892,35.54987212276215,32.38338813786384,390,212,3,2,43.06454411116611
baseline,carcominginlight,94.19354838709677,96.12903225806451,73.73271889400922,154,0,0,0,26.027167456098052
baseline,carlight2,95.71428571428572,100.0,80.06802721088437,69,0,0,0,37.34486777416441
baseline,carlightcome2,100.0,100.0,83.87096774193549,92,0,0,0,38.59725180453807
baseline,caronlight,96.51162790697676,100.0,77.13178294573643,85,0,0,0,30.249426111464068
baseline,carturn117,100.0,100.0,87.46438746438746,116,0,0,0,31.20452394058812
baseline,carwillturn,43.65904365904366,44.07484407484408,38.095238095238095,480,227,2,1,22.8791837365326
baseline,catbrown2,100.0,97.8021978021978,86.55154369440083,90,0,0,0,27.177888390650104
baseline,catbrownback2bush,70.66269545793,70.66269545793,65.67741020458817,1342,297,1,1,20.833967889081837
baseline,couple,57.42574257425742,58.415841584158414,44.743045733144726,100,38,1,0,42.26369802832004
baseline,darkcarturn,100.0,97.61904761904762,91.38321995464852,83,0,0,0,32.308744764830756
baseline,darkgirl,99.02120717781403,100.0,80.40083896527618,612,0,0,0,42.73835211509483
baseline,darkouterwhiteboy,50.06675567423231,99.59946595460613,54.116599910992434,748,95,9,9,23.30107419987184
baseline,darktreesboy,80.31809145129225,85.48707753479125,70.16945943387296,502,29,1,1,27.836862170763855
baseline,drillmaster1117,45.9265890778872,48.433303491495074,39.01180884171036,1116,576,1,0,38.898670718431426
baseline,drillmasterfollowingatright,50.71283095723014,52.0366598778004,39.462709727475506,981,471,1,1,22.493063967233468
baseline,farfatboy,77.16535433070865,85.8267716535433,57.14285714285715,253,43,1,1,42.58288867188698
baseline,firstexercisebook,26.03448275862069,28.36206896551724,30.036945812807875,1159,590,5,4,20.934549553314845
baseline,foamatgirl`srighthand,58.03108808290155,70.98445595854922,45.793239575623,192,43,3,2,29.690278518053162
baseline,foldedfolderatlefthand,37.43455497382199,35.42757417102967,33.51200864289869,1145,591,11,11,26.641100097328312
baseline,girl2left3man1,71.52317880794702,100.0,63.41847997477136,150,0,0,0,39.98045287560696
baseline,girlafterglassdoor,99.91150442477877,96.10619469026548,85.6890012642225,1129,0,0,0,37.17609428665716
baseline,girldownstairfromlight,55.87510271158587,76.66392769104355,46.53910865907579,1216,294,4,4,20.526331356620823
baseline,girlfromlight_quezhen,93.22362052274927,94.86931268151017,82.04950905822156,1032,8,1,1,19.914519051312773
baseline,girlinrain,99.03846153846155,100.0,83.02808302808302,311,0,0,0,34.49680829043175
baseline,girllongskirt,68.0921052631579,87.82894736842105,63.51817042606517,303,40,6,6,44.983404134455625
baseline,girlof2leaders,40.06085192697768,43.6105476673428,36.81058630348691,985,475,7,6,23.863738839762558
baseline,girlrightthewautress,66.88311688311688,69.48051948051948,53.169449598021025,307,93,1,1,19.772715078121305
baseline,girlunderthestreetlamp,91.49755073477957,100.0,71.98507114532306,2857,0,0,0,20.44872876863475
baseline,girl`sblkbag,9.98248686514886,39.229422066549915,12.084063047285465,570,465,1,0,26.50945212502698
baseline,guardunderthecolumn,77.30496453900709,79.7872340425532,66.16008105369808,281,39,1,1,30.654323128975793
baseline,hugboy,92.80442804428044,98.8929889298893,79.3182217536461,541,0,0,0,43.755176286608304
baseline,hyalinepaperfrontface,23.604354876071344,27.28746814917767,23.68487816715752,4316,2700,22,21,40.4574893888593
baseline,large,85.76271186440678,84.6779661016949,71.42211460855529,1474,147,9,9,22.197656067775252
baseline,lastleftgirl,8.154121863799284,9.31899641577061,7.5354155999317305,1115,1002,2,1,21.852076961625745
baseline,leftblkTboy,60.57534246575342,62.41095890410959,47.06718851924332,3439,1290,17,16,20.36707038528525
baseline,leftbottle2hang,26.910548734652966,38.86244049110499,31.13791745713569,3990,1652,35,35,23.92562132727909
baseline,leftboy2jointhe4,15.755627009646304,23.55305466237942,16.184351554126472,1243,953,3,2,21.241764070103002
baseline,leftboyoutofthetroop,66.93548387096774,71.50537634408603,55.91397849462366,743,199,1,1,19.219049147865878
baseline,leftchair,57.285714285714285,49.07142857142857,59.367346938775526,1399,303,4,4,47.42912440965491
baseline,lefterbike,75.26501766784452,72.6148409893993,57.65606595995288,565,49,3,2,25.369958752874894
baseline,leftexcersicebookyellow,52.994555353901994,51.08892921960072,49.572206378014,1101,208,6,6,23.40268046196795
baseline,leftfarboycomingpicktheball,92.13732004429679,98.56035437430786,69.97837894847862,902,4,1,1,22.768447529890636
baseline,leftgirl'swhitebag,67.33067729083665,73.70517928286853,57.54126351735914,249,56,2,1,21.463796529034937
baseline,lefthyalinepaper2rgb,50.60367454068242,53.64829396325459,47.24909386326709,1904,532,19,19,20.94531668782703
baseline,lefthyalinepaperfrontpants,70.58823529411765,67.03662597114317,61.04857037154484,1801,318,15,15,50.44086667027429
baseline,leftmirror,79.98935604044705,76.15753060138371,70.43513520362909,1878,253,20,20,22.685145358934925
baseline,leftmirrorlikesky,52.22958057395144,52.803532008830025,43.71071165773153,2264,798,17,16,23.553982050198833
baseline,leftmirrorside,60.969976905311775,65.93533487297921,47.96271857472781,1731,545,10,9,21.157461453647457
baseline,leftopenexersicebook,41.76470588235294,47.647058823529406,48.23529411764705,167,14,1,0,27.889513032441315
baseline,leftpingpongball,10.606060606060606,13.636363636363635,6.637806637806637,65,57,1,0,27.265622932828496
baseline,leftrushingboy,80.4054054054054,83.78378378378379,67.4066924066924,147,21,3,3,24.95958263046482
baseline,leftunderbasket,16.63286004056795,14.908722109533468,19.57886602917029,985,732,3,2,21.61995609549638
baseline,leftuphand,86.21908127208481,86.11812216052499,72.56075575106367,1980,120,3,3,19.706418825940883
baseline,littelbabycryingforahug,96.00238663484487,99.76133651551312,76.13933401522901,1675,0,0,0,22.212631218954176
baseline,lowerfoamboard,54.54545454545454,57.57575757575758,44.444444444444436,31,14,1,0,29.564765989991294
baseline,mandownstair,96.80656934306569,96.71532846715328,80.8176920403198,1095,3,1,1,22.447312990544596
baseline,manfromtoilet,98.77450980392157,98.2843137254902,81.90943043884218,407,0,0,0,36.12686321884942
baseline,mangetsoff,76.37795275590551,78.34645669291339,65.44806899137609,253,36,2,2,28.845806581663748
baseline,manoncall,83.6852207293666,91.93857965451056,70.87103555433688,520,26,4,4,38.94642983154468
baseline,mansimiliar,94.87179487179486,98.53479853479854,79.78370835513692,272,9,1,1,29.466273700099133
baseline,mantostartcar,95.9349593495935,100.0,80.2555168408827,122,0,0,0,31.483891761527563
baseline,midblkgirl,96.3172804532578,100.0,78.18696883852692,352,0,0,0,32.31361100646235
baseline,midboyNo_9,69.9503995591072,73.00909341416369,58.853285045073434,7257,1755,17,17,18.976678157644958
baseline,middrillmaster,67.92168674698796,70.93373493975903,55.106138841078604,663,186,2,1,20.833691231043037
baseline,midgreyboyrunningcoming,78.05331680099195,82.20706757594544,60.372568122103154,3225,439,10,9,21.228801931264613
baseline,midof3girls,71.29840546697038,77.67653758542141,61.40579238529125,438,88,1,0,30.763912194690548
baseline,midredboy,66.45231905869477,69.2433985497332,57.5813250460945,7293,1939,19,19,18.73876002684677
baseline,midrunboywithwhite,49.7737556561086,54.07239819004525,37.4595992243051,441,202,2,1,22.79699074692374
baseline,minibus,100.0,100.0,84.43223443223444,77,0,0,0,30.702620280317497
baseline,minibusgoes2left,72.89719626168224,72.89719626168224,65.86559857587896,213,37,1,0,26.252544372421887
baseline,moto,100.0,98.4251968503937,78.36520434945632,253,0,0,0,21.1288022322746
baseline,motocomeonlight,97.61904761904762,100.0,73.92290249433108,83,0,0,0,35.84801769692498
baseline,motogoesaloongS,99.21259842519686,100.0,79.82752155980505,126,0,0,0,27.96031085859007
baseline,mototaking2boys306,65.0326797385621,69.28104575163398,56.987239340180516,305,35,2,2,21.253870342426765
baseline,mototurneast,100.0,100.0,81.49882903981265,121,0,0,0,43.04757844416651
baseline,motowithbluetop,100.0,100.0,76.44110275689222,94,0,0,0,22.902804102507854
baseline,pingpingpad3,96.16336633663366,98.14356435643565,80.39250353606788,807,11,2,2,23.719065225454894
baseline,pinkwithblktopcup,58.97637795275591,66.22047244094487,54.43944506936633,1269,350,12,11,22.065041149975066
baseline,raincarturn,99.7005988023952,100.0,82.0786997433704,333,0,0,0,36.33512369758081
baseline,rainycarcome_ab,100.0,100.0,82.55990294206855,156,0,0,0,30.258139780105314
baseline,redboygoright,86.0,91.33333333333333,72.38095238095238,149,5,1,1,20.987999655563495
baseline,redcarcominginlight,100.0,96.56488549618321,82.7517266448564,261,0,0,0,23.039812334208076
baseline,redetricycle,96.15384615384616,75.96153846153845,65.79670329670331,103,0,0,0,27.05456360508189
baseline,redmidboy,82.62839879154077,93.50453172205438,68.32829808660624,661,11,1,1,16.107728572396404
baseline,redroadlatboy,49.726027397260275,50.54794520547945,39.15198956294847,729,361,2,1,19.017967844579225
baseline,redtricycle,81.54761904761905,88.69047619047619,68.48072562358276,167,0,0,0,25.179530442529526
baseline,right2ndflagformath,29.65714285714286,36.114285714285714,25.553741496598644,1749,1117,8,7,17.925747450189373
baseline,right5thflag,50.15657620041753,55.94989561586638,40.24505418033603,1898,829,6,6,20.178214670687012
baseline,rightbike-gai,89.66346153846155,98.3173076923077,73.48901098901098,415,0,0,0,24.845520052420426
baseline,rightbike,43.55555555555555,52.44444444444445,37.777777777777786,224,105,2,1,26.802035165812374
baseline,rightblkboy4386,74.98860009119927,62.12950296397629,65.47456191779037,4385,702,5,5,17.054165913031426
baseline,rightblkboystand,92.831541218638,90.32258064516128,74.26181942310974,277,0,0,0,25.7267021343222
baseline,rightblkfatboyleftwhite,99.74093264248705,98.44559585492227,78.213668887244,385,0,0,0,24.877228328109823
baseline,rightbluewhite,94.05099150141642,99.43342776203966,68.46081208687441,352,0,0,0,41.781681891280854
baseline,rightbottlecomes,27.737752161383284,38.112391930835734,30.81858103471936,1387,645,26,25,24.165140802931344
baseline,rightboy504,94.44444444444444,99.0079365079365,74.3764172335601,503,5,1,1,24.67522786483287
baseline,rightcameraman,58.57142857142858,60.57142857142858,48.70748299319727,1049,418,1,0,23.61605792752932
baseline,rightcar-chongT,9.62566844919786,14.795008912655971,14.7440794499618,560,429,2,1,31.14508513286583
baseline,rightcomingstrongboy,45.198675496688736,47.682119205298015,36.42384105960265,603,315,3,2,23.562676242336714
baseline,rightdarksingleman,68.31421006178287,76.69902912621359,53.16689782709199,1132,279,2,2,19.3002837504145
baseline,rightgirltakingcup,6.287425149700598,8.233532934131736,6.251782149985743,667,609,3,2,21.468448327228288
baseline,rightwaiter1_quezhen,75.64935064935064,62.33766233766234,61.84291898577613,307,44,2,2,26.15253698416749
baseline,runningcameragirl,36.787564766839374,45.07772020725388,30.866025166543302,385,228,3,2,24.848165550531785
baseline,shinybikeboy2left,49.27884615384615,55.168269230769226,31.65064102564103,831,348,7,7,24.655191000149177
baseline,shinycarcoming,76.32311977715878,70.47353760445682,61.69253216606977,358,35,2,1,25.826157673519884
baseline,shinycarcoming2,72.25913621262458,70.59800664451828,60.7577914886885,601,49,2,1,23.48727102156104
baseline,silvercarturn,100.0,100.0,90.99739398246862,200,0,0,0,31.342945924722574
baseline,small-gai,97.73413897280967,96.67673716012085,81.13221119263416,661,8,1,1,24.74829193731921
baseline,standblkboy,97.9502196193265,98.24304538799414,81.39161960538243,682,0,0,0,19.92289104784101
baseline,swan_0109,87.65060240963855,100.0,74.21113023522662,663,0,0,0,23.989505981047166
baseline,truckgonorth,49.34210526315789,57.89473684210527,58.89724310776943,151,2,0,0,42.5095092932769
baseline,turning1strowleft2ndboy,64.47480785653288,75.23484201537147,55.84970111016225,1170,281,26,25,23.371677839519556
baseline,umbreboyoncall,97.91666666666666,100.0,84.05257936507937,191,0,0,0,32.105355553194926
baseline,umbrella,74.92163009404389,89.65517241379311,59.48649052097327,318,49,4,4,41.155337742719276
baseline,umbrellabyboy,90.94736842105263,98.52631578947368,72.25062656641603,474,4,0,0,33.57568995734422
baseline,umbrellawillbefold,79.68197879858657,77.73851590106007,67.98754837624095,565,32,2,2,23.642969382209074
baseline,umbrellawillopen,93.06122448979592,81.83673469387756,78.38678328474246,489,9,1,1,25.245932697424365
baseline,waitresscoming,97.94117647058823,98.82352941176471,68.0812324929972,679,0,0,0,21.206940693690235
baseline,whitebikebelow,82.68551236749117,91.51943462897526,62.09826686858489,565,64,4,3,25.319882080814825
baseline,whiteboyrightcoccergoal,87.26483357452966,89.00144717800289,73.44772930880023,690,75,1,1,24.1493875614703
baseline,whitecarcomeinrain,100.0,100.0,87.13151927437642,83,0,0,0,41.71492625081542
baseline,whitecarturn683,77.89165446559298,76.86676427525623,65.64177647632991,682,146,2,2,20.903391902339152
baseline,whitecarturnleft,100.0,100.0,79.61570593149541,56,0,0,0,28.523679273819603
baseline,whitecarturnright,95.14563106796116,90.29126213592234,76.8377253814147,102,0,0,0,34.63447760299408
baseline,whitefardown,73.13432835820896,100.0,67.16417910447761,66,4,1,0,32.371421090861816
baseline,whitefargirl,74.83870967741936,80.0,57.78801843317972,154,30,2,1,44.71179585414611
baseline,whitegirlinlight,93.71816638370119,96.60441426146011,75.58412159430836,588,11,1,1,25.763879865544983
baseline,whitegirltakingchopsticks,22.22222222222222,25.318761384335154,23.00286234712464,548,369,1,0,22.191573890356402
baseline,whiteofboys,72.41379310344827,74.8768472906404,58.8552662444288,202,51,6,6,34.67962109711456
baseline,whiteridingbike,19.058823529411764,19.294117647058822,15.484593837535012,424,343,1,0,22.41362811222552
baseline,whiterunningboy,86.70520231213872,89.88439306358381,70.90558766859345,345,37,2,2,35.00803964975599
baseline,whiteskirtgirlcomingfromgoal,45.843520782396084,54.156479217603916,41.80929095354522,817,372,9,8,25.700489084076413
baseline,whitesuvturn,100.0,100.0,85.95759471671882,136,0,0,0,43.05722136350509
baseline,womanback2car,94.73684210526315,100.0,80.75187969924814,94,0,0,0,44.15902878047092
baseline,yellowgirl118,49.152542372881356,72.03389830508475,48.506860371267145,117,28,1,0,39.06936749429997
baseline,yellowskirt,99.44598337950139,96.95290858725761,80.97876269621422,360,0,0,0,32.319413246662215
state_commit,10runone,99.67105263157895,100.0,79.66791979949875,303,0,0,0,22.73199970943833
state_commit,11leftboy,87.5,88.1578947368421,73.43358395989975,151,18,1,1,21.705834240151866
state_commit,11runtwo,94.57627118644068,98.98305084745763,77.70782889426958,294,3,1,0,23.049333751234197
state_commit,1blackteacher,100.0,100.0,82.69263051871748,850,0,0,0,22.841494854472554
state_commit,1boycoming,100.0,100.0,77.55883962780514,173,0,0,0,23.06614057062785
state_commit,1stcol4thboy,7.699141249629848,9.209357417826473,6.224177559682445,3376,2995,6,5,15.665367845398317
state_commit,1strowleftboyturning,4.508196721311475,4.508196721311475,3.6755139214155608,731,699,1,0,18.095644993806577
state_commit,1strowrightdrillmaster,73.82761330888133,98.19229761592874,62.48986364260141,3816,224,3,2,26.18315340311557
state_commit,1strowrightgirl3540,43.27683615819209,55.42372881355932,39.474038202851766,3539,1538,39,38,17.237647754748963
state_commit,2girl,87.83783783783784,99.09909909909909,74.34577434577434,221,2,0,0,26.19363748050273
state_commit,2girlup,7.563025210084033,9.663865546218489,6.322529011604641,236,215,1,0,19.32421803949308
state_commit,2runseven,98.88888888888889,100.0,80.49382716049381,269,0,0,0,23.55167745571079
state_commit,3bike1,86.32478632478633,99.14529914529915,71.06227106227105,116,0,0,0,26.233240637498216
state_commit,3men,94.47513812154696,97.23756906077348,76.05893186003684,180,0,0,0,26.17225512761097
state_commit,3pinkleft,97.00854700854701,100.0,76.21082621082623,227,1,0,0,21.32914894199085
state_commit,3rdfatboy,93.95770392749245,97.2809667673716,79.28355632283127,330,4,1,1,22.847094475090586
state_commit,3rdgrouplastboy,67.3076923076923,76.6826923076923,51.442307692307686,831,223,3,2,20.47600175351957
state_commit,3thmoto,94.23076923076923,99.03846153846155,81.91391941391942,103,0,0,0,24.17513118207464
state_commit,4men,94.68599033816425,98.55072463768117,74.29261559696342,413,0,0,0,25.858998584424718
state_commit,4thboywithwhite,79.36507936507937,81.9047619047619,67.3167044595616,314,57,4,4,21.46722769597837
state_commit,7rightorangegirl,40.6570841889117,44.558521560574945,35.210716730223915,486,269,2,1,21.548832269789933
state_commit,ab_bikeoccluded,97.73371104815864,99.15014164305948,72.33238904627008,312,5,1,1,24.768140778478475
state_commit,ab_blkskirtgirl,73.15573770491804,75.0,61.211943793911004,487,118,1,1,22.883984975422152
state_commit,ab_bolstershaking,66.70773021250385,67.93963658761935,58.73993576488188,3246,334,17,17,21.127607309047583
state_commit,ab_girlchoosesbike,97.27011494252874,99.56896551724138,77.01833607006022,695,0,0,0,26.447893207999826
state_commit,ab_girlcrossroad,89.17525773195877,91.75257731958763,63.74570446735396,355,31,2,2,23.945004628862876
state_commit,ab_pingpongball2,7.216494845360824,7.216494845360824,4.34462444771723,193,180,1,0,15.965906915494953
state_commit,ab_rightlowerredcup_quezhen,29.401993355481725,31.727574750830566,31.028845646785854,1805,788,20,20,19.472426504982696
state_commit,ab_whiteboywithbluebag,35.714285714285715,31.467181467181465,27.33958448244162,507,322,2,1,18.60743196528516
state_commit,advancedredcup,75.54925584691709,77.03756201275691,70.8312240558874,1410,153,9,9,26.31008486766287
state_commit,AQgirlwalkinrain,71.7741935483871,74.19354838709677,51.60010240655403,371,87,1,1,23.423134457126515
state_commit,AQtruck2north,100.0,100.0,82.3558897243108,94,0,0,0,26.53044223594777
state_commit,baggirl,88.28828828828829,74.77477477477478,70.6992706992707,110,0,0,0,24.368724089901242
state_commit,ballshootatthebasket3times,64.31893687707641,79.33554817275747,54.84258819806993,1489,260,13,12,19.170740206303822
state_commit,basketball849,34.86454652532391,44.994110718492344,21.078018957877617,743,469,11,11,17.09952156266395
state_commit,basketballathand,21.875,35.9375,29.24107142857143,63,33,2,1,17.47934510089906
state_commit,basketboy,83.52941176470588,100.0,67.39495798319328,84,0,0,0,26.02608973468779
state_commit,bawgirl,100.0,100.0,79.08163265306123,279,0,0,0,26.436293235377743
state_commit,belowdarkgirl,92.46231155778895,99.49748743718592,73.07968413496052,198,1,0,0,22.772188660731036
state_commit,besom3,73.58953393295175,56.09157808667212,67.23513608223338,1222,22,1,1,22.4718029283475
state_commit,bike,97.84946236559139,98.77112135176651,80.90849242922974,650,1,0,0,23.104588873145644
state_commit,bike2left,95.71984435797665,94.16342412451361,80.19269964795255,256,6,1,1,23.006803199498595
state_commit,bike2trees,76.02739726027397,80.13698630136986,71.4938030006523,145,3,0,0,24.86158131290899
state_commit,bikeboy,95.57522123893806,97.34513274336283,79.56173619890434,112,0,0,0,23.762200332248714
state_commit,bikeboyintodark,21.06537530266344,14.527845036319611,21.58422691110342,825,572,2,1,18.947224778264914
state_commit,bikeboyright,77.30192719486081,91.00642398286938,69.99082288161517,466,0,0,0,25.65309901733617
state_commit,bikeboyturn,56.774193548387096,100.0,59.877112135176645,154,0,0,0,25.974657037686182
state_commit,bikeboyturntimes,100.0,100.0,90.65255731922397,242,0,0,0,26.414736037849565
state_commit,bikeboywithumbrella,100.0,100.0,83.98268398268398,219,0,0,0,26.13992963605662
state_commit,bikefromlight,89.53488372093024,100.0,73.50498338870432,171,0,0,0,24.967745040019267
state_commit,bikegoindark,35.91549295774648,40.845070422535215,32.99798792756539,283,132,2,1,19.26331583656603
state_commit,bikeinrain,99.28571428571429,100.0,74.93197278911565,139,0,0,0,26.574845224936244
state_commit,biketurnright,4.580152671755725,6.870229007633588,6.070519810977825,130,118,1,0,26.958814254941572
state_commit,blackboy,99.53703703703704,100.0,84.96472663139329,431,0,0,0,23.52247262577223
state_commit,blackboyoncall,100.0,100.0,87.48991121872479,294,0,0,0,26.470795204308526
state_commit,blackcarturn,100.0,99.20634920634922,75.17006802721089,125,0,0,0,26.190597082511964
state_commit,blackdown,95.16129032258065,98.38709677419355,74.88479262672813,61,1,0,0,25.30450254555759
state_commit,blackgirl,94.47004608294931,95.85253456221197,74.54465657230634,216,1,0,0,24.97124588173708
state_commit,blkboyback,94.73684210526315,87.71929824561403,76.69172932330827,170,0,0,0,22.62658812003441
state_commit,blkboybetweenredandwhite,84.43708609271523,93.70860927152319,71.27089246294544,301,11,2,2,22.100860459763595
state_commit,blkboydown,78.04878048780488,97.5609756097561,69.16376306620208,81,3,0,0,23.66113017817699
state_commit,blkboyhead,35.431654676258994,37.410071942446045,28.879753340184994,555,348,3,2,18.983734876429807
state_commit,blkboylefttheNo_21,49.84963482743807,51.29600458255764,40.34560122201537,6930,2988,34,33,21.57122446058865
state_commit,blkboystand,39.55431754874652,39.693593314763234,34.17562010876774,1435,810,3,2,20.626865947310556
state_commit,blkboytakesumbrella,100.0,100.0,84.03361344537815,339,0,0,0,26.56434845786107
state_commit,blkboy`shead,87.44363240553568,89.22407090654642,70.03872611087664,12861,1098,28,28,23.42556457335791
state_commit,blkcaratfrontbluebus,37.696335078534034,62.17277486910995,37.390924956369986,763,319,3,2,23.63866842753789
state_commit,blkgirlumbrella,96.49122807017544,100.0,73.50320245057088,341,0,0,0,26.605445067191738
state_commit,blkhairgirltakingblkbag,81.91489361702128,72.51773049645391,64.06619385342789,563,59,4,3,20.888943203997773
state_commit,blkmoto2north,81.81818181818183,92.51336898395722,71.12299465240642,186,17,1,1,24.458463556941883
state_commit,blkstandboy,93.6842105263158,93.15789473684211,80.10025062656642,189,0,0,0,22.806016904008622
state_commit,blktribikecome,98.59154929577466,100.0,84.43997317236754,141,0,0,0,26.454211587621373
state_commit,blueboy,98.7878787878788,98.18181818181819,82.43867243867246,329,0,0,0,22.632480871515632
state_commit,blueboy421,93.34916864608076,99.04988123515439,76.75602307431285,420,1,0,0,26.41110600789496
state_commit,bluebuscoming,99.93041057759221,98.8865692414753,84.74666136461543,1436,0,0,0,22.95809970487975
state_commit,bluegirlbiketurn,94.14414414414415,97.74774774774775,75.97597597597596,221,6,1,1,25.251992350172287
state_commit,bottlebetweenboy`sfeet,6.91699604743083,15.019762845849801,10.841332580463016,505,404,2,1,18.691841115142562
state_commit,boy2basketballground,58.252427184466015,83.00970873786407,52.958853444290334,205,55,5,4,22.10837269103814
state_commit,boy2buildings,79.86577181208054,88.9261744966443,66.9809310748908,1787,90,4,3,25.295292021693694
state_commit,boy2trees,97.04433497536947,99.50738916256158,80.8116349988271,202,1,0,0,26.168104950359858
state_commit,boy2treesfindbike,71.9298245614035,77.10064635272391,57.74963725102229,1082,160,3,3,23.8997161852288
state_commit,boyaftertree,94.11764705882352,94.11764705882352,75.16339869281046,101,6,1,1,26.06442556207397
state_commit,boyaroundtrees,61.158363710004046,65.00607533414338,50.99809060926922,2457,813,4,4,24.206883104766423
state_commit,boyatdoorturnright,73.48178137651821,82.18623481781377,69.05725853094275,493,52,4,4,20.062550893010727
state_commit,boydownplatform,87.48335552596538,96.40479360852197,74.2819098345064,750,21,1,1,26.010897271262067
state_commit,boyfromdark,99.29824561403508,99.29824561403508,80.83542188805346,283,0,0,0,27.035869836665665
state_commit,boyinlight,95.29780564263322,96.23824451410658,75.99641737572773,318,12,2,2,26.346190810705483
state_commit,boyinplatform,81.02564102564102,93.12820512820514,68.86935286935287,974,31,2,2,25.368589676522145
state_commit,boyinsnowfield3,94.35825105782793,94.92242595204513,82.6919202095507,1417,13,1,1,22.608478383570656
state_commit,boyleftblkrunning2crowd,70.4225352112676,83.33333333333334,58.94254415381176,425,82,3,2,19.638313717055944
state_commit,boylefttheNo_9boy,96.34220686852267,93.68014631172525,80.17921251003958,4919,156,3,2,23.377956389555013
state_commit,boyoncall,99.35483870967742,46.45161290322581,69.70814132104455,308,0,0,0,26.940020846493447
state_commit,boyplayphone,92.88990825688074,96.55963302752293,75.45871559633028,434,14,3,3,24.904716474703413
state_commit,boyride2path,44.83695652173913,48.80434782608696,32.31884057971015,1837,804,7,6,21.595142046261046
state_commit,boyruninsnow,100.0,100.0,85.00784929356358,181,0,0,0,23.243217049543105
state_commit,boyscomeleft,86.20689655172413,91.59482758620689,68.39080459770115,463,30,2,2,25.38131592455329
state_commit,boyshead9684,91.83188764973151,92.79223461379596,73.22289097382034,9683,22,2,2,23.355405114599655
state_commit,boyss,51.46666666666667,81.86666666666666,54.6031746031746,374,52,6,5,20.82898379712876
state_commit,boytakingbasketballfollowing,56.77374301675978,57.1927374301676,47.9948124501197,1431,531,5,4,20.162239733762714
state_commit,boytakingplate2left,90.07633587786259,87.02290076335878,72.8644129407488,259,0,0,0,22.069431971906063
state_commit,boyunder2baskets,15.171288743882544,16.31321370309951,14.58090577177037,612,499,2,1,21.417897652127717
state_commit,boywaitgirl,93.67875647668393,97.30569948186528,77.29583024919813,964,0,0,0,26.013862850308847
state_commit,boywalkinginsnow2,98.93617021276596,98.78419452887537,82.45766391663048,657,0,0,0,22.909581629870424
state_commit,boy`headwithouthat,38.54289071680376,43.00822561692127,30.1382127469084,850,484,5,4,17.96577550933149
state_commit,boy`sheadingreycol,36.43122676579926,58.7360594795539,36.48433351035581,268,111,3,2,19.32810912684677
state_commit,broom,83.14111973159991,63.461941706856784,64.8788305424917,9531,595,39,39,23.008944673463848
state_commit,carbehindtrees,100.0,100.0,69.79949874686717,113,0,0,0,23.7402645833397
state_commit,carcomeonlight,100.0,100.0,84.44130127298445,100,0,0,0,26.787278108669167
state_commit,carcomingfromlight,29.923273657289002,31.9693094629156,28.303495311167946,390,242,2,1,22.970981136412902
state_commit,carcominginlight,94.19354838709677,96.12903225806451,73.82488479262673,154,0,0,0,22.596580705191407
state_commit,carlight2,95.71428571428572,100.0,80.06802721088437,69,0,0,0,26.944708855304672
state_commit,carlightcome2,100.0,100.0,83.87096774193549,92,0,0,0,26.453679700681757
state_commit,caronlight,96.51162790697676,100.0,77.13178294573643,85,0,0,0,26.469995549741206
state_commit,carturn117,100.0,100.0,87.46438746438746,116,0,0,0,26.308362132939063
state_commit,carwillturn,41.78794178794179,41.58004158004158,36.6003366003366,480,237,2,1,21.64239425489146
state_commit,catbrown2,100.0,97.8021978021978,86.55154369440083,90,0,0,0,23.60911117394191
state_commit,catbrownback2bush,70.66269545793,70.66269545793,65.67741020458817,1342,297,1,1,21.37881323972409
state_commit,couple,57.42574257425742,58.415841584158414,44.743045733144726,100,38,1,0,23.51766238446045
state_commit,darkcarturn,100.0,97.61904761904762,91.38321995464852,83,0,0,0,26.43558357244073
state_commit,darkgirl,99.02120717781403,100.0,80.30762060125844,612,0,0,0,25.330335983027357
state_commit,darkouterwhiteboy,52.7369826435247,99.73297730307075,55.16561764892873,748,89,8,8,17.954272867093685
state_commit,darktreesboy,80.31809145129225,85.2882703777336,69.9138502319417,502,30,1,1,21.47858914678733
state_commit,drillmaster1117,45.9265890778872,48.433303491495074,38.999019482457264,1116,576,1,0,26.1145746478905
state_commit,drillmasterfollowingatright,48.77800407331975,50.20366598778004,38.22616623023954,981,481,1,1,17.927938060846206
state_commit,farfatboy,79.13385826771653,92.51968503937007,59.4488188976378,253,30,1,1,22.50786854670448
state_commit,firstexercisebook,26.46551724137931,28.706896551724135,30.34893267651888,1159,585,5,4,22.006075693748166
state_commit,foamatgirl`srighthand,66.83937823834198,78.75647668393782,51.36935603256847,192,27,2,2,21.45048572102757
state_commit,foldedfolderatlefthand,68.58638743455498,68.06282722513089,59.95179921881493,1145,209,9,9,21.06397977150286
state_commit,girl2left3man1,71.52317880794702,100.0,63.41847997477136,150,0,0,0,24.0141557238315
state_commit,girlafterglassdoor,99.91150442477877,95.929203539823,85.67635903919091,1129,0,0,0,26.013856314735257
state_commit,girldownstairfromlight,66.721446179129,88.41413311421529,54.939938177407356,1216,151,3,3,18.581109853379623
state_commit,girlfromlight_quezhen,93.22362052274927,94.86931268151017,82.04950905822156,1032,8,1,1,21.537582050100774
state_commit,girlinrain,99.03846153846155,100.0,83.02808302808302,311,0,0,0,25.403261493083466
state_commit,girllongskirt,68.42105263157895,87.17105263157895,63.377192982456144,303,40,6,6,21.12991467271601
state_commit,girlof2leaders,39.95943204868154,43.6105476673428,36.72848449724717,985,475,10,9,20.600289583822057
state_commit,girlrightthewautress,72.72727272727273,75.32467532467533,57.297464440321576,307,75,2,2,20.17982490000135
state_commit,girlunderthestreetlamp,91.49755073477957,100.0,71.98507114532306,2857,0,0,0,22.142659239530687
state_commit,girl`sblkbag,9.98248686514886,39.229422066549915,12.084063047285465,570,465,1,0,20.302234797549605
state_commit,guardunderthecolumn,77.30496453900709,79.7872340425532,66.16008105369808,281,39,1,1,21.463942861400472
state_commit,hugboy,92.80442804428044,98.8929889298893,79.34457916007732,541,0,0,0,25.598812621751602
state_commit,hyalinepaperfrontface,25.99027102154274,30.484132499420895,27.247758033025576,4316,2456,32,31,21.236974973072005
state_commit,large,83.72881355932203,82.91525423728814,69.79822437449556,1474,177,6,6,21.463858563832094
state_commit,lastleftgirl,6.899641577060931,7.885304659498208,6.53268475849121,1115,1017,2,1,17.985300390919846
state_commit,leftblkTboy,60.05479452054795,62.082191780821915,46.717547292889755,3439,1302,15,14,21.521770113912424
state_commit,leftbottle2hang,23.678276121272866,36.20646454522676,28.961592153774557,3990,1751,36,35,17.440551683968877
state_commit,leftboy2jointhe4,15.755627009646304,23.79421221864952,16.260909508497935,1243,950,3,2,20.420757170520666
state_commit,leftboyoutofthetroop,68.14516129032258,72.04301075268818,56.42601126472094,743,197,1,1,21.420622903542906
state_commit,leftchair,56.99999999999999,48.857142857142854,59.129251700680264,1399,310,4,4,25.835249300965405
state_commit,lefterbike,74.73498233215548,72.08480565371025,57.925290257445724,565,44,3,2,18.841099198437547
state_commit,leftexcersicebookyellow,54.53720508166969,52.54083484573503,51.024112004148314,1101,185,5,5,22.077218746161844
state_commit,leftfarboycomingpicktheball,92.13732004429679,98.56035437430786,69.97837894847862,902,4,1,1,21.055003545652063
state_commit,leftgirl'swhitebag,67.33067729083665,73.70517928286853,57.54126351735914,249,56,2,1,19.103301357837978
state_commit,lefthyalinepaper2rgb,53.1233595800525,55.748031496062985,48.85639295088116,1904,494,18,18,18.706234857508566
state_commit,lefthyalinepaperfrontpants,67.31409544950056,64.59489456159822,59.49209872628296,1801,345,13,13,24.502499881186743
state_commit,leftmirror,77.11548696114954,73.39010111761576,67.95407891735724,1878,313,23,23,21.133834105398282
state_commit,leftmirrorlikesky,71.65562913907286,72.84768211920529,58.83107326815937,2264,306,13,13,20.784622114421694
state_commit,leftmirrorside,39.31870669745958,42.725173210161664,31.60673045199604,1731,955,10,9,19.496652774949883
state_commit,leftopenexersicebook,41.76470588235294,47.647058823529406,48.23529411764705,167,14,1,0,22.41395586033739
state_commit,leftpingpongball,10.606060606060606,13.636363636363635,6.493506493506493,65,57,1,0,15.258060225050823
state_commit,leftrushingboy,85.13513513513513,89.86486486486487,71.4929214929215,147,14,1,1,20.084938573369193
state_commit,leftunderbasket,16.63286004056795,14.908722109533468,19.57886602917029,985,732,3,2,21.92954622430171
state_commit,leftuphand,85.71428571428571,85.6638061585058,71.99826927237326,1980,141,2,2,22.09782904718448
state_commit,littelbabycryingforahug,95.94272076372316,99.76133651551312,76.15638140697807,1675,0,0,0,22.00822632821918
state_commit,lowerfoamboard,87.87878787878788,90.9090909090909,69.55266955266956,31,3,1,1,21.584378197630468
state_commit,mandownstair,96.44160583941606,96.44160583941606,80.29197080291975,1095,16,1,0,21.588875570927954
state_commit,manfromtoilet,98.77450980392157,98.2843137254902,81.90943043884218,407,0,0,0,22.73015890066084
state_commit,mangetsoff,77.95275590551181,79.13385826771653,64.24821897262844,253,40,1,1,24.21568926031441
state_commit,manoncall,83.6852207293666,91.93857965451056,70.87103555433688,520,26,4,4,24.15013593944701
state_commit,mansimiliar,93.77289377289377,97.43589743589743,78.8941217512646,272,12,1,1,25.898534947353912
state_commit,mantostartcar,97.5609756097561,100.0,80.13937282229966,122,0,0,0,26.100305161887366
state_commit,midblkgirl,96.3172804532578,100.0,78.18696883852692,352,0,0,0,26.479816115111788
state_commit,midboyNo_9,71.21796638192339,74.24910443648388,59.874161844401584,7257,1664,17,17,23.105311193372792
state_commit,middrillmaster,68.07228915662651,71.08433734939759,55.19219736087205,663,185,2,1,23.118489504310173
state_commit,midgreyboyrunningcoming,73.96156230626161,77.21636701797892,56.96129660791781,3225,585,13,12,22.843798377793576
state_commit,midof3girls,71.29840546697038,77.44874715261959,61.52511118342553,438,85,1,0,24.177597528005062
state_commit,midredboy,67.66999589547133,70.21480366671227,58.24326173211109,7293,1925,15,15,23.09458285421556
state_commit,midrunboywithwhite,49.547511312217196,54.29864253393665,37.48114630467571,441,202,2,1,17.309313612546397
state_commit,minibus,100.0,100.0,84.43223443223444,77,0,0,0,26.106423362152633
state_commit,minibusgoes2left,72.89719626168224,72.89719626168224,65.86559857587896,213,37,1,0,22.841772428246532
state_commit,moto,100.0,98.4251968503937,78.36520434945632,253,0,0,0,23.67311880384928
state_commit,motocomeonlight,97.61904761904762,100.0,73.92290249433108,83,0,0,0,27.222114564774454
state_commit,motogoesaloongS,99.21259842519686,100.0,79.82752155980505,126,0,0,0,27.001098256592275
state_commit,mototaking2boys306,63.725490196078425,67.64705882352942,55.83566760037348,305,40,2,1,22.431783984367335
state_commit,mototurneast,100.0,100.0,81.49882903981265,121,0,0,0,26.948463152381084
state_commit,motowithbluetop,100.0,100.0,76.44110275689222,94,0,0,0,25.872013589949816
state_commit,pingpingpad3,96.16336633663366,98.14356435643565,80.39250353606788,807,11,2,2,23.546797378273435
state_commit,pinkwithblktopcup,73.62204724409449,79.21259842519684,65.11436070491187,1269,198,7,6,21.747757269229318
state_commit,raincarturn,99.7005988023952,100.0,82.0786997433704,333,0,0,0,26.544975497743224
state_commit,rainycarcome_ab,100.0,100.0,82.55990294206855,156,0,0,0,26.100658416478325
state_commit,redboygoright,86.0,91.33333333333333,72.38095238095238,149,5,1,1,22.30446233481305
state_commit,redcarcominginlight,100.0,96.56488549618321,82.7517266448564,261,0,0,0,23.791019336684418
state_commit,redetricycle,96.15384615384616,75.96153846153845,65.79670329670331,103,0,0,0,23.318043628018486
state_commit,redmidboy,82.62839879154077,93.50453172205438,68.32829808660624,661,11,1,1,17.51470568351745
state_commit,redroadlatboy,62.054794520547944,63.287671232876704,49.62165688193085,729,268,7,6,20.100075849004384
state_commit,redtricycle,81.54761904761905,88.69047619047619,68.48072562358276,167,0,0,0,26.66646665274541
state_commit,right2ndflagformath,31.428571428571427,38.4,27.03945578231292,1749,1078,7,6,19.313145741643805
state_commit,right5thflag,68.37160751565762,76.77453027139875,53.56645789839944,1898,431,8,7,21.29158433401284
state_commit,rightbike-gai,89.66346153846155,98.3173076923077,73.48901098901098,415,0,0,0,23.277260360758355
state_commit,rightbike,43.111111111111114,52.0,37.48148148148149,224,106,2,1,21.33411026654324
state_commit,rightblkboy4386,70.47423620611035,59.6671226630187,62.077389095172954,4385,889,7,7,23.276336435298177
state_commit,rightblkboystand,92.831541218638,90.32258064516128,74.26181942310974,277,0,0,0,22.639184418345366
state_commit,rightblkfatboyleftwhite,99.74093264248705,98.44559585492227,78.213668887244,385,0,0,0,22.087458178572348
state_commit,rightbluewhite,93.76770538243626,99.43342776203966,68.4608120868744,352,0,0,0,26.60899648066237
state_commit,rightbottlecomes,32.42074927953891,44.236311239193085,34.990393852065324,1387,558,25,24,19.52767043655358
state_commit,rightboy504,94.44444444444444,99.0079365079365,74.3764172335601,503,5,1,1,22.999041872007087
state_commit,rightcameraman,58.666666666666664,60.09523809523809,48.50340136054421,1049,424,1,0,20.532924357395274
state_commit,rightcar-chongT,25.668449197860966,33.51158645276293,32.1534674475851,560,242,4,3,17.616843561503348
state_commit,rightcomingstrongboy,44.205298013245034,46.688741721854306,35.588142541784926,603,320,3,2,18.56492176640556
state_commit,rightdarksingleman,63.37157987643425,70.96204766107678,49.82978186861681,1132,339,2,1,20.90443282539676
state_commit,rightgirltakingcup,7.0359281437125745,8.682634730538922,6.679498146564014,667,606,3,2,18.586271568629193
state_commit,rightwaiter1_quezhen,76.62337662337663,62.98701298701299,61.44094001236857,307,46,2,2,21.678134246096388
state_commit,runningcameragirl,37.82383419689119,45.07772020725388,31.50752528990871,385,226,3,2,20.338315860237184
state_commit,shinybikeboy2left,55.769230769230774,59.495192307692314,32.43475274725275,831,299,3,2,19.76753282203668
state_commit,shinycarcoming,76.04456824512535,70.75208913649024,61.480302427377644,358,41,1,0,21.799441872988034
state_commit,shinycarcoming2,72.25913621262458,70.59800664451828,60.7577914886885,601,49,2,1,20.887025197264652
state_commit,silvercarturn,100.0,100.0,90.99739398246862,200,0,0,0,26.44726605655204
state_commit,small-gai,97.73413897280967,96.67673716012085,81.13221119263416,661,8,1,1,23.046597576160305
state_commit,standblkboy,97.9502196193265,98.24304538799414,81.39161960538243,682,0,0,0,23.41431536778734
state_commit,swan_0109,87.65060240963855,100.0,74.21113023522662,663,0,0,0,23.119784051763208
state_commit,truckgonorth,49.34210526315789,57.89473684210527,58.89724310776943,151,2,0,0,25.158228850721798
state_commit,turning1strowleft2ndboy,63.96242527754057,74.29547395388558,55.036395429222075,1170,299,25,24,16.48017186319685
state_commit,umbreboyoncall,97.91666666666666,100.0,84.05257936507937,191,0,0,0,26.56274798527053
state_commit,umbrella,72.10031347962382,85.8934169278997,57.32198835647111,318,59,4,4,19.904031484263463
state_commit,umbrellabyboy,90.94736842105263,98.52631578947368,72.25062656641603,474,4,0,0,25.94355662905075
state_commit,umbrellawillbefold,76.5017667844523,74.38162544169612,65.52246340232205,565,49,2,2,23.451419929556717
state_commit,umbrellawillopen,82.24489795918367,72.0408163265306,69.35860058309038,489,67,1,1,22.653091097618987
state_commit,waitresscoming,97.94117647058823,98.82352941176471,68.0812324929972,679,0,0,0,22.864482921075233
state_commit,whitebikebelow,68.55123674911661,72.96819787985865,52.93622749453137,565,157,1,0,20.670580601575303
state_commit,whiteboyrightcoccergoal,85.96237337192476,87.4095513748191,72.75170560264628,690,84,1,1,21.988281740520424
state_commit,whitecarcomeinrain,100.0,100.0,87.13151927437642,83,0,0,0,26.542665091853465
state_commit,whitecarturn683,78.03806734992679,77.15959004392387,65.85093773966395,682,144,2,2,21.24106194152448
state_commit,whitecarturnleft,100.0,100.0,79.61570593149541,56,0,0,0,26.5000205863714
state_commit,whitecarturnright,95.14563106796116,90.29126213592234,76.8377253814147,102,0,0,0,26.468535874060354
state_commit,whitefardown,73.13432835820896,100.0,67.16417910447761,66,4,1,0,23.75027318895449
state_commit,whitefargirl,73.54838709677419,78.06451612903226,56.46697388632872,154,33,2,1,23.529777449424873
state_commit,whitegirlinlight,93.71816638370119,96.60441426146011,75.59220632225727,588,11,1,1,23.632681481106825
state_commit,whitegirltakingchopsticks,22.22222222222222,25.318761384335154,23.00286234712464,548,369,1,0,20.80289712842932
state_commit,whiteofboys,81.77339901477832,84.72906403940887,66.73703964344358,202,32,4,4,22.21173843297407
state_commit,whiteridingbike,61.1764705882353,75.29411764705883,49.5686274509804,424,105,1,1,19.263469784145872
state_commit,whiterunningboy,92.48554913294798,93.35260115606935,75.1720341315717,345,25,2,2,24.980056725533327
state_commit,whiteskirtgirlcomingfromgoal,62.95843520782396,73.10513447432763,55.40808010245664,817,207,10,9,19.00687408304402
state_commit,whitesuvturn,100.0,100.0,85.95759471671882,136,0,0,0,26.43016349581646
state_commit,womanback2car,94.73684210526315,100.0,80.75187969924814,94,0,0,0,24.826858158701928
state_commit,yellowgirl118,49.152542372881356,72.03389830508475,48.506860371267145,117,28,1,0,20.85394614336365
state_commit,yellowskirt,99.44598337950139,96.95290858725761,80.99195356813085,360,0,0,0,26.137970930513024
