variant,attribute,sequences,NPR,PR,SR
baseline,NO,33,89.45432785280413,90.58146424309027,74.36701543234288
baseline,PO,215,70.81565945427234,74.668959968953,59.25814273749148
baseline,TO,87,65.18409855551722,69.74442303940226,54.716215203259864
baseline,HO,17,67.88755023733837,68.20004134981271,58.38311860327564
baseline,MB,88,65.56585314264491,70.66689106075015,55.257732742592516
baseline,LI,51,63.48509344907263,66.63735839876614,53.8971362986785
baseline,HI,34,75.52941345911556,79.71960810275718,63.2457293756959
baseline,AIV,7,55.41986428773924,57.65325537429039,50.06759835759801
baseline,LR,68,60.20742054530723,68.58790821455202,50.75983543480134
baseline,DEF,46,76.85991189669522,78.90229447237813,63.67625468947954
baseline,BC,78,71.67343638353826,74.87217190905498,59.04187828214662
baseline,SA,107,63.7716902278914,67.98554411278158,54.086007767585606
baseline,CM,133,71.52114857609452,75.23896528561103,59.74655626903977
baseline,TC,148,65.57930569336769,69.65179977362527,55.10151105832266
baseline,FL,20,61.90589603443025,65.40054668732549,50.78458502810339
baseline,OV,7,76.60396286710935,76.33194392655817,65.13140709967432
baseline,FM,193,71.65213397285916,74.92886792170393,60.04065465822131
baseline,SV,222,72.89096760373542,76.2273398215761,60.83062421851702
baseline,ARC,109,68.21306463047385,71.08228424956955,57.44400161321806
write_events_complete,NO,33,88.99514295382664,90.01862574947693,74.05951166811012
write_events_complete,PO,215,72.32575320413113,76.30722585763819,60.500624139863255
write_events_complete,TO,87,65.72505588442283,70.32582886282589,55.20912503223461
write_events_complete,HO,17,71.64175085132152,72.22099794935262,61.72700177118002
write_events_complete,MB,88,67.08045631808592,72.29414744417207,56.534328223067774
write_events_complete,LI,51,64.11669677272165,67.54908443730734,54.56866808784818
write_events_complete,HI,34,77.30457967999624,81.80559953836817,64.85975948081295
write_events_complete,AIV,7,55.199476239735354,57.59039650457084,50.13874716799553
write_events_complete,LR,68,61.19049155230416,69.51791472707517,51.57137040558262
write_events_complete,DEF,46,77.54228880816868,79.63073284395772,64.13878877339678
write_events_complete,BC,78,73.89112907424675,77.05959136929411,60.811938528891076
write_events_complete,SA,107,65.89029828322546,70.28087626072337,55.84327934612302
write_events_complete,CM,133,73.11137354222043,77.00507519551638,61.081812201004624
write_events_complete,TC,148,67.05760252176415,71.31108524175633,56.30959332711522
write_events_complete,FL,20,65.36381880223468,68.88270120508973,53.457593459821084
write_events_complete,OV,7,76.3008042435162,76.01392670432348,64.82082516613565
write_events_complete,FM,193,72.82611219962509,76.14231839611992,61.02178729933527
write_events_complete,SV,222,74.20567214825738,77.66457768436692,61.92784749690623
write_events_complete,ARC,109,69.72295550694659,72.77531408958983,58.68502587474803
