variant,attribute,sequences,MPR,MSR
baseline,BC,54,88.05338667469307,63.46149069932058
baseline,CM,89,90.52232217351909,69.49363756636157
baseline,DEF,76,89.51278306601968,68.69985400560611
baseline,FM,32,88.72903207603925,64.42903066692853
baseline,HO,96,87.89580349079644,65.25631408107651
baseline,LI,63,94.42758521460973,70.39806580691473
baseline,LR,50,89.57272094148212,65.37864374654222
baseline,MB,55,89.44872248090158,69.04175274849736
baseline,NO,41,97.62363249765403,75.84041919538187
baseline,TC,28,90.79484065421755,67.42157419251059
baseline,PO,96,93.08006880119257,70.2159658469439
baseline,SC,120,93.62394667952604,71.39661783017524
c1,BC,54,87.19860799624131,62.87478410593761
c1,CM,89,90.26443671814789,69.135139393891
c1,DEF,76,90.21647385831395,69.24714026907463
c1,FM,32,87.15006894991232,63.368918247292015
c1,HO,96,89.4074504062384,66.35213657524577
c1,LI,63,93.61746001524025,69.69294663661904
c1,LR,50,87.71132395951878,64.13216123355919
c1,MB,55,89.04668984395471,68.67627060621474
c1,NO,41,96.9695710520281,75.32139628193897
c1,TC,28,89.6617981702189,66.35725317297643
c1,PO,96,91.94075447660197,69.34535391267669
c1,SC,120,93.78360035360562,71.46587049957924
best_native_policy_complete,BC,54,86.62378965003558,62.776899249777905
best_native_policy_complete,CM,89,90.39802999357096,68.98798668404638
best_native_policy_complete,DEF,76,88.39581915448467,67.8753479920971
best_native_policy_complete,FM,32,82.91110976773646,61.9676205576238
best_native_policy_complete,HO,96,87.09007209046705,64.88254021318198
best_native_policy_complete,LI,63,95.19280810050738,70.72987722774491
best_native_policy_complete,LR,50,87.59307633753977,64.48441864413148
best_native_policy_complete,MB,55,92.2122144598215,70.50464158100425
best_native_policy_complete,NO,41,95.53263989153416,74.91316499079416
best_native_policy_complete,TC,28,91.04884104221415,68.36360103630564
best_native_policy_complete,PO,96,92.90066910138245,69.99906268416177
best_native_policy_complete,SC,120,91.78441368388364,70.49101131257164
