variant,sequence,MPR,MSR,valid_tracking_frames,failed_tracking_frames,failure_events,recovered_events,tracking_fps
baseline,blackwoman,100.0,79.98661311914323,497,0,0,0,45.250288192399196
baseline,car3,100.0,84.94439692044483,500,0,0,0,44.56289815626571
baseline,car4,98.63945578231292,78.00453514739229,146,0,0,0,43.622708724160354
baseline,child1,46.08150470219436,34.22898940140319,318,174,2,1,44.589379872949955
baseline,cycle1,62.03208556149733,30.175706646294877,186,96,3,3,41.14150934007675
baseline,cycle2,100.0,70.6250738508803,402,0,0,0,41.084670315446914
baseline,cycle3,100.0,88.57579729139363,435,0,0,0,42.21212227842373
baseline,cycle4,100.0,81.03741496598639,335,0,0,0,43.63926780586557
baseline,cycle5,100.0,85.63074352548037,113,0,0,0,45.37422789876663
baseline,dog1,78.84028484231943,62.093687932955476,982,208,1,0,42.107990338808364
baseline,man2,100.0,76.10749393591217,745,0,0,0,41.1616456964539
baseline,manypeople1,100.0,79.66652536385472,673,3,1,1,43.82477359152314
baseline,manypeople2,100.0,81.79333543571956,452,0,0,0,40.85795224956911
baseline,orangeman1,100.0,84.76708074534162,919,0,0,0,41.22560408964987
baseline,single1,100.0,80.69867291178764,487,0,0,0,45.13556608769237
baseline,single3,100.0,75.50183150183149,324,0,0,0,45.1540642400419
baseline,threepeople,99.83136593591905,83.4417409459568,592,1,0,0,45.15847355696335
baseline,tricycle1,100.0,78.54917668001781,320,0,0,0,45.72966805667414
baseline,twoman2,100.0,73.51797862001945,391,9,1,0,44.2656632092769
baseline,twowoman1,100.0,80.40239487607909,683,0,0,0,44.67506343179573
baseline,whiteman1,99.65004374453194,72.28679748364787,1142,32,4,4,45.120354360599656
baseline,woman1,98.71159563924678,77.09660672990701,1008,4,0,0,44.752430478333785
baseline,woman2,100.0,70.03968253968254,287,0,0,0,45.36586765443409
baseline,woman3,100.0,76.25258799171843,229,0,0,0,47.49990241132304
baseline,afterrain,100.0,69.57026713124273,122,0,0,0,44.60312236123884
baseline,aftertree,100.0,82.68674882093411,312,0,0,0,40.54426526462038
baseline,baby,99.08952959028832,66.19697955054556,658,8,2,2,42.30561030670563
baseline,baginhand,99.64285714285714,74.31972789115646,279,2,0,0,44.10830765192912
baseline,baketballwaliking,84.23423423423422,67.52466752466752,221,38,3,3,45.10733115191609
baseline,balancebike,89.77777777777777,71.04761904761907,224,22,1,1,36.218623794320095
baseline,basketball2,100.0,75.4920634920635,74,0,0,0,41.032082478601076
baseline,bicyclecity,100.0,86.96386355960823,281,0,0,0,42.36376275735865
baseline,bike,100.0,84.92778492778493,332,0,0,0,45.60370028236665
baseline,bikeman,100.0,72.85445251546948,176,0,0,0,47.56084358418684
baseline,bikemove1,100.0,74.63945578231291,174,0,0,0,41.72553920097207
baseline,biketwo,82.28228228228228,34.62033462033462,332,67,1,0,47.03591443044784
baseline,bluebike,100.0,76.68308702791461,260,0,0,0,43.404287932623475
baseline,blueCar,100.0,84.96575887880236,298,0,0,0,42.686882367564706
baseline,boundaryandfast,100.0,42.60651629072682,189,0,0,0,43.20453814439761
baseline,bus6,100.0,85.28624933119315,88,0,0,0,45.229422280680836
baseline,call,99.54337899543378,42.46575342465752,218,1,0,0,38.70848439513528
baseline,car,100.0,84.27997705106138,414,0,0,0,43.42622197740642
baseline,car10,99.52830188679245,84.83827493261454,211,0,0,0,44.28163012305799
baseline,car20,93.7888198757764,74.120082815735,160,0,0,0,42.47730518151952
baseline,car37,96.8543046357616,73.7385682749921,603,15,1,1,45.43265614335019
baseline,car41,100.0,83.33333333333334,253,0,0,0,43.617955860981496
baseline,car66,100.0,83.69614512471657,209,0,0,0,43.32860907816633
baseline,caraftertree,77.82608695652173,74.98964803312629,229,27,1,1,42.3385423255432
baseline,carLight,99.25093632958801,74.74585339753878,266,0,0,0,44.2789709892453
baseline,carnotfar,82.29665071770334,86.06744133059921,417,0,0,0,43.78519022980099
baseline,carnotmove,97.12230215827337,78.2916523923718,416,5,1,1,44.78760097078829
baseline,carred,93.33333333333333,66.13756613756614,179,0,0,0,43.507122275322175
baseline,child,92.14285714285714,46.020408163265316,139,12,0,0,44.37750401215779
baseline,child3,57.80998389694042,38.340618050762984,620,278,4,3,44.928245411494814
baseline,child4,78.2442748091603,61.93202471828426,523,114,1,0,45.60359854459399
baseline,children2,5.857740585774058,2.8890217174735993,238,227,1,0,44.46716312032764
baseline,children3,88.97058823529412,52.801120448179276,135,20,1,1,45.06788619869558
baseline,children4,93.20388349514563,46.27831715210357,102,7,0,0,44.853733507123124
baseline,crossroad,100.0,68.07415674603176,767,0,0,0,44.38222488292423
baseline,crouch,98.07877041306436,65.73807236631444,1040,17,1,1,43.920521699755994
baseline,diamond,99.11894273127754,65.22970421648834,453,13,3,3,43.320121033171034
baseline,dog,97.77777777777777,72.80423280423281,44,1,0,0,42.20286619448793
baseline,dog10,100.0,82.14628790997666,346,0,0,0,44.4344590999446
baseline,dog11,93.10344827586206,66.94033935413245,86,5,1,1,44.75189538696148
baseline,elecbike,99.20634920634922,73.31821617535903,125,0,0,0,44.50699853162155
baseline,elecbike2,74.5704467353952,51.83276059564719,581,122,3,2,42.405769351131966
baseline,elecbike3,100.0,60.44973544973546,143,0,0,0,43.73538248279732
baseline,elecbike10,99.56803455723542,70.87318728787412,462,0,0,0,41.184091143689024
baseline,elecbikechange2,100.0,80.59128864816068,210,0,0,0,43.38336371298856
baseline,elecbikeinfrontcar,98.5576923076923,77.15201465201467,207,2,0,0,41.4451967065268
baseline,elecbikewithhat,100.0,87.31829573934837,94,0,0,0,43.692116653320866
baseline,elecbikewithlight,100.0,61.174834897462645,136,0,0,0,46.00423104288968
baseline,elecbikewithlight1,98.91891891891892,78.66151866151864,184,2,0,0,42.48343791645408
baseline,face1,91.38576779026218,62.47904405207777,1334,115,1,1,44.189421668710835
baseline,floor-1,99.21875,69.79166666666666,127,1,0,0,43.44691287479906
baseline,flower1,84.22818791946308,56.671460530520946,595,78,5,5,45.17976948336807
baseline,flower2,99.76303317535546,79.72241029113069,421,0,0,0,44.034041552927214
baseline,fog,99.55357142857143,82.29875283446711,671,3,0,0,45.40351455873757
baseline,fog6,100.0,83.45120226308345,302,0,0,0,45.571170309966824
baseline,glass,76.60044150110376,56.75391569431303,452,95,2,1,45.766171841150495
baseline,glass2,100.0,72.96813462226996,265,0,0,0,47.533996907144385
baseline,graycar2,100.0,73.25051759834368,344,0,0,0,45.207369680596706
baseline,green,100.0,82.37804286684123,490,0,0,0,44.39198399560645
baseline,greentruck,100.0,84.38538205980066,128,0,0,0,43.56633655774063
baseline,greyman,100.0,68.8112124282337,281,0,0,0,44.32420014005647
baseline,greywoman,100.0,70.53184910327766,153,0,0,0,42.746341504419014
baseline,guidepost,99.77324263038548,78.37166612676816,440,4,0,0,42.594691747689104
baseline,hotglass,97.84172661870504,67.45460774237753,416,15,1,1,45.167003721922974
baseline,hotkettle,100.0,80.34391534391536,1079,0,0,0,43.45411379989414
baseline,inglassandmobile,100.0,82.562358276644,629,0,0,0,44.11597786650427
baseline,jump,100.0,77.38095238095238,443,0,0,0,44.24864267886169
baseline,kettle,94.52247191011236,68.74331193151419,1423,81,3,3,42.87689230141111
baseline,kite2,10.659272951324708,6.815714579115688,1622,1450,1,0,45.99436565547181
baseline,kite4,100.0,70.02721088435374,1399,0,0,0,45.58818769491829
baseline,luggage,100.0,81.11479243812121,732,0,0,0,42.08764108695393
baseline,man3,98.95230217810862,87.8740136804653,3626,0,0,0,44.21073492422279
baseline,man4,72.66553480475382,58.290888511601594,588,161,1,0,42.207710725302725
baseline,man5,100.0,80.39496735148907,597,0,0,0,42.919601511585256
baseline,man7,42.05314009661836,31.30664826317,4139,2320,16,15,43.56050902931208
baseline,man8,66.8343653250774,46.20190181335694,2583,861,5,4,45.25156455319946
baseline,man9,100.0,67.47296528173023,501,0,0,0,43.20502637521581
baseline,man22,94.83282674772036,75.69836445216384,328,17,2,2,41.384060145240035
baseline,man23,59.30521091811415,51.0693607467801,402,116,3,2,41.00050356208402
baseline,man24,89.24731182795699,65.06229732036184,557,67,1,1,44.049550373114
baseline,man26,97.7728285077951,73.66634849931063,448,15,1,1,44.28935024612752
baseline,man28,90.81419624217119,56.02942638433244,478,54,5,5,43.93153499737551
baseline,man29,66.17100371747212,48.29173305009736,268,88,2,2,43.73342973795794
baseline,man45,97.73584905660377,64.99550763701707,264,9,1,1,45.717963200885116
baseline,man55,100.0,73.58523119392684,551,0,0,0,45.60654370505789
baseline,man68,100.0,62.63177026535806,392,0,0,0,44.4548789603567
baseline,man69,100.0,63.84920634920634,119,0,0,0,43.32932021820677
baseline,man88,100.0,76.68463611859838,211,0,0,0,43.02533035257527
baseline,manafterrain,100.0,71.59310878823074,491,0,0,0,45.60338459530128
baseline,mancross,1.7094017094017095,1.4245014245014251,116,115,1,0,46.61633686791261
baseline,mancross1,91.44144144144144,72.00772200772201,221,17,1,1,45.95129200782522
baseline,mancrossandup,100.0,73.39268051434222,336,0,0,0,43.07949617061618
baseline,mandrivecar,97.44245524296676,68.10376324442821,390,8,1,1,43.85852431394379
baseline,manfaraway,65.06024096385542,46.24211130235227,248,87,1,1,44.121927490008254
baseline,maninblack,100.0,77.64326069410814,176,0,0,0,43.82396010250577
baseline,maninglass,84.96420047732697,60.89328332765087,418,52,4,4,44.74984668303024
baseline,maningreen2,100.0,69.42554799697656,125,0,0,0,43.15648364936384
baseline,maninred,100.0,70.85593731163351,157,0,0,0,41.00562265444581
baseline,manlight,100.0,76.93496277567074,338,0,0,0,39.809745098050534
baseline,manoccpart,96.1038961038961,74.08781694495981,76,3,1,1,41.575264348273016
baseline,manonboundary,100.0,83.36507936507938,449,0,0,0,42.26426561759952
baseline,manonelecbike,94.37751004016064,74.7370434117422,248,13,1,1,43.882332678703335
baseline,manontricycle,100.0,90.62049062049063,98,0,0,0,41.9599667355447
baseline,manout2,79.7979797979798,64.5983645983646,98,0,0,0,44.369047621961535
baseline,manup,100.0,56.4585115483319,333,0,0,0,41.05822886342056
baseline,manwithbag,100.0,76.83031869078381,386,0,0,0,41.95256195493495
baseline,manwithbag4,96.88041594454073,78.11339440455556,576,17,3,3,44.41406834237765
baseline,manwithbasketball,36.25,28.928571428571427,79,51,1,0,41.444429535793496
baseline,manwithluggage,100.0,57.45257452574526,983,0,0,0,41.56749009001514
baseline,manwithumbrella,100.0,80.75396825396827,503,0,0,0,41.1387549562637
baseline,manypeople,11.937984496124031,7.013658176448874,644,571,2,1,43.92924284326215
baseline,mobile,100.0,75.23809523809524,899,0,0,0,43.67406200945943
baseline,night2,92.64705882352942,70.44817927170868,67,5,1,1,46.3249336059795
baseline,nightcar,100.0,84.5417564010529,198,0,0,0,43.797976861995544
baseline,nightrun,88.75,71.42857142857142,159,18,1,1,44.82595701803597
baseline,nightthreepeople,100.0,68.9144189144189,285,11,2,2,43.46520474011159
baseline,notmove,95.51282051282051,76.15995115995116,623,28,2,2,42.90371393279943
baseline,oldman,85.24229074889867,68.56513530522341,453,0,0,0,40.96437851366906
baseline,oldman2,99.02912621359224,74.75728155339806,102,1,0,0,37.89802546371985
baseline,oldwoman,100.0,81.74603174603176,233,0,0,0,38.685280855985276
baseline,people,54.400000000000006,41.612698412698414,374,160,3,2,39.31937129445611
baseline,people1,92.80575539568345,69.84023171073531,1528,110,3,3,44.265782256534315
baseline,people3,99.89200863930886,68.12712125887073,925,1,0,0,44.13923612345924
baseline,playsoccer,100.0,72.8283621140764,1455,0,0,0,43.92884748675699
baseline,push,90.27355623100304,48.22695035460992,328,44,3,2,41.36723714770583
baseline,rainingwaliking,100.0,71.07531439875653,1010,0,0,0,43.764449457589066
baseline,raningcar,77.06422018348624,67.45303626037571,108,0,0,0,43.17957079829192
baseline,redbag,96.90647482014388,76.77971908187735,1389,44,1,1,43.36763801798767
baseline,redcar,100.0,79.9912625600699,217,0,0,0,42.551556475798066
baseline,redcar2,86.41975308641975,75.60258671369782,242,31,1,1,41.181098190602675
baseline,redmanchange,100.0,79.4949494949495,329,0,0,0,43.54460526954147
baseline,rmo,29.68036529680365,9.40059433210118,656,574,3,2,42.99996604147088
baseline,run,76.1744966442953,50.047938638542654,297,72,3,2,44.01374578667795
baseline,run1,92.94117647058823,70.58823529411764,84,6,1,0,41.99676310539296
baseline,run2,97.58454106280193,68.69105129974696,206,5,1,1,42.984716550643604
baseline,scooter,88.75545851528385,72.09399043460178,915,69,4,4,44.63279960000388
baseline,shake,99.88193624557262,70.91696182605274,846,8,2,2,44.76088143673091
baseline,shoeslight,100.0,83.06878306878308,233,0,0,0,45.34630395661292
baseline,soccer,98.34087481146304,79.91812109459168,1325,24,2,2,46.29541791673929
baseline,soccer2,98.68073878627969,76.22816936801105,378,3,0,0,45.442982763625324
baseline,soccerinhand,67.2945205479452,19.227005870841488,1167,971,1,0,44.25095536539236
baseline,straw,100.0,79.16322598403524,345,0,0,0,41.89205053715583
baseline,stroller,69.1285081240768,66.66666666666666,676,74,1,1,41.39207897763399
baseline,supbus,86.52173913043478,70.31055900621118,229,0,0,0,44.02725711588296
baseline,supbus2,99.39393939393939,69.75468975468976,164,0,0,0,45.961704909173946
baseline,takeout,100.0,82.78769841269842,575,0,0,0,44.82375319717137
baseline,tallman,99.41520467836257,72.98802561960458,170,2,0,0,42.57195900346049
baseline,threeman,100.0,76.22797150356206,253,0,0,0,43.5980994804838
baseline,threeman2,94.4055944055944,73.63747363747363,428,24,2,1,43.926387573666446
baseline,threewoman2,94.75982532751091,68.80848409232688,228,26,2,2,45.34935044711414
baseline,together,99.59919839679358,78.38534211279702,498,2,0,0,46.31258119821444
baseline,toy1,97.69639692852924,78.37313306893931,1692,28,1,0,44.629178881501396
baseline,toy3,100.0,73.76084656084656,1124,0,0,0,45.067675772133846
baseline,toy4,100.0,70.29341029341029,989,0,0,0,46.99641179051101
baseline,tree2,100.0,81.73972291619351,1257,0,0,0,44.69949190917341
baseline,tree3,84.44561219127694,66.72672221805169,1902,282,2,1,42.77653366434426
baseline,tree5,63.152896486229814,50.757472979695194,2105,772,2,1,44.14748345938567
baseline,trees,100.0,79.72913936216689,217,0,0,0,43.234256596502036
baseline,tricycle,100.0,85.33333333333333,224,0,0,0,43.92078074747009
baseline,tricycle2,100.0,84.15400202634247,234,0,0,0,42.75744943841286
baseline,tricycle6,100.0,74.81977865773175,468,0,0,0,42.75497248854314
baseline,tricycle9,98.79518072289156,76.85025817555939,331,0,0,0,44.10852534313926
baseline,tricyclefaraway,100.0,76.8361581920904,294,0,0,0,43.944987612102764
baseline,tricycletwo,84.17618270799348,78.86273595898393,612,0,0,0,42.993237601614474
baseline,twoelecbike,100.0,84.01360544217688,83,0,0,0,44.87270472300114
baseline,twoelecbike1,98.31932773109243,78.53141256502602,237,4,0,0,45.501860276600034
baseline,twoman,92.07082371054658,70.4937864291213,1298,0,0,0,44.77979965805017
baseline,twoman1,99.3006993006993,69.73978402549832,1000,7,0,0,45.09216815071998
baseline,twoperson,100.0,62.59131103421761,866,0,0,0,44.340717216893
baseline,twowoman,100.0,70.955338657202,160,0,0,0,44.87259946907258
baseline,walking40,84.1688654353562,62.671189847970844,378,59,1,0,45.00145925733261
baseline,walking41,100.0,67.13598901098902,415,3,0,0,45.83576517904286
baseline,walkingman,99.05660377358491,76.37017070979336,105,1,0,0,46.29299963363442
baseline,walkingman1,36.882716049382715,30.57760141093474,647,414,3,2,45.80995488788814
baseline,walkingman12,65.15748031496062,34.992500937382836,507,170,2,1,45.6967657542638
baseline,walkingman20,46.57293497363796,28.897815716796384,568,308,2,1,42.10553189403784
baseline,walkingman41,66.93227091633466,52.19123505976094,501,160,1,0,43.821655038411535
baseline,walkingmantiny,71.08433734939759,33.27596098680436,82,44,1,0,42.358346995616905
baseline,walkingnight,91.31455399061032,71.00380058126537,425,37,1,0,44.27010512321174
baseline,walkingtogether,99.86043265875784,76.63576246967733,1432,2,0,0,44.88070429863218
baseline,walkingtogether1,100.0,74.50473729543498,386,0,0,0,42.29723779957048
baseline,walkingtogetherright,98.16971713810317,67.80762221694003,600,14,1,1,45.54533977348639
baseline,walkingwithbag1,100.0,77.93354101765317,641,0,0,0,44.425094236892505
baseline,walkingwithbag2,100.0,74.10224857366596,1276,0,0,0,44.887534499205
baseline,walkingwoman,100.0,58.073344280240825,347,0,0,0,44.08345583056032
baseline,whitebag,99.23273657289002,73.80343441724516,390,3,1,1,46.2886249007021
baseline,whitecar,100.0,85.74074074074073,179,0,0,0,44.91773057765835
baseline,whitecar3,100.0,85.34226190476191,447,0,0,0,44.63752855585142
baseline,whitecar4,77.7027027027027,74.93564993564993,147,10,1,0,42.79230757910911
baseline,whitecarafterrain,93.29268292682927,70.49941927990709,163,0,0,0,41.832823127672825
baseline,whitesuv,55.36332179930796,58.0655791728456,577,0,0,0,43.75096610203763
baseline,woamn46,95.58823529411765,68.25980392156863,271,23,2,1,44.92418483991147
baseline,woamnwithbike,99.31506849315068,80.20221787345075,145,0,0,0,45.56749841607479
baseline,woman,100.0,83.1608005521049,137,0,0,0,43.09842161288184
baseline,woman4,98.82075471698113,53.930817610062896,423,1,0,0,45.96504887236548
baseline,woman6,100.0,69.94434137291282,76,0,0,0,47.10325564447248
baseline,woman48,100.0,74.7536945812808,347,0,0,0,43.83260575184974
baseline,woman89,98.84792626728111,82.83958744788238,433,1,0,0,44.71783176924586
baseline,woman96,98.93617021276596,74.41742654508612,93,0,0,0,45.361146690768656
baseline,woman99,100.0,83.7519623233909,545,0,0,0,45.72799022528479
baseline,woman100,98.83720930232558,76.10049833887044,687,4,1,1,46.21708348196394
baseline,womancross,100.0,79.718398987502,601,0,0,0,45.480756666633056
baseline,womanfaraway,100.0,69.02887139107611,126,0,0,0,43.77351475686168
baseline,womaninblackwithbike,99.86449864498645,80.78461736998322,737,1,0,0,46.69864458939362
baseline,womanleft,100.0,77.50041192947766,577,0,0,0,44.712233076362146
baseline,womanpink,99.10714285714286,76.48809523809523,111,1,0,0,43.504763929338
baseline,womanred,100.0,78.52474323062559,101,0,0,0,43.64729049068389
baseline,womanrun,98.6280487804878,71.42857142857142,655,9,2,2,45.6580862945174
baseline,womanwithbag6,94.67455621301775,69.0335305719921,168,9,1,1,43.15370956051433
baseline,yellowcar,100.0,85.72226210417165,596,0,0,0,44.093338220512706
abc,blackwoman,100.0,79.8144960795563,497,0,0,0,28.174041785869566
abc,car3,100.0,84.98241612014067,500,0,0,0,26.040760526056868
abc,car4,98.63945578231292,78.00453514739229,146,0,0,0,25.964940833188656
abc,child1,45.141065830721004,33.527392148081795,318,177,1,0,26.874318689345593
abc,cycle1,68.98395721925134,35.24318818436465,186,84,3,3,25.744943853624
abc,cycle2,100.0,69.97518610421837,402,0,0,0,26.01752220214882
abc,cycle3,100.0,88.652249890782,435,0,0,0,25.043247582151107
abc,cycle4,100.0,81.15079365079364,335,0,0,0,25.396613020359432
abc,cycle5,100.0,85.63074352548037,113,0,0,0,25.463274588860678
abc,dog1,85.65615462868769,67.56285423630285,982,141,2,1,26.154906798504175
abc,man2,100.0,76.10749393591217,745,0,0,0,24.804566254876896
abc,manypeople1,100.0,79.56054825491027,673,3,1,1,25.26468060874557
abc,manypeople2,100.0,81.77231157363607,452,0,0,0,25.29327814491036
abc,orangeman1,100.0,84.77225672877847,919,0,0,0,24.679736569545575
abc,single1,100.0,80.6303669008587,487,0,0,0,25.491036470442396
abc,single3,100.0,75.50183150183149,324,0,0,0,25.81752298646594
abc,threepeople,99.83136593591905,83.4417409459568,592,1,0,0,24.652362884198524
abc,tricycle1,100.0,78.54917668001781,320,0,0,0,24.77663001868947
abc,twoman2,96.93877551020408,72.3153547133139,391,15,1,0,25.780630664775735
abc,twowoman1,100.0,80.40239487607909,683,0,0,0,24.688740389696715
abc,whiteman1,99.82502187226596,73.70328708911386,1142,10,1,1,26.42776882586028
abc,woman1,74.03369672943508,58.624758129217994,1008,259,1,1,25.35794244903114
abc,woman2,100.0,69.82473544973544,287,0,0,0,26.10488784567675
abc,woman3,100.0,76.12836438923395,229,0,0,0,26.302355799972535
abc,afterrain,100.0,69.57026713124273,122,0,0,0,24.992490994573245
abc,aftertree,100.0,82.68674882093411,312,0,0,0,24.399870654427495
abc,baby,90.59180576631259,60.75583495917335,658,63,1,1,27.05991961964008
abc,baginhand,99.28571428571429,74.21768707482994,279,2,0,0,28.452494383826668
abc,baketballwaliking,83.78378378378379,67.03131703131704,221,39,3,3,27.454078724325083
abc,balancebike,89.77777777777777,70.96296296296296,224,22,1,1,27.444898668190127
abc,basketball2,100.0,75.4920634920635,74,0,0,0,27.041332805506457
abc,bicyclecity,100.0,86.96386355960823,281,0,0,0,25.95484587994948
abc,bike,100.0,84.92778492778493,332,0,0,0,26.276192175675764
abc,bikeman,100.0,72.85445251546948,176,0,0,0,27.375009834791253
abc,bikemove1,100.0,74.5578231292517,174,0,0,0,26.29487372174382
abc,biketwo,82.28228228228228,34.76333476333476,332,67,1,0,27.012371040545226
abc,bluebike,100.0,76.68308702791461,260,0,0,0,25.832421902513175
abc,blueCar,100.0,84.96575887880236,298,0,0,0,25.838427703764705
abc,boundaryandfast,22.63157894736842,12.230576441102757,189,147,1,0,27.115965606867434
abc,bus6,100.0,85.28624933119315,88,0,0,0,26.022166923516828
abc,call,98.63013698630137,41.98738856273101,218,3,1,0,26.49805505010893
abc,car,100.0,84.27997705106138,414,0,0,0,25.888876786989222
abc,car10,99.52830188679245,84.83827493261454,211,0,0,0,25.882453353548645
abc,car20,93.7888198757764,74.120082815735,160,0,0,0,25.696468351945406
abc,car37,95.69536423841059,73.59665720592872,603,23,1,1,26.98681096672492
abc,car41,100.0,83.33333333333334,253,0,0,0,25.48776342486819
abc,car66,100.0,83.69614512471657,209,0,0,0,25.46881697955594
abc,caraftertree,78.69565217391305,75.13457556935818,229,27,1,1,25.625139125903477
abc,carLight,99.25093632958801,74.74585339753878,266,0,0,0,25.68128580893994
abc,carnotfar,82.29665071770334,86.06744133059921,417,0,0,0,25.519471406161063
abc,carnotmove,32.853717026378895,26.824254881808834,416,278,2,1,26.271712638710238
abc,carred,93.33333333333333,66.13756613756614,179,0,0,0,25.685212477196554
abc,child,92.14285714285714,45.40816326530613,139,14,1,0,26.869504951213763
abc,child3,36.07085346215781,24.975078598267007,620,397,4,3,26.689090064282272
abc,child4,78.05343511450383,61.768447837150134,523,115,1,0,26.474201032918167
abc,children2,15.481171548117153,6.853954971109781,238,208,2,1,26.71522573408607
abc,children3,43.38235294117647,29.936974789915965,135,77,2,1,27.042417892368476
abc,children4,78.64077669902912,40.314378178455854,102,22,1,0,26.743491345855496
abc,crossroad,100.0,68.08035714285715,767,0,0,0,26.204659993664436
abc,crouch,90.77809798270894,61.58455697360596,1040,89,2,2,26.419225368712105
abc,diamond,99.11894273127754,65.12481644640235,453,14,3,3,25.826335716128256
abc,dog,97.77777777777777,72.5925925925926,44,1,0,0,26.99054510292296
abc,dog10,100.0,82.2697955262797,346,0,0,0,25.582019734402365
abc,dog11,86.20689655172413,62.725779967159276,86,12,1,1,26.68459156576873
abc,elecbike,99.20634920634922,73.50718065003778,125,0,0,0,25.485973494773106
abc,elecbike2,74.5704467353952,51.61184748813614,581,117,3,2,26.39756196422831
abc,elecbike3,100.0,60.44973544973546,143,0,0,0,26.09589937625958
abc,elecbike10,99.13606911447084,70.60578010901985,462,2,0,0,25.701283880806916
abc,elecbikechange2,100.0,80.59128864816068,210,0,0,0,24.71470241313868
abc,elecbikeinfrontcar,98.5576923076923,77.15201465201467,207,2,0,0,25.015191315135784
abc,elecbikewithhat,100.0,87.31829573934837,94,0,0,0,24.59982361178582
abc,elecbikewithlight,100.0,61.174834897462645,136,0,0,0,25.647030625724273
abc,elecbikewithlight1,100.0,79.35649935649936,184,0,0,0,25.51157532494221
abc,face1,99.7752808988764,68.95666131621188,1334,3,0,0,26.501817799627357
abc,floor-1,94.53125,67.11309523809523,127,6,1,1,25.947891877761382
abc,flower1,83.55704697986577,56.3758389261745,595,81,7,7,26.735547178001365
abc,flower2,99.76303317535546,79.81268336718573,421,0,0,0,25.50457909948981
abc,fog,99.55357142857143,82.29875283446711,671,3,0,0,25.40627071034348
abc,fog6,100.0,83.45120226308345,302,0,0,0,25.2031378868689
abc,glass,75.49668874172185,55.912961210974444,452,101,3,2,25.821634767906534
abc,glass2,100.0,72.89652703186539,265,0,0,0,26.957028238269707
abc,graycar2,100.0,73.25051759834368,344,0,0,0,25.31052203798103
abc,green,100.0,82.37804286684123,490,0,0,0,25.170951188715406
abc,greentruck,100.0,84.31155407899593,128,0,0,0,25.379105609755747
abc,greyman,86.52482269503547,60.16548463356975,281,31,1,1,25.683469920108227
abc,greywoman,100.0,70.62461348175634,153,0,0,0,25.237271481031513
abc,guidepost,99.77324263038548,78.37166612676816,440,4,0,0,25.227532604117233
abc,hotglass,98.8009592326139,67.89996574169236,416,11,1,1,26.912089815367388
abc,hotkettle,100.0,80.30423280423278,1079,0,0,0,26.846600882202992
abc,inglassandmobile,100.0,82.562358276644,629,0,0,0,24.83863685716526
abc,jump,100.0,77.12355212355213,443,0,0,0,25.51799984373402
abc,kettle,94.52247191011236,68.52929373996791,1423,85,3,3,26.77774437400971
abc,kite2,88.53974121996303,50.80832086377372,1622,192,2,1,26.645672336527667
abc,kite4,79.21428571428571,55.45578231292517,1399,291,1,1,26.876425543978048
abc,luggage,100.0,81.08231014097316,732,0,0,0,24.867619102509295
abc,man3,99.0074441687345,87.87926529862014,3626,0,0,0,25.11270933227921
abc,man4,71.98641765704585,56.98924731182796,588,165,2,1,25.37413227288395
abc,man5,100.0,80.27552157986942,597,0,0,0,24.942035743904956
abc,man7,60.33816425120773,46.57234874626179,4139,1604,14,14,25.361458373311105
abc,man8,97.32972136222911,64.39997051452161,2583,74,4,4,25.973093232945374
abc,man9,100.0,67.47296528173023,501,0,0,0,24.950681878161642
abc,man22,94.22492401215806,75.23520046316399,328,19,2,2,25.67652764449991
abc,man23,54.3424317617866,45.7402812241522,402,149,3,2,25.836130099469326
abc,man24,89.24731182795699,65.10496671786994,557,67,1,1,25.657280810606302
abc,man26,97.7728285077951,73.9739102768056,448,14,1,1,26.298065365220125
abc,man28,74.73903966597078,44.50740630281341,478,131,5,4,26.21937850313628
abc,man29,47.21189591078067,39.33439546822446,268,138,1,0,25.604362154876778
abc,man45,93.9622641509434,62.713387241689134,264,18,1,1,25.91759673198434
abc,man55,99.81884057971014,73.63699102829537,551,1,0,0,26.20246013459093
abc,man68,100.0,62.41366775717921,392,0,0,0,25.32050809820347
abc,man69,100.0,63.84920634920634,119,0,0,0,26.231768671298408
abc,man88,100.0,76.68463611859838,211,0,0,0,24.70409827747763
abc,manafterrain,100.0,71.56407278358498,491,0,0,0,26.263777909272928
abc,mancross,0.8547008547008548,0.8140008140008139,116,116,1,0,24.538870550512833
abc,mancross1,90.09009009009009,71.27842127842128,221,21,1,1,25.735276663204928
abc,mancrossandup,100.0,73.39268051434222,336,0,0,0,25.29464120019921
abc,mandrivecar,89.25831202046037,64.48666423090975,390,40,1,1,25.52074067446309
abc,manfaraway,38.55421686746988,27.347485178810476,248,153,1,1,26.065878438426346
abc,maninblack,100.0,77.64326069410814,176,0,0,0,24.688694517238503
abc,maninglass,42.959427207637226,29.776110921695647,418,232,1,1,25.861328923890824
abc,maningreen2,100.0,69.42554799697656,125,0,0,0,24.01321047287148
abc,maninred,100.0,70.85593731163351,157,0,0,0,25.05885626866043
abc,manlight,100.0,76.93496277567074,338,0,0,0,25.105048701595685
abc,manoccpart,94.8051948051948,73.40754483611627,76,4,1,1,25.859633251002236
abc,manonboundary,100.0,83.36507936507938,449,0,0,0,25.320222567966674
abc,manonelecbike,95.98393574297188,75.57850449416715,248,9,1,1,25.658548157650984
abc,manontricycle,100.0,90.62049062049063,98,0,0,0,24.328925726715376
abc,manout2,79.7979797979798,64.5983645983646,98,0,0,0,25.478495124332348
abc,manup,100.0,56.4585115483319,333,0,0,0,25.684223896624125
abc,manwithbag,100.0,76.8303186907838,386,0,0,0,24.760985021099657
abc,manwithbag4,97.05372616984403,78.12164727242717,576,17,3,3,24.732041846697353
abc,manwithbasketball,82.5,63.035714285714285,79,14,1,1,25.371511563084695
abc,manwithluggage,100.0,57.3315911730546,983,0,0,0,25.096440781847146
abc,manwithumbrella,100.0,80.75396825396827,503,0,0,0,24.970710113508954
abc,manypeople,11.627906976744185,6.984126984126984,644,574,2,1,25.801627757525686
abc,mobile,100.0,75.23809523809524,899,0,0,0,25.866353442049082
abc,night2,86.76470588235294,66.1064425770308,67,9,2,2,26.171245448981843
abc,nightcar,100.0,84.5417564010529,198,0,0,0,25.108569190924317
abc,nightrun,88.75,71.42857142857142,159,18,1,1,26.154220652840692
abc,nightthreepeople,100.0,69.06426906426907,285,6,0,0,26.39998944719636
abc,notmove,97.27564102564102,77.0528083028083,623,17,3,3,26.315712965759
abc,oldman,85.24229074889867,68.56513530522341,453,0,0,0,26.089476153493017
abc,oldman2,99.02912621359224,74.98844197873325,102,1,0,0,25.86429071904042
abc,oldwoman,99.57264957264957,81.44078144078144,233,1,0,0,25.830122799798904
abc,people,56.00000000000001,42.37460317460319,374,154,2,1,25.91397230179784
abc,people1,92.60954872465665,69.50076302594289,1528,113,4,4,25.956249284185795
abc,people3,100.0,68.1734032705955,925,0,0,0,26.54968755316851
abc,playsoccer,100.0,73.00170068027211,1455,0,0,0,25.859333441561798
abc,push,89.36170212765957,47.67694311767259,328,47,4,3,26.282555442864577
abc,rainingwaliking,100.0,71.07531439875653,1010,0,0,0,25.836860916774835
abc,raningcar,77.06422018348624,67.45303626037571,108,0,0,0,24.982445702953637
abc,redbag,98.05755395683452,77.43405275779376,1389,27,1,1,25.34378948365409
abc,redcar,100.0,79.9912625600699,217,0,0,0,25.12520261700071
abc,redcar2,88.88888888888889,77.03311777385852,242,26,1,1,25.16316041821901
abc,redmanchange,100.0,79.4949494949495,329,0,0,0,24.942910137568283
abc,rmo,31.963470319634702,10.886424585054721,656,563,4,3,26.278072236522817
abc,run,30.536912751677853,24.065196548418026,297,205,1,0,25.90314745634119
abc,run1,96.47058823529412,72.26890756302521,84,4,1,1,26.038720943067705
abc,run2,99.03381642512076,69.68023924545663,206,2,0,0,25.2363604793435
abc,scooter,88.97379912663756,72.08879184861716,915,66,3,3,26.122299014508314
abc,shake,99.64580873671783,70.79327598808118,846,10,2,2,25.141075511061505
abc,shoeslight,100.0,83.06878306878308,233,0,0,0,25.38029074292284
abc,soccer,98.34087481146304,79.85707103354162,1325,24,2,2,26.38510487768216
abc,soccer2,98.68073878627969,76.22816936801105,378,3,0,0,25.87065216010002
abc,soccerinhand,67.2945205479452,19.247390737116763,1167,971,1,0,25.332323282341395
abc,straw,100.0,79.16322598403524,345,0,0,0,26.075272271161122
abc,stroller,69.1285081240768,66.66666666666666,676,74,1,1,25.264481256954788
abc,supbus,86.52173913043478,70.31055900621118,229,0,0,0,25.27951284800957
abc,supbus2,99.39393939393939,69.75468975468976,164,0,0,0,24.620111447433906
abc,takeout,100.0,82.77116402116404,575,0,0,0,25.36630746752713
abc,tallman,77.77777777777779,59.871901977165145,170,38,1,0,25.238961842908736
abc,threeman,100.0,76.22797150356206,253,0,0,0,25.8055955360339
abc,threeman2,95.57109557109557,74.38117438117438,428,19,1,1,25.476024666384287
abc,threewoman2,94.75982532751091,69.84820128924932,228,23,3,2,26.055640937031274
abc,together,99.59919839679358,78.45214237999811,498,4,0,0,26.321042874195353
abc,toy1,98.64146485528647,79.49540123196354,1692,23,2,2,26.178722279052007
abc,toy3,100.0,73.78624338624337,1124,0,0,0,26.769265159701277
abc,toy4,100.0,70.32227032227031,989,0,0,0,26.806200163120682
abc,tree2,100.0,81.76622000151413,1257,0,0,0,25.0530013559958
abc,tree3,84.13032054650552,66.21124540199685,1902,297,1,0,24.629142127923433
abc,tree5,62.91547958214625,50.59467281689503,2105,777,2,1,24.68840869220438
abc,trees,100.0,79.72913936216689,217,0,0,0,24.91686501625008
abc,tricycle,100.0,85.31216931216929,224,0,0,0,25.509371706793168
abc,tricycle2,100.0,83.78926038500506,234,0,0,0,25.263898695126144
abc,tricycle6,100.0,74.75885876738757,468,0,0,0,25.162124148941142
abc,tricycle9,98.79518072289156,76.85025817555939,331,0,0,0,24.83843415446529
abc,tricyclefaraway,100.0,76.8361581920904,294,0,0,0,24.913639675439615
abc,tricycletwo,83.03425774877651,78.17913462285405,612,0,0,0,24.86999954046835
abc,twoelecbike,100.0,84.01360544217688,83,0,0,0,24.643818613257256
abc,twoelecbike1,93.27731092436974,75.23009203681472,237,11,1,1,25.604043783816074
abc,twoman,92.07082371054658,70.4937864291213,1298,0,0,0,25.110090586602688
abc,twoman1,99.6003996003996,70.04899862042718,1000,4,0,0,26.123121695661276
abc,twoperson,100.0,62.59131103421761,866,0,0,0,25.401401105344945
abc,twowoman,100.0,71.04406980183377,160,0,0,0,25.56154022723241
abc,walking40,80.73878627968337,60.0201030280186,378,76,2,1,25.568730997829704
abc,walking41,100.0,67.11309523809523,415,4,1,1,26.60785203092359
abc,walkingman,99.05660377358491,76.37017070979336,105,1,0,0,25.933379086217716
abc,walkingman1,83.9506172839506,66.97530864197529,647,110,3,3,26.118757187445507
abc,walkingman12,33.07086614173229,18.76640419947507,507,339,3,2,25.944485727570402
abc,walkingman20,63.44463971880492,38.55552765921835,568,214,4,4,25.66648308840928
abc,walkingman41,66.93227091633466,52.06791880098653,501,160,1,0,25.48620900820034
abc,walkingmantiny,51.80722891566265,32.47274813539873,82,44,1,0,25.609906521942683
abc,walkingnight,91.78403755868545,71.17147328414934,425,35,1,0,26.21236314594607
abc,walkingtogether,87.29937194696441,67.52068587379124,1432,182,1,1,25.368507408615436
abc,walkingtogether1,100.0,74.50473729543498,386,0,0,0,24.71745456771863
abc,walkingtogetherright,97.8369384359401,67.64915616829096,600,16,2,1,25.278458075834134
abc,walkingwithbag1,100.0,77.93354101765317,641,0,0,0,24.980905275905727
abc,walkingwithbag2,100.0,74.10224857366596,1276,0,0,0,24.72933368564546
abc,walkingwoman,100.0,58.073344280240825,347,0,0,0,25.424809882723686
abc,whitebag,99.23273657289002,73.79125563268786,390,3,1,1,26.428596735266566
abc,whitecar,100.0,85.71428571428571,179,0,0,0,24.864067421066142
abc,whitecar3,100.0,85.34226190476191,447,0,0,0,24.68624609943801
abc,whitecar4,77.7027027027027,74.93564993564993,147,10,1,0,24.950672392740852
abc,whitecarafterrain,93.29268292682927,70.49941927990709,163,0,0,0,24.90873744076603
abc,whitesuv,55.36332179930796,58.0655791728456,577,0,0,0,24.888304012942772
abc,woamn46,95.58823529411765,69.50280112044818,271,19,2,2,26.023467285602184
abc,woamnwithbike,99.31506849315068,80.1696020874103,145,0,0,0,25.156098412449143
abc,woman,100.0,83.1608005521049,137,0,0,0,24.483966954266354
abc,woman4,98.82075471698113,53.94204851752023,423,1,0,0,25.6801470711998
abc,woman6,100.0,69.94434137291282,76,0,0,0,25.8483919930952
abc,woman48,100.0,74.7536945812808,347,0,0,0,24.75658982127889
abc,woman89,95.85253456221197,80.7548825982006,433,14,1,1,25.557555666982225
abc,woman96,98.93617021276596,74.41742654508612,93,0,0,0,25.687635721370757
abc,woman99,100.0,83.7519623233909,545,0,0,0,25.466513490128616
abc,woman100,99.70930232558139,76.33582502768549,687,0,0,0,25.255522874489863
abc,womancross,100.0,79.67093814269897,601,0,0,0,25.844488869112055
abc,womanfaraway,100.0,68.99137607799025,126,0,0,0,26.66866666234034
abc,womaninblackwithbike,99.86449864498645,80.77816492450638,737,1,0,0,26.649085876155766
abc,womanleft,100.0,77.50041192947766,577,0,0,0,25.520007887766262
abc,womanpink,99.10714285714286,76.48809523809523,111,1,0,0,26.15405986824651
abc,womanred,100.0,78.47805788982262,101,0,0,0,25.484251208120824
abc,womanrun,93.4451219512195,68.5322299651568,655,43,1,1,26.43987802087981
abc,womanwithbag6,94.67455621301775,69.0335305719921,168,9,1,1,26.239653304031656
abc,yellowcar,100.0,85.72226210417165,596,0,0,0,25.60599634381984
