dataset,attribute,sequences,metric,selected_ABC_percent
lasher,NO,33,PR,90.67560170936834
lasher,NO,33,NPR,89.52362549900556
lasher,NO,33,SR,74.40294333113226
lasher,PO,215,PR,76.59391348936751
lasher,PO,215,NPR,72.57128073712937
lasher,PO,215,SR,60.73183250586436
lasher,TO,87,PR,70.02502313913996
lasher,TO,87,NPR,65.48091007470265
lasher,TO,87,SR,54.984340160221734
lasher,HO,17,PR,71.34416406630805
lasher,HO,17,NPR,70.816641140499
lasher,HO,17,SR,61.0424605788191
lasher,MB,88,PR,72.99300114217495
lasher,MB,88,NPR,67.62612250803556
lasher,MB,88,SR,57.00280226581428
lasher,LI,51,PR,67.69018903956888
lasher,LI,51,NPR,64.2122373043783
lasher,LI,51,SR,54.63232970954937
lasher,HI,34,PR,81.83054674396783
lasher,HI,34,NPR,77.18018250252538
lasher,HI,34,SR,64.80950833573633
lasher,AIV,7,PR,57.327915723953346
lasher,AIV,7,NPR,54.9051859595305
lasher,AIV,7,SR,49.88506059227685
lasher,LR,68,PR,70.62721574144447
lasher,LR,68,NPR,62.235517767142625
lasher,LR,68,SR,52.3557454116133
lasher,DEF,46,PR,79.56685084798191
lasher,DEF,46,NPR,77.51447065514773
lasher,DEF,46,SR,64.1349999039638
lasher,BC,78,PR,77.00599466838398
lasher,BC,78,NPR,73.80257396949894
lasher,BC,78,SR,60.785676264550226
lasher,SA,107,PR,70.75346645083415
lasher,SA,107,NPR,66.28526698741464
lasher,SA,107,SR,56.19531890476589
lasher,CM,133,PR,77.48817728325486
lasher,CM,133,NPR,73.51176508616413
lasher,CM,133,SR,61.41338190179885
lasher,TC,148,PR,71.55113674780159
lasher,TC,148,NPR,67.2686795404956
lasher,TC,148,SR,56.47692872659276
lasher,FL,20,PR,68.8883866611796
lasher,FL,20,NPR,65.32210367117773
lasher,FL,20,SR,53.72629274638102
lasher,OV,7,PR,75.81380438551172
lasher,OV,7,NPR,76.0610073898178
lasher,OV,7,SR,64.73363477687934
lasher,FM,193,PR,76.18035923241298
lasher,FM,193,NPR,72.85549199719289
lasher,FM,193,SR,61.053298442008455
lasher,SV,222,PR,78.0566614693805
lasher,SV,222,NPR,74.53416874143987
lasher,SV,222,SR,62.214841377521545
lasher,ARC,109,PR,72.7266243859333
lasher,ARC,109,NPR,69.63174174601683
lasher,ARC,109,SR,58.71380434897227
rgbt234,BC,54,MPR,89.7761429853319
rgbt234,BC,54,MSR,64.3758930211772
rgbt234,CM,89,MPR,91.56221524998428
rgbt234,CM,89,MSR,69.92824583717243
rgbt234,DEF,76,MPR,90.030658997235
rgbt234,DEF,76,MSR,69.06941931196542
rgbt234,FM,32,MPR,86.14219205596845
rgbt234,FM,32,MSR,63.388538765044856
rgbt234,HO,96,MPR,87.88877011151985
rgbt234,HO,96,MSR,65.5475515121714
rgbt234,LI,63,MPR,95.2220898745635
rgbt234,LI,63,MSR,70.67624807970567
rgbt234,LR,50,MPR,88.71095250459618
rgbt234,LR,50,MSR,64.82228723501748
rgbt234,MB,55,MPR,91.42608224555435
rgbt234,MB,55,MSR,70.12727186467991
rgbt234,NO,41,MPR,97.92613090812699
rgbt234,NO,41,MSR,76.05654333449779
rgbt234,TC,28,MPR,92.08442166648891
rgbt234,TC,28,MSR,68.86440491691755
rgbt234,PO,96,MPR,93.58329774676943
rgbt234,PO,96,MSR,70.3732617114736
rgbt234,SC,120,MPR,92.8178063248124
rgbt234,SC,120,MSR,71.05734564627228
