variant,sequence,MPR,MSR,valid_tracking_frames,failed_tracking_frames,failure_events,recovered_events,tracking_fps
gross_parent,blackwoman,100.0,79.98661311914323,497,0,0,0,32.31127882576477
gross_parent,car3,100.0,84.94439692044483,500,0,0,0,31.388720545996996
gross_parent,car4,98.63945578231292,78.00453514739229,146,0,0,0,31.190274187429406
gross_parent,child1,97.4921630094044,72.38393790117928,318,8,1,1,31.400453343150193
gross_parent,cycle1,68.98395721925134,34.759358288770045,186,84,3,3,25.10141864024908
gross_parent,cycle2,100.0,70.09334751270234,402,0,0,0,32.056998994491735
gross_parent,cycle3,100.0,88.564875491481,435,0,0,0,31.653609998141008
gross_parent,cycle4,100.0,81.03741496598639,335,0,0,0,31.52922379995985
gross_parent,cycle5,100.0,85.63074352548037,113,0,0,0,31.778770456427967
gross_parent,dog1,88.91149542217701,69.08879523325096,982,109,1,0,29.663848361677147
gross_parent,man2,100.0,75.98621217924166,745,0,0,0,31.562689987492135
gross_parent,manypeople1,100.0,79.66652536385472,673,3,1,1,31.687943825680374
gross_parent,manypeople2,100.0,81.79333543571956,452,0,0,0,31.873625203422623
gross_parent,orangeman1,100.0,84.78778467908903,919,0,0,0,30.206345569329898
gross_parent,single1,100.0,80.69867291178765,487,0,0,0,30.57881591293989
gross_parent,single3,100.0,75.50183150183149,324,0,0,0,31.067736208291464
gross_parent,threepeople,99.83136593591905,83.40962017184614,592,1,0,0,30.426141720527127
gross_parent,tricycle1,100.0,78.54917668001781,320,0,0,0,31.764609739187364
gross_parent,twoman2,100.0,73.51797862001945,391,9,1,0,30.783310793267926
gross_parent,twowoman1,100.0,80.4093567251462,683,0,0,0,31.20073695225862
gross_parent,whiteman1,98.51268591426073,72.37845269341334,1142,29,2,2,29.228227893822517
gross_parent,woman1,72.8444003964321,57.68087215064421,1008,273,1,1,28.295477227698168
gross_parent,woman2,100.0,70.03968253968254,287,0,0,0,30.624588883959014
gross_parent,woman3,100.0,76.25258799171843,229,0,0,0,32.64161320219075
gross_parent,afterrain,100.0,69.57026713124273,122,0,0,0,29.223805819044017
gross_parent,aftertree,99.36102236421725,82.30640499011105,312,2,0,0,30.927904177407175
gross_parent,baby,99.84825493171472,66.37762844136137,658,3,1,1,31.69549862826769
gross_parent,baginhand,99.64285714285714,74.31972789115646,279,2,0,0,31.88370248077642
gross_parent,baketballwaliking,84.23423423423422,67.52466752466752,221,38,3,3,28.84476798315323
gross_parent,balancebike,91.11111111111111,72.14814814814815,224,18,1,1,29.081264249749644
gross_parent,basketball2,100.0,75.4920634920635,74,0,0,0,32.37510616119358
gross_parent,bicyclecity,100.0,86.96386355960823,281,0,0,0,31.355758254514505
gross_parent,bike,100.0,84.92778492778493,332,0,0,0,31.80388611946132
gross_parent,bikeman,100.0,72.85445251546948,176,0,0,0,32.27660701949589
gross_parent,bikemove1,100.0,74.63945578231291,174,0,0,0,31.53336183311919
gross_parent,biketwo,82.28228228228228,34.76333476333476,332,67,1,0,28.897281852419894
gross_parent,bluebike,100.0,76.70133187374566,260,0,0,0,31.37591296240927
gross_parent,blueCar,100.0,84.96575887880236,298,0,0,0,31.611418570091306
gross_parent,boundaryandfast,100.0,42.60651629072682,189,0,0,0,26.51200735975414
gross_parent,bus6,100.0,85.28624933119315,88,0,0,0,31.935766522702945
gross_parent,call,99.54337899543378,42.46575342465752,218,1,0,0,30.155097556883465
gross_parent,car,100.0,84.27997705106138,414,0,0,0,31.17595377542477
gross_parent,car10,99.52830188679245,84.83827493261454,211,0,0,0,30.898253781764062
gross_parent,car20,93.7888198757764,74.120082815735,160,0,0,0,31.348857883682278
gross_parent,car37,96.68874172185431,73.64396089561652,603,16,1,1,29.97912475225743
gross_parent,car41,100.0,83.33333333333334,253,0,0,0,31.368836488042213
gross_parent,car66,100.0,83.69614512471657,209,0,0,0,31.11053820983604
gross_parent,caraftertree,77.82608695652173,74.98964803312629,229,27,1,1,31.094564766854056
gross_parent,carLight,99.25093632958801,74.74585339753878,266,0,0,0,31.320674423268574
gross_parent,carnotfar,82.29665071770334,86.06744133059921,417,0,0,0,31.609530640144634
gross_parent,carnotmove,96.64268585131894,77.81203608541736,416,9,1,1,31.536152517173072
gross_parent,carred,93.33333333333333,66.13756613756614,179,0,0,0,31.824723347221532
gross_parent,child,90.0,45.40816326530613,139,17,1,0,27.480850471804633
gross_parent,child3,47.18196457326892,30.611149451729165,620,339,3,2,27.640101278049034
gross_parent,child4,97.51908396946564,77.2446383133406,523,13,1,1,31.092749780601643
gross_parent,children2,5.857740585774058,2.8690974297668848,238,227,1,0,22.325358837311356
gross_parent,children3,88.23529411764706,52.48599439775911,135,21,1,1,21.695248641829938
gross_parent,children4,93.20388349514563,46.27831715210357,102,7,0,0,24.10881913161266
gross_parent,crossroad,100.0,68.06175595238095,767,0,0,0,31.53929662135889
gross_parent,crouch,98.55907780979827,66.04455422899227,1040,12,1,1,32.094625446298856
gross_parent,diamond,99.11894273127754,65.22970421648834,453,13,3,3,30.134939143444555
gross_parent,dog,100.0,73.54497354497354,44,0,0,0,30.74025038955813
gross_parent,dog10,100.0,82.14628790997666,346,0,0,0,31.83915881729573
gross_parent,dog11,89.65517241379311,65.13409961685824,86,8,2,2,26.05820264409325
gross_parent,elecbike,99.20634920634922,73.31821617535903,125,0,0,0,31.868773272877565
gross_parent,elecbike2,63.4020618556701,44.468990345278996,581,180,4,3,24.306452897167055
gross_parent,elecbike3,100.0,60.44973544973546,143,0,0,0,31.235346396308184
gross_parent,elecbike10,99.56803455723542,70.87318728787412,462,0,0,0,31.726965914956637
gross_parent,elecbikechange2,100.0,80.59128864816068,210,0,0,0,31.39302394573279
gross_parent,elecbikeinfrontcar,99.03846153846155,76.35073260073261,207,6,1,1,30.196537840156857
gross_parent,elecbikewithhat,100.0,87.31829573934837,94,0,0,0,31.31714720565479
gross_parent,elecbikewithlight,100.0,61.174834897462645,136,0,0,0,31.86868345247176
gross_parent,elecbikewithlight1,100.0,79.35649935649936,184,0,0,0,32.195352822922246
gross_parent,face1,91.31086142322098,62.4255395041912,1334,116,1,1,29.2940882530665
gross_parent,floor-1,99.21875,69.86607142857143,127,0,0,0,29.647063075389998
gross_parent,flower1,85.40268456375838,57.39852988175136,595,72,8,8,29.59274768589526
gross_parent,flower2,99.76303317535546,79.72241029113069,421,0,0,0,31.373152209802292
gross_parent,fog,99.55357142857143,82.37670068027212,671,3,0,0,31.37174404751593
gross_parent,fog6,100.0,83.45120226308345,302,0,0,0,31.739993768348537
gross_parent,glass,76.60044150110376,56.280878797435086,452,101,2,1,27.44030233583356
gross_parent,glass2,100.0,72.91442892946654,265,0,0,0,32.32770264435806
gross_parent,graycar2,100.0,73.25051759834368,344,0,0,0,31.77321657437358
gross_parent,green,100.0,82.36834448647076,490,0,0,0,31.67997010160942
gross_parent,greentruck,100.0,84.38538205980066,128,0,0,0,31.542391257246592
gross_parent,greyman,100.0,68.8112124282337,281,0,0,0,31.594706204310313
gross_parent,greywoman,100.0,70.53184910327766,153,0,0,0,31.61960476042176
gross_parent,guidepost,99.31972789115646,78.52283770651117,440,4,0,0,29.060643693663376
gross_parent,hotglass,97.60191846522783,67.54596322941647,416,14,1,1,31.81658152967828
gross_parent,hotkettle,100.0,80.34391534391536,1079,0,0,0,32.59834039715608
gross_parent,inglassandmobile,100.0,82.58503401360544,629,0,0,0,31.484023318961533
gross_parent,jump,100.0,76.26555126555127,443,0,0,0,31.9508423333325
gross_parent,kettle,94.52247191011236,68.79347244515783,1423,81,3,3,29.411365091619427
gross_parent,kite2,88.23166974738139,50.6792242466919,1622,194,2,1,28.85666993282868
gross_parent,kite4,100.0,70.02721088435374,1399,0,0,0,32.84096319046417
gross_parent,luggage,100.0,81.11479243812121,732,0,0,0,31.922689788875097
gross_parent,man3,98.9247311827957,87.85957173053947,3626,0,0,0,32.174312949916136
gross_parent,man4,99.32088285229203,80.98471986417657,588,3,0,0,31.459031932992577
gross_parent,man5,100.0,81.31868131868131,597,0,0,0,31.501793518617895
gross_parent,man7,59.613526570048315,46.11571198527721,4139,1628,11,11,31.174515862444963
gross_parent,man8,96.94272445820434,64.16961521450686,2583,83,4,4,29.994802590076187
gross_parent,man9,100.0,67.47296528173023,501,0,0,0,32.3214932238221
gross_parent,man22,91.1854103343465,72.91938051816473,328,29,3,3,30.330268664062228
gross_parent,man23,47.146401985111666,42.12454212454212,402,166,4,3,24.454344738916916
gross_parent,man24,89.24731182795699,64.10650281618024,557,67,1,1,31.962655022127482
gross_parent,man26,99.10913140311804,74.12238837628591,448,11,1,1,31.02887085698376
gross_parent,man28,90.18789144050105,55.42300427477881,478,58,4,4,24.80331155908275
gross_parent,man29,66.17100371747212,48.48645778013807,268,88,2,2,28.346202581965485
gross_parent,man45,97.73584905660377,64.99550763701707,264,9,1,1,28.147638266003533
gross_parent,man55,100.0,74.31849551414768,551,0,0,0,32.595198463832425
gross_parent,man68,100.0,62.63177026535806,392,0,0,0,32.04733666881233
gross_parent,man69,100.0,63.84920634920634,119,0,0,0,29.493445945568066
gross_parent,man88,100.0,76.68463611859838,211,0,0,0,31.742886222856175
gross_parent,manafterrain,100.0,71.59310878823074,491,0,0,0,31.822391588382583
gross_parent,mancross,84.61538461538461,46.11314611314611,116,39,1,1,28.36767254832297
gross_parent,mancross1,89.63963963963964,71.38567138567137,221,20,1,1,30.06072820357573
gross_parent,mancrossandup,100.0,73.39268051434222,336,0,0,0,32.39252776732003
gross_parent,mandrivecar,96.9309462915601,68.49348435026185,390,10,1,1,31.281928930016623
gross_parent,manfaraway,95.58232931726907,68.10097532989099,248,11,1,1,29.40378091274908
gross_parent,maninblack,100.0,77.56255044390637,176,0,0,0,31.6287584498907
gross_parent,maninglass,85.91885441527445,61.49562450278441,418,54,4,4,25.475464452321113
gross_parent,maningreen2,100.0,69.53892668178382,125,0,0,0,31.77578920953005
gross_parent,maninred,100.0,70.85593731163351,157,0,0,0,32.606191845221
gross_parent,manlight,100.0,76.93496277567074,338,0,0,0,31.77006447668601
gross_parent,manoccpart,83.11688311688312,65.36796536796538,76,13,1,0,28.977587846320557
gross_parent,manonboundary,100.0,83.36507936507938,449,0,0,0,32.67980626433579
gross_parent,manonelecbike,94.37751004016064,74.7944157582712,248,13,1,1,30.52731227050907
gross_parent,manontricycle,100.0,90.62049062049063,98,0,0,0,31.865383644128354
gross_parent,manout2,79.7979797979798,65.12746512746513,98,0,0,0,32.10433555541485
gross_parent,manup,100.0,56.4585115483319,333,0,0,0,32.51261148993675
gross_parent,manwithbag,100.0,76.90414667158853,386,0,0,0,32.09985171913311
gross_parent,manwithbag4,97.74696707105718,78.65808368408021,576,13,3,3,29.92980484464117
gross_parent,manwithbasketball,100.0,73.1547619047619,79,3,1,1,28.10562547910276
gross_parent,manwithluggage,100.0,57.49612853271391,983,0,0,0,32.15479856147824
gross_parent,manwithumbrella,100.0,80.75396825396827,503,0,0,0,31.868327947788714
gross_parent,manypeople,12.558139534883722,7.3015873015873005,644,567,2,1,27.864819070221323
gross_parent,mobile,100.0,75.33333333333333,899,0,0,0,32.58480331427523
gross_parent,night2,92.64705882352942,69.88795518207283,67,5,1,1,23.27973742344723
gross_parent,nightcar,100.0,84.5417564010529,198,0,0,0,31.00789953463988
gross_parent,nightrun,88.125,70.92261904761904,159,19,1,1,29.315588550617147
gross_parent,nightthreepeople,100.0,68.9144189144189,285,11,2,2,29.106835215684974
gross_parent,notmove,94.71153846153845,75.59523809523809,623,33,2,2,28.768425345214524
gross_parent,oldman,85.24229074889867,68.56513530522341,453,0,0,0,29.31986494221377
gross_parent,oldman2,99.02912621359224,74.75728155339806,102,1,0,0,28.9042126284848
gross_parent,oldwoman,100.0,81.74603174603176,233,0,0,0,30.31347654305668
gross_parent,people,59.73333333333334,45.523809523809526,374,137,1,0,25.182123401329186
gross_parent,people1,91.95552648790058,69.31389952972687,1528,123,3,3,30.06392334853515
gross_parent,people3,100.0,68.1888306078371,925,0,0,0,30.839288930521697
gross_parent,playsoccer,100.0,72.71716378859236,1455,0,0,0,31.17973553413202
gross_parent,push,90.5775075987842,48.44405847445359,328,42,3,2,24.361799460311104
gross_parent,rainingwaliking,100.0,71.07531439875653,1010,0,0,0,31.36770647139059
gross_parent,raningcar,77.06422018348624,67.45303626037571,108,0,0,0,31.080950337376763
gross_parent,redbag,100.0,79.23261390887288,1389,0,0,0,30.54911962846996
gross_parent,redcar,100.0,79.9912625600699,217,0,0,0,31.138165981961954
gross_parent,redcar2,86.41975308641975,75.60258671369782,242,31,1,1,28.2078136132287
gross_parent,redmanchange,100.0,79.62481962481961,329,0,0,0,30.779982700431262
gross_parent,rmo,35.76864535768645,11.966369500616077,656,547,2,1,21.84419647955908
gross_parent,run,30.536912751677853,24.065196548418026,297,205,1,0,26.17986451870116
gross_parent,run1,55.294117647058826,43.249299719887965,84,38,1,0,25.441108305672532
gross_parent,run2,99.03381642512076,69.65723487462617,206,2,0,0,30.430314804933374
gross_parent,scooter,89.19213973799127,72.16677063838635,915,68,3,3,30.584780005549604
gross_parent,shake,99.88193624557262,70.73705515263956,846,9,2,2,29.47530904900471
gross_parent,shoeslight,100.0,83.06878306878308,233,0,0,0,30.633441428640612
gross_parent,soccer,97.88838612368023,79.54463836816777,1325,30,2,2,30.532867143342173
gross_parent,soccer2,98.68073878627969,76.22816936801105,378,3,0,0,30.628724124780177
gross_parent,soccerinhand,23.20205479452055,16.92351598173516,1167,897,2,1,20.37418439573159
gross_parent,straw,100.0,79.16322598403524,345,0,0,0,31.00926463553068
gross_parent,stroller,69.1285081240768,66.66666666666666,676,74,1,1,30.745958974884445
gross_parent,supbus,86.52173913043478,70.31055900621118,229,0,0,0,30.94944370317431
gross_parent,supbus2,99.39393939393939,69.75468975468976,164,0,0,0,30.564560456210156
gross_parent,takeout,100.0,82.78769841269842,575,0,0,0,30.48413451817115
gross_parent,tallman,100.0,73.1829573934837,170,1,0,0,29.456301132777746
gross_parent,threeman,100.0,75.49681289838772,253,0,0,0,29.2355628120507
gross_parent,threeman2,94.4055944055944,74.1036741036741,428,24,2,1,29.849338719924965
gross_parent,threewoman2,93.01310043668121,67.7063838635891,228,29,2,2,26.329127888891968
gross_parent,together,99.59919839679358,78.38534211279702,498,2,0,0,30.647910732255564
gross_parent,toy1,97.69639692852924,78.37313306893931,1692,28,1,0,29.83943096005273
gross_parent,toy3,100.0,73.76084656084656,1124,0,0,0,31.430905575794156
gross_parent,toy4,100.0,70.29341029341029,989,0,0,0,32.01706864164628
gross_parent,tree2,100.0,81.81164357634945,1257,0,0,0,31.477653232355895
gross_parent,tree3,84.49816079873884,66.77676851087254,1902,281,2,1,31.413075614116593
gross_parent,tree5,63.91263057929725,51.320490209379074,2105,755,2,1,31.46505545200113
gross_parent,trees,100.0,79.72913936216689,217,0,0,0,32.168226411687485
gross_parent,tricycle,100.0,85.33333333333333,224,0,0,0,32.08474794855719
gross_parent,tricycle2,100.0,84.15400202634247,234,0,0,0,31.45480435386078
gross_parent,tricycle6,100.0,74.81977865773175,468,0,0,0,31.604336436138603
gross_parent,tricycle9,98.79518072289156,76.85025817555939,331,0,0,0,31.764404292888003
gross_parent,tricyclefaraway,100.0,76.8361581920904,294,0,0,0,31.511345684304256
gross_parent,tricycletwo,84.17618270799348,78.86273595898393,612,0,0,0,31.507506580248904
gross_parent,twoelecbike,100.0,84.01360544217688,83,0,0,0,31.853660259115713
gross_parent,twoelecbike1,93.27731092436974,75.23009203681472,237,11,1,1,31.627329109001668
gross_parent,twoman,92.45573518090839,70.62575607610249,1298,1,0,0,31.95784538558983
gross_parent,twoman1,99.3006993006993,69.73026973026974,1000,7,0,0,31.45443815694021
gross_parent,twoperson,100.0,62.57483385511067,866,0,0,0,32.160116097138044
gross_parent,twowoman,100.0,70.955338657202,160,0,0,0,31.56947154423446
gross_parent,walking40,82.84960422163589,60.723709008669424,378,86,2,1,26.644517534520652
gross_parent,walking41,100.0,67.13598901098902,415,3,0,0,31.181755064017057
gross_parent,walkingman,99.05660377358491,76.68463611859838,105,1,0,0,31.60854588895584
gross_parent,walkingman1,36.882716049382715,30.57760141093474,647,414,3,2,31.935238752378137
gross_parent,walkingman12,93.50393700787401,47.58155230596176,507,35,3,3,22.633540514671306
gross_parent,walkingman20,47.803163444639715,29.433425391246125,568,303,2,1,22.65753792650461
gross_parent,walkingman41,75.2988047808765,56.86776702712957,501,120,3,2,28.545954569650775
gross_parent,walkingmantiny,71.08433734939759,33.27596098680436,82,44,1,0,22.281161034053838
gross_parent,walkingnight,91.07981220657277,70.8696624189582,425,38,1,0,29.52139614353663
gross_parent,walkingtogether,100.0,77.56621141129165,1432,0,0,0,31.788389232685773
gross_parent,walkingtogether1,100.0,74.50473729543498,386,0,0,0,31.38164999564927
gross_parent,walkingtogetherright,98.00332778702163,67.75215909991286,600,15,2,2,31.325788378104676
gross_parent,walkingwithbag1,100.0,77.90387182910547,641,0,0,0,31.237541380368214
gross_parent,walkingwithbag2,100.0,74.10224857366596,1276,0,0,0,31.63542720683062
gross_parent,walkingwoman,100.0,58.05966064586754,347,0,0,0,31.5433431463772
gross_parent,whitebag,99.74424552429667,74.2905857995372,390,1,0,0,32.16093055919076
gross_parent,whitecar,100.0,85.74074074074073,179,0,0,0,31.66142761202271
gross_parent,whitecar3,100.0,85.34226190476191,447,0,0,0,31.60529136544586
gross_parent,whitecar4,77.7027027027027,74.93564993564993,147,10,1,0,31.727582024057433
gross_parent,whitecarafterrain,93.29268292682927,70.49941927990709,163,0,0,0,31.868940741249567
gross_parent,whitesuv,55.36332179930796,58.0655791728456,577,0,0,0,31.855567027802387
gross_parent,woamn46,95.22058823529412,68.15476190476191,271,24,2,2,25.193432275923755
gross_parent,woamnwithbike,99.31506849315068,80.26744944553162,145,0,0,0,31.826262395477908
gross_parent,woman,100.0,83.1608005521049,137,0,0,0,31.110467852226684
gross_parent,woman4,98.82075471698113,53.930817610062896,423,1,0,0,31.7684234906886
gross_parent,woman6,100.0,69.94434137291282,76,0,0,0,31.92673436099952
gross_parent,woman48,100.0,74.7536945812808,347,0,0,0,31.765854242341465
gross_parent,woman89,98.84792626728111,82.83958744788238,433,1,0,0,31.325897778277
gross_parent,woman96,98.93617021276596,74.92401215805471,93,0,0,0,31.693593605104834
gross_parent,woman99,100.0,83.7519623233909,545,0,0,0,31.966785120375775
gross_parent,woman100,98.54651162790698,75.8997785160576,687,6,1,1,30.769482104587595
gross_parent,womancross,100.0,79.718398987502,601,0,0,0,31.764755584554493
gross_parent,womanfaraway,100.0,69.02887139107611,126,0,0,0,31.52138749398971
gross_parent,womaninblackwithbike,99.86449864498645,80.78461736998322,737,1,0,0,30.77982188504204
gross_parent,womanleft,100.0,77.70637666831438,577,0,0,0,31.844706367869193
gross_parent,womanpink,99.10714285714286,76.48809523809523,111,1,0,0,30.081427733606276
gross_parent,womanred,100.0,78.52474323062559,101,0,0,0,31.919545678729868
gross_parent,womanrun,96.03658536585365,69.7081881533101,655,26,1,1,31.592702414941925
gross_parent,womanwithbag6,94.67455621301775,68.94899971823048,168,9,1,1,31.078595323555128
gross_parent,yellowcar,100.0,85.72226210417165,596,0,0,0,31.597858104139988
selected_ABC,blackwoman,100.0,79.98661311914323,497,0,0,0,31.046083336807914
selected_ABC,car3,100.0,84.94439692044483,500,0,0,0,30.367656748483952
selected_ABC,car4,98.63945578231292,78.00453514739229,146,0,0,0,30.298367261738804
selected_ABC,child1,46.70846394984326,34.72160023884162,318,172,2,1,30.294168210875043
selected_ABC,cycle1,68.98395721925134,34.759358288770045,186,84,3,3,24.657414443179867
selected_ABC,cycle2,100.0,70.6250738508803,402,0,0,0,30.682123470522537
selected_ABC,cycle3,100.0,88.57579729139363,435,0,0,0,30.337864682055077
selected_ABC,cycle4,100.0,81.03741496598639,335,0,0,0,30.22945155623134
selected_ABC,cycle5,100.0,85.63074352548037,113,0,0,0,30.216747417690076
selected_ABC,dog1,78.73855544252288,62.05977813302329,982,209,1,0,27.078388642433197
selected_ABC,man2,100.0,76.10749393591217,745,0,0,0,28.950704593047067
selected_ABC,manypeople1,100.0,79.66652536385472,673,3,1,1,29.215158632534198
selected_ABC,manypeople2,100.0,81.79333543571956,452,0,0,0,29.844257142107995
selected_ABC,orangeman1,100.0,84.76708074534162,919,0,0,0,27.19858307589287
selected_ABC,single1,100.0,80.69867291178764,487,0,0,0,28.28265390397059
selected_ABC,single3,100.0,75.50183150183149,324,0,0,0,28.439000737251444
selected_ABC,threepeople,99.83136593591905,83.4417409459568,592,1,0,0,26.427044953056793
selected_ABC,tricycle1,100.0,78.54917668001781,320,0,0,0,29.222939280243946
selected_ABC,twoman2,100.0,73.51797862001945,391,9,1,0,29.096742195527135
selected_ABC,twowoman1,100.0,80.40239487607909,683,0,0,0,29.515307763410526
selected_ABC,whiteman1,69.64129483814523,50.28954713994084,1142,358,2,1,24.10620778771792
selected_ABC,woman1,98.51337958374629,77.00693756194251,1008,6,1,1,28.41489635816354
selected_ABC,woman2,100.0,70.03968253968254,287,0,0,0,28.58526252409503
selected_ABC,woman3,100.0,76.25258799171843,229,0,0,0,30.675350495306965
selected_ABC,afterrain,100.0,69.57026713124273,122,0,0,0,28.007782063969305
selected_ABC,aftertree,100.0,82.68674882093411,312,0,0,0,28.866648110856815
selected_ABC,baby,98.93778452200304,66.04523448226027,658,9,2,2,30.299910869714374
selected_ABC,baginhand,99.64285714285714,74.31972789115646,279,2,0,0,30.71499375321777
selected_ABC,baketballwaliking,84.23423423423422,67.52466752466752,221,38,3,3,27.799467177665115
selected_ABC,balancebike,90.66666666666666,71.78835978835978,224,19,1,1,29.52145036739379
selected_ABC,basketball2,100.0,75.4920634920635,74,0,0,0,30.619288884621014
selected_ABC,bicyclecity,100.0,86.96386355960823,281,0,0,0,29.635369594970644
selected_ABC,bike,100.0,84.92778492778493,332,0,0,0,30.325176717229695
selected_ABC,bikeman,100.0,72.85445251546948,176,0,0,0,30.938285172902248
selected_ABC,bikemove1,100.0,74.63945578231291,174,0,0,0,29.989009053199446
selected_ABC,biketwo,84.08408408408408,35.36393536393536,332,61,1,0,27.604788777090466
selected_ABC,bluebike,100.0,76.68308702791461,260,0,0,0,30.23372941313327
selected_ABC,blueCar,100.0,84.96575887880236,298,0,0,0,30.337086883421918
selected_ABC,boundaryandfast,100.0,42.60651629072682,189,0,0,0,26.558799195169012
selected_ABC,bus6,100.0,85.28624933119315,88,0,0,0,30.587337069644768
selected_ABC,call,99.54337899543378,42.46575342465752,218,1,0,0,29.169521370877113
selected_ABC,car,100.0,84.27997705106138,414,0,0,0,30.34880522858256
selected_ABC,car10,99.52830188679245,84.83827493261454,211,0,0,0,30.539308046357295
selected_ABC,car20,93.7888198757764,74.120082815735,160,0,0,0,30.088956522220776
selected_ABC,car37,96.68874172185431,73.59665720592872,603,16,1,1,29.74805406642985
selected_ABC,car41,100.0,83.33333333333334,253,0,0,0,30.33133937984139
selected_ABC,car66,100.0,83.69614512471657,209,0,0,0,30.04149231115366
selected_ABC,caraftertree,77.82608695652173,74.98964803312629,229,27,1,1,29.760058046630736
selected_ABC,carLight,99.25093632958801,74.74585339753878,266,0,0,0,30.066445866398986
selected_ABC,carnotfar,82.29665071770334,86.06744133059921,417,0,0,0,30.16479098290525
selected_ABC,carnotmove,96.64268585131894,77.81203608541736,416,9,1,1,30.367000127437368
selected_ABC,carred,93.33333333333333,66.13756613756614,179,0,0,0,30.345019146166496
selected_ABC,child,90.0,45.40816326530613,139,17,1,0,26.568707689144343
selected_ABC,child3,45.893719806763286,30.304424507323063,620,343,3,2,27.249768884327853
selected_ABC,child4,78.2442748091603,61.93202471828426,523,114,1,0,30.140914506441522
selected_ABC,children2,5.857740585774058,2.8690974297668848,238,227,1,0,23.887623022391608
selected_ABC,children3,88.23529411764706,52.48599439775911,135,21,1,1,25.822195624557235
selected_ABC,children4,93.20388349514563,46.27831715210357,102,7,0,0,25.53986123312421
selected_ABC,crossroad,100.0,68.07415674603176,767,0,0,0,30.403494157767508
selected_ABC,crouch,98.55907780979827,66.04455422899227,1040,12,1,1,30.764751068720695
selected_ABC,diamond,99.11894273127754,65.22970421648834,453,13,3,3,28.557828886977372
selected_ABC,dog,100.0,73.54497354497354,44,0,0,0,28.119610948575456
selected_ABC,dog10,100.0,82.14628790997666,346,0,0,0,29.471852224422964
selected_ABC,dog11,96.55172413793103,67.37821565407772,86,3,1,1,26.32672896634032
selected_ABC,elecbike,99.20634920634922,73.31821617535903,125,0,0,0,29.31791513128543
selected_ABC,elecbike2,51.546391752577314,37.12976599574538,581,249,3,2,23.687799123628913
selected_ABC,elecbike3,100.0,60.44973544973546,143,0,0,0,29.692890099977376
selected_ABC,elecbike10,99.56803455723542,70.87318728787412,462,0,0,0,29.233450052099595
selected_ABC,elecbikechange2,100.0,80.59128864816068,210,0,0,0,28.852904357371028
selected_ABC,elecbikeinfrontcar,99.03846153846155,76.48809523809523,207,4,1,1,29.53233954028227
selected_ABC,elecbikewithhat,100.0,87.31829573934837,94,0,0,0,28.589146869522974
selected_ABC,elecbikewithlight,100.0,61.174834897462645,136,0,0,0,28.874214459550902
selected_ABC,elecbikewithlight1,100.0,79.35649935649936,184,0,0,0,30.02809374289591
selected_ABC,face1,91.38576779026218,62.47904405207777,1334,115,1,1,26.994514065331224
selected_ABC,floor-1,99.21875,69.86607142857143,127,0,0,0,27.42724046969989
selected_ABC,flower1,86.0738255033557,57.63023330137423,595,69,7,7,27.922784898542414
selected_ABC,flower2,99.76303317535546,79.72241029113069,421,0,0,0,29.626740659961154
selected_ABC,fog,99.55357142857143,82.29875283446711,671,3,0,0,29.194751630620992
selected_ABC,fog6,100.0,83.45120226308345,302,0,0,0,30.09849142772073
selected_ABC,glass,76.60044150110376,56.69084410806264,452,96,2,1,26.006542891500832
selected_ABC,glass2,100.0,72.96813462226996,265,0,0,0,29.27565323421229
selected_ABC,graycar2,100.0,73.25051759834368,344,0,0,0,29.53565427444667
selected_ABC,green,100.0,82.37804286684123,490,0,0,0,30.034904390534535
selected_ABC,greentruck,100.0,84.38538205980066,128,0,0,0,29.138985656945408
selected_ABC,greyman,100.0,68.8112124282337,281,0,0,0,29.870533337415388
selected_ABC,greywoman,100.0,70.53184910327766,153,0,0,0,29.628494101341424
selected_ABC,guidepost,99.77324263038548,78.37166612676816,440,4,0,0,29.19605999656233
selected_ABC,hotglass,97.60191846522783,67.54596322941647,416,14,1,1,30.020463111322673
selected_ABC,hotkettle,100.0,80.34391534391536,1079,0,0,0,30.355198110354962
selected_ABC,inglassandmobile,100.0,82.562358276644,629,0,0,0,29.72649660563579
selected_ABC,jump,100.0,77.38095238095238,443,0,0,0,30.25584392440497
selected_ABC,kettle,94.87359550561798,69.04761904761905,1423,76,3,3,28.321337280928997
selected_ABC,kite2,10.659272951324708,6.815714579115688,1622,1450,1,0,22.911247681678326
selected_ABC,kite4,100.0,70.02721088435374,1399,0,0,0,30.738951564444367
selected_ABC,luggage,100.0,81.11479243812121,732,0,0,0,29.221238495901364
selected_ABC,man3,98.95230217810862,87.8740136804653,3626,0,0,0,29.69491013870153
selected_ABC,man4,72.32597623089984,58.1211092246746,588,163,2,1,29.125027524551907
selected_ABC,man5,100.0,80.39496735148907,597,0,0,0,28.84190838417473
selected_ABC,man7,60.84541062801932,47.19921785139176,4139,1571,12,12,28.5431259276649
selected_ABC,man8,77.24458204334366,52.59472209936605,2583,592,4,3,25.40267383735315
selected_ABC,man9,100.0,67.47296528173023,501,0,0,0,29.81755204724502
selected_ABC,man22,92.09726443768997,73.67202200028947,328,26,3,3,27.61891035090625
selected_ABC,man23,59.553349875930515,51.22297057780928,402,115,3,2,24.17664363874881
selected_ABC,man24,89.24731182795699,65.06229732036184,557,67,1,1,29.86415356454159
selected_ABC,man26,99.10913140311804,74.2178385830947,448,9,1,1,28.969340983421244
selected_ABC,man28,90.39665970772442,55.57212446565265,478,57,4,4,25.459807751165567
selected_ABC,man29,66.17100371747212,48.48645778013807,268,88,2,2,26.985240445646852
selected_ABC,man45,97.73584905660377,64.99550763701707,264,9,1,1,26.663827070150305
selected_ABC,man55,99.63768115942028,73.36093857832988,551,2,0,0,30.49446803072329
selected_ABC,man68,100.0,62.63177026535806,392,0,0,0,29.21134293144586
selected_ABC,man69,100.0,63.84920634920634,119,0,0,0,27.374893771877392
selected_ABC,man88,100.0,76.68463611859838,211,0,0,0,28.56362810379914
selected_ABC,manafterrain,100.0,71.59310878823074,491,0,0,0,29.233326125007142
selected_ABC,mancross,82.05128205128204,44.8107448107448,116,42,2,2,26.845610808539593
selected_ABC,mancross1,89.63963963963964,71.14972114972115,221,22,1,1,28.54334707423312
selected_ABC,mancrossandup,100.0,73.39268051434222,336,0,0,0,29.85632276659595
selected_ABC,mandrivecar,96.9309462915601,68.14029959810011,390,10,1,1,28.899568224050753
selected_ABC,manfaraway,78.714859437751,55.957161981258366,248,53,1,1,25.17682526418741
selected_ABC,maninblack,100.0,77.64326069410814,176,0,0,0,29.132320217627814
selected_ABC,maninglass,87.3508353221957,62.268439595408566,418,47,3,3,26.056730032257484
selected_ABC,maningreen2,100.0,69.42554799697656,125,0,0,0,28.814839545430296
selected_ABC,maninred,100.0,70.85593731163351,157,0,0,0,29.158848341830403
selected_ABC,manlight,100.0,76.93496277567074,338,0,0,0,28.921850435053873
selected_ABC,manoccpart,97.40259740259741,75.32467532467534,76,2,0,0,29.123669168314976
selected_ABC,manonboundary,100.0,83.36507936507938,449,0,0,0,30.422476192959866
selected_ABC,manonelecbike,94.37751004016064,74.75616752725188,248,13,1,1,28.856626003747625
selected_ABC,manontricycle,100.0,90.62049062049063,98,0,0,0,30.421884473343134
selected_ABC,manout2,79.7979797979798,64.5983645983646,98,0,0,0,30.450636949730903
selected_ABC,manup,100.0,56.4585115483319,333,0,0,0,29.844835302606434
selected_ABC,manwithbag,100.0,76.83031869078381,386,0,0,0,29.174661551965066
selected_ABC,manwithbag4,97.74696707105718,78.65808368408021,576,13,3,3,28.505821740800602
selected_ABC,manwithbasketball,100.0,73.1547619047619,79,3,1,1,26.87450916779277
selected_ABC,manwithluggage,100.0,57.45257452574526,983,0,0,0,29.28608711769706
selected_ABC,manwithumbrella,100.0,80.75396825396827,503,0,0,0,29.033334526698162
selected_ABC,manypeople,12.558139534883722,7.3015873015873005,644,567,2,1,25.66547650765928
selected_ABC,mobile,100.0,75.23809523809524,899,0,0,0,29.84731405343968
selected_ABC,night2,92.64705882352942,69.88795518207283,67,5,1,1,21.27150606808724
selected_ABC,nightcar,100.0,84.5417564010529,198,0,0,0,28.92219741029628
selected_ABC,nightrun,88.125,70.92261904761904,159,19,1,1,27.28035259855431
selected_ABC,nightthreepeople,100.0,68.9144189144189,285,11,2,2,27.017313130142085
selected_ABC,notmove,95.67307692307693,76.2973137973138,623,27,2,2,26.97847114726711
selected_ABC,oldman,85.24229074889867,68.56513530522341,453,0,0,0,27.30302894079914
selected_ABC,oldman2,100.0,75.40453074433657,102,0,0,0,26.560996161273916
selected_ABC,oldwoman,100.0,81.74603174603176,233,0,0,0,26.955216846581422
selected_ABC,people,68.26666666666667,49.96825396825396,374,106,2,1,24.137774624320492
selected_ABC,people1,92.217135382603,69.45093276028528,1528,119,3,3,27.84036635649672
selected_ABC,people3,100.0,68.1888306078371,925,0,0,0,28.984011468764198
selected_ABC,playsoccer,100.0,72.8283621140764,1455,0,0,0,28.520361310247594
selected_ABC,push,90.5775075987842,48.44405847445359,328,42,3,2,22.588317516773326
selected_ABC,rainingwaliking,100.0,71.07531439875653,1010,0,0,0,28.58643504811877
selected_ABC,raningcar,77.06422018348624,67.45303626037571,108,0,0,0,27.852924413796472
selected_ABC,redbag,100.0,79.00993490921547,1389,0,0,0,27.99445786526945
selected_ABC,redcar,100.0,79.9912625600699,217,0,0,0,28.278369961422293
selected_ABC,redcar2,86.41975308641975,75.60258671369782,242,31,1,1,25.903882430738268
selected_ABC,redmanchange,100.0,79.4949494949495,329,0,0,0,27.15838429933381
selected_ABC,rmo,38.051750380517504,14.126259331738785,656,527,2,2,23.427569392278702
selected_ABC,run,30.536912751677853,24.065196548418026,297,205,1,0,24.91435148578494
selected_ABC,run1,55.294117647058826,43.249299719887965,84,38,1,0,24.137993427018184
selected_ABC,run2,99.03381642512076,69.68023924545663,206,2,0,0,27.391601995072598
selected_ABC,scooter,88.53711790393012,71.72489082969433,915,76,4,4,27.834379708070397
selected_ABC,shake,99.88193624557262,70.83263057289032,846,9,2,2,27.099153145619233
selected_ABC,shoeslight,100.0,83.06878306878308,233,0,0,0,28.088987201380544
selected_ABC,soccer,98.34087481146304,79.91812109459168,1325,24,2,2,28.914149375059452
selected_ABC,soccer2,98.68073878627969,76.22816936801105,378,3,0,0,28.77520586848741
selected_ABC,soccerinhand,23.20205479452055,17.05397912589693,1167,897,2,1,21.041940607748742
selected_ABC,straw,100.0,79.16322598403524,345,0,0,0,26.767030565123992
selected_ABC,stroller,69.1285081240768,66.66666666666666,676,74,1,1,26.64023431736228
selected_ABC,supbus,86.52173913043478,70.31055900621118,229,0,0,0,27.363178504567923
selected_ABC,supbus2,99.39393939393939,69.75468975468976,164,0,0,0,27.012114478044417
selected_ABC,takeout,100.0,82.78769841269842,575,0,0,0,26.95997894754061
selected_ABC,tallman,100.0,73.1829573934837,170,1,0,0,26.62163325184069
selected_ABC,threeman,100.0,76.22797150356206,253,0,0,0,25.782878023973684
selected_ABC,threeman2,94.4055944055944,73.63747363747363,428,24,2,1,25.704593593122834
selected_ABC,threewoman2,96.50655021834062,70.0561447286338,228,22,2,2,23.593295746841036
selected_ABC,together,99.59919839679358,78.38534211279702,498,2,0,0,26.954918848433152
selected_ABC,toy1,97.69639692852924,78.37313306893931,1692,28,1,0,25.99563020032667
selected_ABC,toy3,100.0,73.76084656084656,1124,0,0,0,27.485770121184697
selected_ABC,toy4,100.0,70.29341029341029,989,0,0,0,27.540613748849754
selected_ABC,tree2,100.0,81.73972291619351,1257,0,0,0,26.83122270033339
selected_ABC,tree3,84.02522333158171,66.1386782774066,1902,299,1,0,27.839920267995982
selected_ABC,tree5,63.91263057929725,51.23456790123456,2105,756,2,1,27.518195950565538
selected_ABC,trees,100.0,79.72913936216689,217,0,0,0,28.061154886898585
selected_ABC,tricycle,100.0,85.33333333333333,224,0,0,0,27.71625678897786
selected_ABC,tricycle2,100.0,84.15400202634247,234,0,0,0,27.667368334837725
selected_ABC,tricycle6,100.0,74.81977865773175,468,0,0,0,28.924142815473147
selected_ABC,tricycle9,98.79518072289156,76.85025817555939,331,0,0,0,29.246434386532943
selected_ABC,tricyclefaraway,100.0,76.8361581920904,294,0,0,0,28.953562742490515
selected_ABC,tricycletwo,84.17618270799348,78.86273595898393,612,0,0,0,28.661797340234926
selected_ABC,twoelecbike,100.0,84.01360544217688,83,0,0,0,29.685164088463157
selected_ABC,twoelecbike1,93.27731092436974,75.23009203681472,237,11,1,1,28.62592228959362
selected_ABC,twoman,92.07082371054658,70.4937864291213,1298,0,0,0,28.88753120410457
selected_ABC,twoman1,99.3006993006993,69.73026973026974,1000,7,0,0,28.27149705239018
selected_ABC,twoperson,100.0,62.59131103421761,866,0,0,0,30.169720134505788
selected_ABC,twowoman,100.0,70.955338657202,160,0,0,0,29.86132123356269
selected_ABC,walking40,79.94722955145119,60.1960045231813,378,77,1,0,24.985614070276196
selected_ABC,walking41,100.0,67.13598901098902,415,3,0,0,29.558747940008608
selected_ABC,walkingman,99.05660377358491,76.37017070979336,105,1,0,0,30.2553533549574
selected_ABC,walkingman1,36.882716049382715,30.57760141093474,647,414,3,2,30.069647243890003
selected_ABC,walkingman12,93.50393700787401,47.58155230596176,507,35,3,3,21.95099774652421
selected_ABC,walkingman20,47.803163444639715,29.433425391246125,568,303,2,1,24.721536319293676
selected_ABC,walkingman41,67.92828685258964,52.94061847846707,501,157,1,0,24.64151720421713
selected_ABC,walkingmantiny,71.08433734939759,33.27596098680436,82,44,1,0,23.271822853227384
selected_ABC,walkingnight,91.07981220657277,70.8696624189582,425,38,1,0,28.296861044528303
selected_ABC,walkingtogether,99.93021632937894,76.68560794869241,1432,1,0,0,29.084510619622915
selected_ABC,walkingtogether1,100.0,74.50473729543498,386,0,0,0,28.47572992572758
selected_ABC,walkingtogetherright,98.00332778702163,67.75215909991286,600,15,2,2,29.01514214013659
selected_ABC,walkingwithbag1,100.0,77.93354101765317,641,0,0,0,28.914215504492102
selected_ABC,walkingwithbag2,100.0,74.10224857366596,1276,0,0,0,28.963147265219202
selected_ABC,walkingwoman,100.0,58.073344280240825,347,0,0,0,28.590903858801415
selected_ABC,whitebag,99.23273657289002,73.80343441724516,390,3,1,1,29.43608756805466
selected_ABC,whitecar,100.0,85.74074074074073,179,0,0,0,28.861951300275827
selected_ABC,whitecar3,100.0,85.34226190476191,447,0,0,0,29.823318197037086
selected_ABC,whitecar4,77.7027027027027,74.93564993564993,147,10,1,0,29.074671099832546
selected_ABC,whitecarafterrain,93.29268292682927,70.49941927990709,163,0,0,0,29.760665728947018
selected_ABC,whitesuv,55.36332179930796,58.0655791728456,577,0,0,0,29.727581810567017
selected_ABC,woamn46,96.69117647058823,69.11764705882352,271,20,1,1,23.740472174213686
selected_ABC,woamnwithbike,99.31506849315068,80.20221787345075,145,0,0,0,29.758414899185752
selected_ABC,woman,100.0,83.1608005521049,137,0,0,0,28.827292783360143
selected_ABC,woman4,98.82075471698113,53.930817610062896,423,1,0,0,29.02744811673448
selected_ABC,woman6,100.0,69.94434137291282,76,0,0,0,29.797307822662095
selected_ABC,woman48,100.0,74.7536945812808,347,0,0,0,29.26114708160973
selected_ABC,woman89,98.84792626728111,82.83958744788238,433,1,0,0,29.273060847903523
selected_ABC,woman96,98.93617021276596,74.41742654508612,93,0,0,0,28.55589926256091
selected_ABC,woman99,100.0,83.7519623233909,545,0,0,0,29.835129574493426
selected_ABC,woman100,97.81976744186046,75.38067552602436,687,11,1,1,28.645313254376546
selected_ABC,womancross,100.0,79.718398987502,601,0,0,0,29.505324580096524
selected_ABC,womanfaraway,100.0,69.02887139107611,126,0,0,0,28.96761281986804
selected_ABC,womaninblackwithbike,99.86449864498645,80.78461736998322,737,1,0,0,29.22479184598259
selected_ABC,womanleft,100.0,77.50041192947766,577,0,0,0,29.902617806453573
selected_ABC,womanpink,96.42857142857143,75.38265306122449,111,4,1,1,27.853884476435233
selected_ABC,womanred,100.0,78.52474323062559,101,0,0,0,29.409866919319533
selected_ABC,womanrun,99.54268292682927,71.93670150987224,655,3,0,0,29.38776135546727
selected_ABC,womanwithbag6,94.67455621301775,69.0335305719921,168,9,1,1,28.94465603277749
selected_ABC,yellowcar,100.0,85.72226210417165,596,0,0,0,29.92680887824576
