variant,sequence,NPR,PR,SR,valid_tracking_frames,failed_tracking_frames,failure_events,recovered_events,tracking_fps
write_pair_reference_own_b384,10runone,99.67105263157895,100.0,79.66791979949875,303,0,0,0,20.601448212419793
write_pair_reference_own_b384,11leftboy,87.5,88.1578947368421,73.43358395989975,151,18,1,1,22.47516484076332
write_pair_reference_own_b384,11runtwo,94.57627118644068,98.98305084745763,77.70782889426958,294,3,1,0,19.390957159451844
write_pair_reference_own_b384,1blackteacher,100.0,100.0,82.69263051871748,850,0,0,0,17.47117881762068
write_pair_reference_own_b384,1boycoming,100.0,100.0,77.55883962780514,173,0,0,0,19.651694185515506
write_pair_reference_own_b384,1stcol4thboy,7.699141249629848,9.209357417826473,6.224177559682445,3376,2995,6,5,14.102238230528025
write_pair_reference_own_b384,1strowleftboyturning,4.508196721311475,4.508196721311475,3.6755139214155608,731,699,1,0,20.293853415271773
write_pair_reference_own_b384,1strowrightdrillmaster,73.82761330888133,98.19229761592874,62.48986364260141,3816,224,3,2,23.908527870103946
write_pair_reference_own_b384,1strowrightgirl3540,43.27683615819209,55.42372881355932,39.474038202851766,3539,1538,39,38,16.908248611715678
write_pair_reference_own_b384,2girl,87.83783783783784,99.09909909909909,74.34577434577434,221,2,0,0,26.342087511419617
write_pair_reference_own_b384,2girlup,7.563025210084033,9.663865546218489,6.322529011604641,236,215,1,0,25.289070108109083
write_pair_reference_own_b384,2runseven,98.88888888888889,100.0,80.49382716049381,269,0,0,0,22.86715873020837
write_pair_reference_own_b384,3bike1,86.32478632478633,99.14529914529915,71.06227106227105,116,0,0,0,25.51801704164584
write_pair_reference_own_b384,3men,94.47513812154696,97.23756906077348,76.05893186003684,180,0,0,0,25.606211002923402
write_pair_reference_own_b384,3pinkleft,97.00854700854701,100.0,76.21082621082623,227,1,0,0,17.64400194229197
write_pair_reference_own_b384,3rdfatboy,93.95770392749245,97.2809667673716,79.28355632283127,330,4,1,1,20.838201247893924
write_pair_reference_own_b384,3rdgrouplastboy,67.3076923076923,76.6826923076923,51.442307692307686,831,223,3,2,19.817101918761953
write_pair_reference_own_b384,3thmoto,94.23076923076923,99.03846153846155,81.91391941391942,103,0,0,0,24.403726847292404
write_pair_reference_own_b384,4men,94.68599033816425,98.55072463768117,74.29261559696342,413,0,0,0,26.627576902608954
write_pair_reference_own_b384,4thboywithwhite,79.36507936507937,81.9047619047619,67.3167044595616,314,57,4,4,18.236107497268073
write_pair_reference_own_b384,7rightorangegirl,40.6570841889117,44.558521560574945,35.210716730223915,486,269,2,1,26.111748454510646
write_pair_reference_own_b384,ab_bikeoccluded,97.73371104815864,99.15014164305948,72.33238904627008,312,5,1,1,27.27918875466907
write_pair_reference_own_b384,ab_blkskirtgirl,74.79508196721312,76.84426229508196,62.36338797814207,487,111,1,1,26.954554673415746
write_pair_reference_own_b384,ab_bolstershaking,66.70773021250385,67.93963658761935,58.73993576488188,3246,334,17,17,20.208975354507814
write_pair_reference_own_b384,ab_girlchoosesbike,97.27011494252874,99.56896551724138,77.01833607006022,695,0,0,0,25.50621172303214
write_pair_reference_own_b384,ab_girlcrossroad,89.17525773195877,91.75257731958763,63.74570446735396,355,31,2,2,25.42029061938623
write_pair_reference_own_b384,ab_pingpongball2,9.278350515463918,9.793814432989691,5.694648993618064,193,176,1,0,22.817426729266515
write_pair_reference_own_b384,ab_rightlowerredcup_quezhen,29.401993355481725,31.727574750830566,31.028845646785854,1805,788,20,20,22.214243381612295
write_pair_reference_own_b384,ab_whiteboywithbluebag,35.714285714285715,31.467181467181465,27.33958448244162,507,322,2,1,19.432934618585083
write_pair_reference_own_b384,advancedredcup,75.54925584691709,77.03756201275691,70.8312240558874,1410,153,9,9,30.117966176211493
write_pair_reference_own_b384,AQgirlwalkinrain,71.7741935483871,74.19354838709677,51.60010240655403,371,87,1,1,27.574095049222674
write_pair_reference_own_b384,AQtruck2north,100.0,100.0,82.3558897243108,94,0,0,0,27.674793821987258
write_pair_reference_own_b384,baggirl,88.28828828828829,74.77477477477478,70.6992706992707,110,0,0,0,24.621046166689286
write_pair_reference_own_b384,ballshootatthebasket3times,64.31893687707641,79.33554817275747,54.84258819806993,1489,260,13,12,19.622949051679427
write_pair_reference_own_b384,basketball849,34.86454652532391,44.994110718492344,21.078018957877617,743,469,11,11,21.224454668821302
write_pair_reference_own_b384,basketballathand,21.875,35.9375,29.24107142857143,63,33,2,1,21.56190254921491
write_pair_reference_own_b384,basketboy,83.52941176470588,100.0,67.39495798319328,84,0,0,0,25.014868037763264
write_pair_reference_own_b384,bawgirl,100.0,100.0,79.08163265306123,279,0,0,0,26.04016603392876
write_pair_reference_own_b384,belowdarkgirl,92.46231155778895,99.49748743718592,73.07968413496052,198,1,0,0,20.853999290198526
write_pair_reference_own_b384,besom3,73.58953393295175,56.09157808667212,67.23513608223338,1222,22,1,1,19.79891753809851
write_pair_reference_own_b384,bike,97.84946236559139,98.77112135176651,80.90849242922974,650,1,0,0,20.872216775425805
write_pair_reference_own_b384,bike2left,95.71984435797665,94.16342412451361,80.19269964795255,256,6,1,1,19.176923483932956
write_pair_reference_own_b384,bike2trees,76.02739726027397,80.13698630136986,71.4938030006523,145,3,0,0,23.459582429411878
write_pair_reference_own_b384,bikeboy,95.57522123893806,97.34513274336283,79.56173619890434,112,0,0,0,20.97646261924271
write_pair_reference_own_b384,bikeboyintodark,21.06537530266344,14.527845036319611,21.58422691110342,825,572,2,1,19.250023510336565
write_pair_reference_own_b384,bikeboyright,77.30192719486081,91.00642398286938,69.99082288161517,466,0,0,0,24.86136293683756
write_pair_reference_own_b384,bikeboyturn,56.774193548387096,100.0,59.877112135176645,154,0,0,0,27.415268502713992
write_pair_reference_own_b384,bikeboyturntimes,100.0,100.0,90.65255731922397,242,0,0,0,26.92987676184235
write_pair_reference_own_b384,bikeboywithumbrella,100.0,100.0,83.98268398268398,219,0,0,0,28.272033147680915
write_pair_reference_own_b384,bikefromlight,89.53488372093024,100.0,73.50498338870432,171,0,0,0,26.952276325387203
write_pair_reference_own_b384,bikegoindark,35.91549295774648,40.845070422535215,32.99798792756539,283,132,2,1,26.55253617426226
write_pair_reference_own_b384,bikeinrain,99.28571428571429,100.0,74.93197278911565,139,0,0,0,26.46393594830631
write_pair_reference_own_b384,biketurnright,4.580152671755725,6.870229007633588,6.070519810977825,130,118,1,0,27.88227420240578
write_pair_reference_own_b384,blackboy,99.53703703703704,100.0,84.96472663139329,431,0,0,0,20.802433122033623
write_pair_reference_own_b384,blackboyoncall,100.0,100.0,87.48991121872479,294,0,0,0,26.175123514483538
write_pair_reference_own_b384,blackcarturn,100.0,99.20634920634922,75.17006802721089,125,0,0,0,25.249235425225415
write_pair_reference_own_b384,blackdown,95.16129032258065,98.38709677419355,74.88479262672813,61,1,0,0,21.55226663704681
write_pair_reference_own_b384,blackgirl,94.47004608294931,95.85253456221197,74.54465657230634,216,1,0,0,22.6522398119704
write_pair_reference_own_b384,blkboyback,94.73684210526315,87.71929824561403,76.69172932330827,170,0,0,0,17.867623185599648
write_pair_reference_own_b384,blkboybetweenredandwhite,84.43708609271523,93.70860927152319,71.27089246294544,301,11,2,2,20.595515393697227
write_pair_reference_own_b384,blkboydown,78.04878048780488,97.5609756097561,69.16376306620208,81,3,0,0,25.23312521330982
write_pair_reference_own_b384,blkboyhead,35.431654676258994,37.410071942446045,28.879753340184994,555,348,3,2,18.89980743452009
write_pair_reference_own_b384,blkboylefttheNo_21,50.46541601031076,51.78290133180582,40.93410527607864,6930,2936,36,35,20.82932090408553
write_pair_reference_own_b384,blkboystand,39.55431754874652,39.693593314763234,34.17562010876774,1435,810,3,2,25.654767303407436
write_pair_reference_own_b384,blkboytakesumbrella,100.0,100.0,84.03361344537815,339,0,0,0,32.02384403481338
write_pair_reference_own_b384,blkboy`shead,87.44363240553568,89.22407090654642,70.03872611087664,12861,1098,28,28,18.369006559809222
write_pair_reference_own_b384,blkcaratfrontbluebus,37.303664921465966,61.910994764397905,37.03565195711792,763,322,3,2,33.30223746801074
write_pair_reference_own_b384,blkgirlumbrella,96.49122807017544,100.0,73.50320245057088,341,0,0,0,32.14714381525577
write_pair_reference_own_b384,blkhairgirltakingblkbag,81.91489361702128,72.51773049645391,64.06619385342789,563,59,4,3,26.91408159240427
write_pair_reference_own_b384,blkmoto2north,81.81818181818183,92.51336898395722,71.12299465240642,186,17,1,1,32.177764770042785
write_pair_reference_own_b384,blkstandboy,93.6842105263158,93.15789473684211,80.10025062656642,189,0,0,0,26.736199617076068
write_pair_reference_own_b384,blktribikecome,98.59154929577466,100.0,84.43997317236754,141,0,0,0,31.973072842415032
write_pair_reference_own_b384,blueboy,98.7878787878788,98.18181818181819,82.43867243867246,329,0,0,0,26.64850759175376
write_pair_reference_own_b384,blueboy421,93.34916864608076,99.04988123515439,76.75602307431285,420,1,0,0,32.01647247801859
write_pair_reference_own_b384,bluebuscoming,99.93041057759221,98.8865692414753,84.74666136461543,1436,0,0,0,26.741685241791796
write_pair_reference_own_b384,bluegirlbiketurn,94.14414414414415,97.74774774774775,75.97597597597596,221,6,1,1,31.83704073999827
write_pair_reference_own_b384,bottlebetweenboy`sfeet,6.91699604743083,15.019762845849801,10.841332580463016,505,404,2,1,28.12901674823798
write_pair_reference_own_b384,boy2basketballground,58.252427184466015,83.00970873786407,52.958853444290334,205,55,5,4,32.06192015267271
write_pair_reference_own_b384,boy2buildings,79.86577181208054,88.9261744966443,66.9809310748908,1787,90,4,3,31.96776393708152
write_pair_reference_own_b384,boy2trees,97.04433497536947,99.50738916256158,80.8116349988271,202,1,0,0,32.16252591963016
write_pair_reference_own_b384,boy2treesfindbike,71.9298245614035,77.10064635272391,57.74963725102229,1082,160,3,3,32.231337648663946
write_pair_reference_own_b384,boyaftertree,94.11764705882352,94.11764705882352,75.16339869281046,101,6,1,1,31.8626292970692
write_pair_reference_own_b384,boyaroundtrees,61.23936816524909,65.0465775617659,51.01930606183339,2457,812,4,4,30.44524907374036
write_pair_reference_own_b384,boyatdoorturnright,73.48178137651821,82.18623481781377,69.05725853094275,493,52,4,4,26.047310732779017
write_pair_reference_own_b384,boydownplatform,87.48335552596538,96.40479360852197,74.2819098345064,750,21,1,1,31.902372105576564
write_pair_reference_own_b384,boyfromdark,99.29824561403508,99.29824561403508,80.83542188805346,283,0,0,0,32.28100549607885
write_pair_reference_own_b384,boyinlight,95.29780564263322,96.23824451410658,75.99641737572773,318,12,2,2,32.644803175645926
write_pair_reference_own_b384,boyinplatform,81.02564102564102,93.12820512820514,68.86935286935287,974,31,2,2,32.375456872709975
write_pair_reference_own_b384,boyinsnowfield3,94.35825105782793,94.92242595204513,82.6919202095507,1417,13,1,1,26.568452436402275
write_pair_reference_own_b384,boyleftblkrunning2crowd,70.4225352112676,83.33333333333334,58.94254415381176,425,82,3,2,26.082452713371076
write_pair_reference_own_b384,boylefttheNo_9boy,96.34220686852267,93.68014631172525,80.17921251003958,4919,156,3,2,27.496389307606805
write_pair_reference_own_b384,boyoncall,99.35483870967742,46.45161290322581,69.70814132104455,308,0,0,0,31.620732109876112
write_pair_reference_own_b384,boyplayphone,92.88990825688074,96.55963302752293,75.45871559633028,434,14,3,3,30.887060636282882
write_pair_reference_own_b384,boyride2path,44.83695652173913,48.96739130434782,32.399068322981364,1837,800,7,6,31.729073155784107
write_pair_reference_own_b384,boyruninsnow,100.0,100.0,85.00784929356358,181,0,0,0,27.217737773160476
write_pair_reference_own_b384,boyscomeleft,86.20689655172413,91.59482758620689,68.39080459770115,463,30,2,2,31.464549418750426
write_pair_reference_own_b384,boyshead9684,91.83188764973151,92.79223461379596,73.22289097382034,9683,22,2,2,27.515346014290696
write_pair_reference_own_b384,boyss,51.46666666666667,81.86666666666666,54.6031746031746,374,52,6,5,29.28480814330137
write_pair_reference_own_b384,boytakingbasketballfollowing,56.77374301675978,57.1927374301676,47.9948124501197,1431,531,5,4,27.048692032938806
write_pair_reference_own_b384,boytakingplate2left,90.07633587786259,87.02290076335878,72.8644129407488,259,0,0,0,25.95691308362891
write_pair_reference_own_b384,boyunder2baskets,15.171288743882544,16.31321370309951,14.58090577177037,612,499,2,1,26.718501500240187
write_pair_reference_own_b384,boywaitgirl,93.67875647668393,97.30569948186528,77.29583024919813,964,0,0,0,30.370053597742153
write_pair_reference_own_b384,boywalkinginsnow2,98.93617021276596,98.78419452887537,82.45766391663048,657,0,0,0,26.333479434920072
write_pair_reference_own_b384,boy`headwithouthat,53.93654524089306,61.104582843713274,42.86273851491243,850,331,7,6,25.815748929592413
write_pair_reference_own_b384,boy`sheadingreycol,36.43122676579926,58.7360594795539,36.48433351035581,268,111,3,2,26.33906309819169
write_pair_reference_own_b384,broom,83.14111973159991,63.461941706856784,64.8788305424917,9531,595,39,39,27.218198178135165
write_pair_reference_own_b384,carbehindtrees,100.0,100.0,69.79949874686717,113,0,0,0,27.26081527435557
write_pair_reference_own_b384,carcomeonlight,100.0,100.0,84.44130127298445,100,0,0,0,31.243394343240794
write_pair_reference_own_b384,carcomingfromlight,29.923273657289002,31.9693094629156,28.303495311167946,390,242,2,1,32.1772875935048
write_pair_reference_own_b384,carcominginlight,94.19354838709677,96.12903225806451,73.82488479262673,154,0,0,0,27.224473457808685
write_pair_reference_own_b384,carlight2,95.71428571428572,100.0,80.06802721088437,69,0,0,0,31.515120355258077
write_pair_reference_own_b384,carlightcome2,100.0,100.0,83.87096774193549,92,0,0,0,31.17070447306229
write_pair_reference_own_b384,caronlight,96.51162790697676,100.0,77.13178294573643,85,0,0,0,31.07802533949395
write_pair_reference_own_b384,carturn117,100.0,100.0,87.46438746438746,116,0,0,0,30.757796394769606
write_pair_reference_own_b384,carwillturn,41.78794178794179,41.58004158004158,36.66963666963667,480,236,2,1,27.495444717193397
write_pair_reference_own_b384,catbrown2,100.0,97.8021978021978,86.55154369440083,90,0,0,0,27.132701612331985
write_pair_reference_own_b384,catbrownback2bush,70.66269545793,70.66269545793,65.67741020458817,1342,297,1,1,26.879150675371793
write_pair_reference_own_b384,couple,57.42574257425742,58.415841584158414,44.743045733144726,100,38,1,0,30.07186798472941
write_pair_reference_own_b384,darkcarturn,100.0,97.61904761904762,91.38321995464852,83,0,0,0,30.7000813540567
write_pair_reference_own_b384,darkgirl,99.02120717781403,100.0,80.30762060125844,612,0,0,0,31.02971892631398
write_pair_reference_own_b384,darkouterwhiteboy,52.7369826435247,99.73297730307075,55.16561764892873,748,89,8,8,27.059657569194577
write_pair_reference_own_b384,darktreesboy,80.31809145129225,85.2882703777336,69.9138502319417,502,30,1,1,27.128197627414465
write_pair_reference_own_b384,drillmaster1117,45.9265890778872,48.433303491495074,38.999019482457264,1116,576,1,0,31.649885535542676
write_pair_reference_own_b384,drillmasterfollowingatright,48.77800407331975,50.20366598778004,38.22616623023954,981,481,1,1,25.757199483973526
write_pair_reference_own_b384,farfatboy,79.13385826771653,92.51968503937007,59.4488188976378,253,30,1,1,30.710157793550117
write_pair_reference_own_b384,firstexercisebook,26.46551724137931,28.706896551724135,30.34893267651888,1159,585,5,4,27.4716856560831
write_pair_reference_own_b384,foamatgirl`srighthand,66.83937823834198,78.75647668393782,51.36935603256847,192,27,2,2,27.177079510803754
write_pair_reference_own_b384,foldedfolderatlefthand,68.58638743455498,68.06282722513089,59.95179921881493,1145,209,9,9,26.707279612125216
write_pair_reference_own_b384,girl2left3man1,71.52317880794702,100.0,63.41847997477136,150,0,0,0,31.21053364179375
write_pair_reference_own_b384,girlafterglassdoor,99.91150442477877,95.929203539823,85.67635903919091,1129,0,0,0,31.886500230361015
write_pair_reference_own_b384,girldownstairfromlight,66.721446179129,88.41413311421529,54.939938177407356,1216,151,3,3,27.236381363076863
write_pair_reference_own_b384,girlfromlight_quezhen,93.22362052274927,94.86931268151017,82.04950905822156,1032,8,1,1,26.560106626185576
write_pair_reference_own_b384,girlinrain,99.03846153846155,100.0,83.02808302808302,311,0,0,0,30.468285062754497
write_pair_reference_own_b384,girllongskirt,68.42105263157895,87.17105263157895,63.377192982456144,303,40,6,6,28.97753261545813
write_pair_reference_own_b384,girlof2leaders,39.95943204868154,43.6105476673428,36.72848449724717,985,475,10,9,25.654957083704797
write_pair_reference_own_b384,girlrightthewautress,72.72727272727273,75.32467532467533,57.297464440321576,307,75,2,2,25.919336673624844
write_pair_reference_own_b384,girlunderthestreetlamp,91.49755073477957,100.0,71.98507114532306,2857,0,0,0,27.408775717542227
write_pair_reference_own_b384,girl`sblkbag,9.98248686514886,39.229422066549915,12.084063047285465,570,465,1,0,28.358180514409238
write_pair_reference_own_b384,guardunderthecolumn,77.30496453900709,79.7872340425532,66.16008105369808,281,39,1,1,26.19354787281817
write_pair_reference_own_b384,hugboy,92.80442804428044,98.8929889298893,79.34457916007732,541,0,0,0,31.053534476267664
write_pair_reference_own_b384,hyalinepaperfrontface,25.99027102154274,30.484132499420895,27.247758033025576,4316,2456,32,31,32.4577974510719
write_pair_reference_own_b384,large,83.72881355932203,82.91525423728814,69.79822437449556,1474,177,6,6,26.955046551989888
write_pair_reference_own_b384,lastleftgirl,6.899641577060931,7.885304659498208,6.53268475849121,1115,1017,2,1,26.847746807656552
write_pair_reference_own_b384,leftblkTboy,59.64383561643836,61.67123287671233,46.35616438356164,3439,1317,15,14,26.954752162177474
write_pair_reference_own_b384,leftbottle2hang,23.678276121272866,36.20646454522676,28.961592153774557,3990,1751,36,35,28.755965055838317
write_pair_reference_own_b384,leftboy2jointhe4,15.755627009646304,23.79421221864952,16.260909508497935,1243,950,3,2,27.115445760999982
write_pair_reference_own_b384,leftboyoutofthetroop,68.14516129032258,72.04301075268818,56.42601126472094,743,197,1,1,27.157914540817437
write_pair_reference_own_b384,leftchair,56.99999999999999,48.857142857142854,59.129251700680264,1399,310,4,4,32.41348142305399
write_pair_reference_own_b384,lefterbike,74.73498233215548,72.08480565371025,57.925290257445724,565,44,3,2,28.130256160969246
write_pair_reference_own_b384,leftexcersicebookyellow,54.53720508166969,52.54083484573503,51.024112004148314,1101,185,5,5,27.947338377549542
write_pair_reference_own_b384,leftfarboycomingpicktheball,92.13732004429679,98.56035437430786,69.97837894847862,902,4,1,1,27.538571438720734
write_pair_reference_own_b384,leftgirl'swhitebag,67.33067729083665,73.70517928286853,57.54126351735914,249,56,2,1,27.183215162656765
write_pair_reference_own_b384,lefthyalinepaper2rgb,53.1233595800525,55.748031496062985,48.85639295088116,1904,494,18,18,27.931618940704816
write_pair_reference_own_b384,lefthyalinepaperfrontpants,67.31409544950056,64.59489456159822,59.49209872628296,1801,345,13,13,32.5893577955021
write_pair_reference_own_b384,leftmirror,77.11548696114954,73.39010111761576,67.95407891735724,1878,313,23,23,27.5169997747059
write_pair_reference_own_b384,leftmirrorlikesky,71.65562913907286,72.84768211920529,58.83107326815937,2264,306,13,13,27.345486097948026
write_pair_reference_own_b384,leftmirrorside,39.31870669745958,42.725173210161664,31.60673045199604,1731,955,10,9,27.93756893238107
write_pair_reference_own_b384,leftopenexersicebook,41.76470588235294,47.647058823529406,48.23529411764705,167,14,1,0,27.908291280764477
write_pair_reference_own_b384,leftpingpongball,10.606060606060606,13.636363636363635,6.493506493506493,65,57,1,0,27.372145477223075
write_pair_reference_own_b384,leftrushingboy,85.13513513513513,89.86486486486487,71.4929214929215,147,14,1,1,25.820521464434513
write_pair_reference_own_b384,leftunderbasket,16.63286004056795,14.908722109533468,19.57886602917029,985,732,3,2,27.271185819992123
write_pair_reference_own_b384,leftuphand,85.71428571428571,85.6638061585058,71.99826927237326,1980,141,2,2,26.63216460408033
write_pair_reference_own_b384,littelbabycryingforahug,95.94272076372316,99.76133651551312,76.15638140697807,1675,0,0,0,19.37253803760447
write_pair_reference_own_b384,lowerfoamboard,87.87878787878788,90.9090909090909,69.55266955266956,31,3,1,1,10.923971503081113
write_pair_reference_own_b384,mandownstair,96.44160583941606,96.44160583941606,80.29197080291975,1095,16,1,0,19.26840956605564
write_pair_reference_own_b384,manfromtoilet,98.77450980392157,98.2843137254902,81.90943043884218,407,0,0,0,19.948797472918773
write_pair_reference_own_b384,mangetsoff,77.95275590551181,79.13385826771653,64.24821897262844,253,40,1,1,23.155350494559222
write_pair_reference_own_b384,manoncall,83.6852207293666,91.93857965451056,70.87103555433688,520,26,4,4,25.08794183935579
write_pair_reference_own_b384,mansimiliar,93.77289377289377,97.43589743589743,78.8941217512646,272,12,1,1,26.80753498158889
write_pair_reference_own_b384,mantostartcar,97.5609756097561,100.0,80.13937282229966,122,0,0,0,25.736705206093053
write_pair_reference_own_b384,midblkgirl,96.3172804532578,100.0,78.18696883852692,352,0,0,0,28.48277054301432
write_pair_reference_own_b384,midboyNo_9,72.07219619729953,75.17222375310003,60.6640947919537,7257,1592,17,17,16.325468540136793
write_pair_reference_own_b384,middrillmaster,68.07228915662651,71.08433734939759,55.19219736087205,663,185,2,1,16.548441739956726
write_pair_reference_own_b384,midgreyboyrunningcoming,73.96156230626161,77.21636701797892,56.96129660791781,3225,585,13,12,15.24760801840234
write_pair_reference_own_b384,midof3girls,71.29840546697038,77.44874715261959,61.52511118342553,438,85,1,0,20.693331034612694
write_pair_reference_own_b384,midredboy,67.49213298672869,70.00957723354769,58.08298966049685,7293,1941,15,15,17.381119389571694
write_pair_reference_own_b384,midrunboywithwhite,49.547511312217196,54.29864253393665,37.48114630467571,441,202,2,1,25.594695848694773
write_pair_reference_own_b384,minibus,100.0,100.0,84.43223443223444,77,0,0,0,31.08440983537725
write_pair_reference_own_b384,minibusgoes2left,72.89719626168224,72.89719626168224,65.86559857587896,213,37,1,0,27.799887623716938
write_pair_reference_own_b384,moto,100.0,98.4251968503937,78.36520434945632,253,0,0,0,27.270638089622448
write_pair_reference_own_b384,motocomeonlight,97.61904761904762,100.0,73.92290249433108,83,0,0,0,31.798831196495193
write_pair_reference_own_b384,motogoesaloongS,99.21259842519686,100.0,79.82752155980505,126,0,0,0,31.503591084650346
write_pair_reference_own_b384,mototaking2boys306,63.725490196078425,67.64705882352942,55.83566760037348,305,40,2,1,27.816710542687577
write_pair_reference_own_b384,mototurneast,100.0,100.0,81.49882903981265,121,0,0,0,31.754325581602572
write_pair_reference_own_b384,motowithbluetop,100.0,100.0,76.44110275689222,94,0,0,0,30.173878013451926
write_pair_reference_own_b384,pingpingpad3,96.16336633663366,98.14356435643565,80.39250353606788,807,11,2,2,27.61415368976779
write_pair_reference_own_b384,pinkwithblktopcup,73.62204724409449,79.21259842519684,65.11436070491187,1269,198,7,6,28.12761491335387
write_pair_reference_own_b384,raincarturn,99.7005988023952,100.0,82.0786997433704,333,0,0,0,31.994332222144525
write_pair_reference_own_b384,rainycarcome_ab,100.0,100.0,82.55990294206855,156,0,0,0,31.405358063181076
write_pair_reference_own_b384,redboygoright,86.0,91.33333333333333,72.38095238095238,149,5,1,1,26.453156957872967
write_pair_reference_own_b384,redcarcominginlight,100.0,96.56488549618321,82.7517266448564,261,0,0,0,27.443141240435917
write_pair_reference_own_b384,redetricycle,96.15384615384616,75.96153846153845,65.79670329670331,103,0,0,0,27.027947408817248
write_pair_reference_own_b384,redmidboy,82.62839879154077,93.50453172205438,68.32829808660624,661,11,1,1,25.33867772842784
write_pair_reference_own_b384,redroadlatboy,62.054794520547944,63.287671232876704,49.62165688193085,729,268,7,6,26.35324201359148
write_pair_reference_own_b384,redtricycle,81.54761904761905,88.69047619047619,68.48072562358276,167,0,0,0,31.285289866295887
write_pair_reference_own_b384,right2ndflagformath,31.428571428571427,38.4,27.03945578231292,1749,1078,7,6,26.795924908357538
write_pair_reference_own_b384,right5thflag,69.36325678496868,77.92275574112735,54.35928024654538,1898,409,8,8,26.549042850052828
write_pair_reference_own_b384,rightbike-gai,89.66346153846155,98.3173076923077,73.48901098901098,415,0,0,0,27.889080143698813
write_pair_reference_own_b384,rightbike,43.111111111111114,52.0,37.48148148148149,224,106,2,1,27.210057275947072
write_pair_reference_own_b384,rightblkboy4386,70.47423620611035,59.6671226630187,62.077389095172954,4385,889,7,7,26.981250681842237
write_pair_reference_own_b384,rightblkboystand,92.831541218638,90.32258064516128,74.26181942310974,277,0,0,0,26.319410083038736
write_pair_reference_own_b384,rightblkfatboyleftwhite,99.74093264248705,98.44559585492227,78.213668887244,385,0,0,0,27.15530816270803
write_pair_reference_own_b384,rightbluewhite,93.76770538243626,99.43342776203966,68.4608120868744,352,0,0,0,31.76659035290648
write_pair_reference_own_b384,rightbottlecomes,32.42074927953891,44.236311239193085,34.990393852065324,1387,558,25,24,29.25687547317315
write_pair_reference_own_b384,rightboy504,94.44444444444444,99.0079365079365,74.3764172335601,503,5,1,1,26.605081135126856
write_pair_reference_own_b384,rightcameraman,58.666666666666664,60.09523809523809,48.50340136054421,1049,424,1,0,27.58309041284192
write_pair_reference_own_b384,rightcar-chongT,8.73440285204991,12.655971479500892,13.207707325354384,560,444,2,1,27.670264182461334
write_pair_reference_own_b384,rightcomingstrongboy,44.205298013245034,46.688741721854306,35.588142541784926,603,320,3,2,26.94462136849635
write_pair_reference_own_b384,rightdarksingleman,63.37157987643425,70.96204766107678,49.82978186861681,1132,339,2,1,27.68767917127477
write_pair_reference_own_b384,rightgirltakingcup,7.0359281437125745,8.682634730538922,6.679498146564014,667,606,3,2,25.538230396210093
write_pair_reference_own_b384,rightwaiter1_quezhen,76.62337662337663,62.98701298701299,61.44094001236857,307,46,2,2,26.35505525078324
write_pair_reference_own_b384,runningcameragirl,37.82383419689119,45.07772020725388,31.40883296323711,385,226,3,2,27.16097533941641
write_pair_reference_own_b384,shinybikeboy2left,70.07211538461539,75.96153846153845,48.116987179487175,831,159,3,3,27.42301561751035
write_pair_reference_own_b384,shinycarcoming,76.04456824512535,70.75208913649024,61.480302427377644,358,41,1,0,27.67458814386493
write_pair_reference_own_b384,shinycarcoming2,72.25913621262458,70.59800664451828,60.7577914886885,601,49,2,1,27.572273052763197
write_pair_reference_own_b384,silvercarturn,100.0,100.0,90.99739398246862,200,0,0,0,31.02515380905019
write_pair_reference_own_b384,small-gai,97.73413897280967,96.67673716012085,81.13221119263416,661,8,1,1,26.71245851726099
write_pair_reference_own_b384,standblkboy,97.9502196193265,98.24304538799414,81.39161960538243,682,0,0,0,26.78992562817852
write_pair_reference_own_b384,swan_0109,87.65060240963855,100.0,74.21113023522662,663,0,0,0,27.562771555244016
write_pair_reference_own_b384,truckgonorth,49.34210526315789,57.89473684210527,58.89724310776943,151,2,0,0,30.998393946854073
write_pair_reference_own_b384,turning1strowleft2ndboy,63.96242527754057,74.29547395388558,55.036395429222075,1170,299,25,24,22.55902851094256
write_pair_reference_own_b384,umbreboyoncall,97.91666666666666,100.0,84.05257936507937,191,0,0,0,31.28016929414935
write_pair_reference_own_b384,umbrella,72.10031347962382,85.8934169278997,57.32198835647111,318,59,4,4,31.869898787433794
write_pair_reference_own_b384,umbrellabyboy,90.94736842105263,98.52631578947368,72.25062656641603,474,4,0,0,31.965890718246417
write_pair_reference_own_b384,umbrellawillbefold,76.5017667844523,74.38162544169612,65.52246340232205,565,49,2,2,28.007232068377284
write_pair_reference_own_b384,umbrellawillopen,82.24489795918367,72.0408163265306,69.35860058309038,489,67,1,1,28.193376243429007
write_pair_reference_own_b384,waitresscoming,97.94117647058823,98.82352941176471,68.0812324929972,679,0,0,0,26.059128251542834
write_pair_reference_own_b384,whitebikebelow,68.55123674911661,72.96819787985865,52.93622749453137,565,157,1,0,26.846905250233004
write_pair_reference_own_b384,whiteboyrightcoccergoal,85.96237337192476,87.4095513748191,72.75170560264628,690,84,1,1,26.312010419359375
write_pair_reference_own_b384,whitecarcomeinrain,100.0,100.0,87.13151927437642,83,0,0,0,31.405044985823686
write_pair_reference_own_b384,whitecarturn683,78.03806734992679,77.15959004392387,65.85093773966395,682,144,2,2,25.8468333411277
write_pair_reference_own_b384,whitecarturnleft,100.0,100.0,79.61570593149541,56,0,0,0,30.578076178045787
write_pair_reference_own_b384,whitecarturnright,95.14563106796116,90.29126213592234,76.8377253814147,102,0,0,0,30.542440058562516
write_pair_reference_own_b384,whitefardown,73.13432835820896,100.0,67.16417910447761,66,4,1,0,31.001260465269738
write_pair_reference_own_b384,whitefargirl,73.54838709677419,78.06451612903226,56.46697388632872,154,33,2,1,31.735269799469044
write_pair_reference_own_b384,whitegirlinlight,93.71816638370119,96.60441426146011,75.59220632225727,588,11,1,1,27.3987869967509
write_pair_reference_own_b384,whitegirltakingchopsticks,22.22222222222222,25.318761384335154,23.00286234712464,548,369,1,0,25.511427482868648
write_pair_reference_own_b384,whiteofboys,81.77339901477832,84.72906403940887,66.73703964344358,202,32,4,4,30.951289040367893
write_pair_reference_own_b384,whiteridingbike,61.1764705882353,75.29411764705883,49.5686274509804,424,105,1,1,26.995110245747096
write_pair_reference_own_b384,whiterunningboy,92.48554913294798,93.35260115606935,75.1720341315717,345,25,2,2,31.546398272407
write_pair_reference_own_b384,whiteskirtgirlcomingfromgoal,62.95843520782396,73.10513447432763,55.40808010245664,817,207,10,9,25.80321901764749
write_pair_reference_own_b384,whitesuvturn,100.0,100.0,85.95759471671882,136,0,0,0,30.760376622197338
write_pair_reference_own_b384,womanback2car,94.73684210526315,100.0,80.75187969924814,94,0,0,0,31.797257239995375
write_pair_reference_own_b384,yellowgirl118,49.152542372881356,72.03389830508475,48.506860371267145,117,28,1,0,31.597617996515954
write_pair_reference_own_b384,yellowskirt,99.44598337950139,96.95290858725761,80.99195356813085,360,0,0,0,30.91536832153689
write_pair_no_search_own_b384,10runone,99.67105263157895,100.0,79.66791979949875,303,0,0,0,24.33335923517611
write_pair_no_search_own_b384,11leftboy,87.5,88.1578947368421,73.43358395989975,151,18,1,1,25.907454271029817
write_pair_no_search_own_b384,11runtwo,94.57627118644068,98.98305084745763,77.70782889426958,294,3,1,0,26.201241451359547
write_pair_no_search_own_b384,1blackteacher,100.0,100.0,82.69263051871748,850,0,0,0,25.57442420710192
write_pair_no_search_own_b384,1boycoming,100.0,100.0,77.55883962780514,173,0,0,0,25.459021201762663
write_pair_no_search_own_b384,1stcol4thboy,7.699141249629848,9.209357417826473,6.224177559682445,3376,2995,6,5,22.40595737491863
write_pair_no_search_own_b384,1strowleftboyturning,4.508196721311475,4.508196721311475,3.6755139214155608,731,699,1,0,24.1655039314114
write_pair_no_search_own_b384,1strowrightdrillmaster,73.82761330888133,98.19229761592874,62.48986364260141,3816,224,3,2,28.17384476799746
write_pair_no_search_own_b384,1strowrightgirl3540,43.27683615819209,55.42372881355932,39.474038202851766,3539,1538,39,38,22.86416886934157
write_pair_no_search_own_b384,2girl,87.83783783783784,99.09909909909909,74.34577434577434,221,2,0,0,26.790326393870952
write_pair_no_search_own_b384,2girlup,7.563025210084033,9.663865546218489,6.322529011604641,236,215,1,0,27.251590284501145
write_pair_no_search_own_b384,2runseven,98.88888888888889,100.0,80.49382716049381,269,0,0,0,23.284426020241668
write_pair_no_search_own_b384,3bike1,86.32478632478633,99.14529914529915,71.06227106227105,116,0,0,0,28.238104110798574
write_pair_no_search_own_b384,3men,94.47513812154696,97.23756906077348,76.05893186003684,180,0,0,0,24.928116609517904
write_pair_no_search_own_b384,3pinkleft,97.00854700854701,100.0,76.21082621082623,227,1,0,0,21.11359755728648
write_pair_no_search_own_b384,3rdfatboy,93.95770392749245,97.2809667673716,79.28355632283127,330,4,1,1,24.825054181210223
write_pair_no_search_own_b384,3rdgrouplastboy,67.3076923076923,76.6826923076923,51.442307692307686,831,223,3,2,22.291405360799757
write_pair_no_search_own_b384,3thmoto,94.23076923076923,99.03846153846155,81.91391941391942,103,0,0,0,24.585810942352193
write_pair_no_search_own_b384,4men,94.68599033816425,98.55072463768117,74.29261559696342,413,0,0,0,26.374270547812813
write_pair_no_search_own_b384,4thboywithwhite,79.36507936507937,81.9047619047619,67.3167044595616,314,57,4,4,21.92024126274243
write_pair_no_search_own_b384,7rightorangegirl,40.6570841889117,44.558521560574945,35.210716730223915,486,269,2,1,27.784891344225095
write_pair_no_search_own_b384,ab_bikeoccluded,97.73371104815864,99.15014164305948,72.33238904627008,312,5,1,1,25.91789374683277
write_pair_no_search_own_b384,ab_blkskirtgirl,74.79508196721312,76.84426229508196,62.36338797814207,487,111,1,1,27.11759988357823
write_pair_no_search_own_b384,ab_bolstershaking,66.70773021250385,67.93963658761935,58.73993576488188,3246,334,17,17,23.045497902868572
write_pair_no_search_own_b384,ab_girlchoosesbike,97.27011494252874,99.56896551724138,77.01833607006022,695,0,0,0,26.17138638386618
write_pair_no_search_own_b384,ab_girlcrossroad,89.17525773195877,91.75257731958763,63.74570446735396,355,31,2,2,25.612906664192774
write_pair_no_search_own_b384,ab_pingpongball2,9.278350515463918,9.793814432989691,5.694648993618064,193,176,1,0,22.93756139107535
write_pair_no_search_own_b384,ab_rightlowerredcup_quezhen,29.401993355481725,31.727574750830566,31.028845646785854,1805,788,20,20,24.224510144653607
write_pair_no_search_own_b384,ab_whiteboywithbluebag,35.714285714285715,31.467181467181465,27.33958448244162,507,322,2,1,21.091135643156957
write_pair_no_search_own_b384,advancedredcup,75.54925584691709,77.03756201275691,70.8312240558874,1410,153,9,9,30.70533816668343
write_pair_no_search_own_b384,AQgirlwalkinrain,71.7741935483871,74.19354838709677,51.60010240655403,371,87,1,1,27.230849221649628
write_pair_no_search_own_b384,AQtruck2north,100.0,100.0,82.3558897243108,94,0,0,0,27.312639493215997
write_pair_no_search_own_b384,baggirl,88.28828828828829,74.77477477477478,70.6992706992707,110,0,0,0,27.028924226244047
write_pair_no_search_own_b384,ballshootatthebasket3times,64.31893687707641,79.33554817275747,54.84258819806993,1489,260,13,12,22.394531409928135
write_pair_no_search_own_b384,basketball849,34.86454652532391,44.994110718492344,21.078018957877617,743,469,11,11,23.50621279872573
write_pair_no_search_own_b384,basketballathand,21.875,35.9375,29.24107142857143,63,33,2,1,24.713579064331483
write_pair_no_search_own_b384,basketboy,83.52941176470588,100.0,67.39495798319328,84,0,0,0,27.032864356101626
write_pair_no_search_own_b384,bawgirl,100.0,100.0,79.08163265306123,279,0,0,0,26.076577974141934
write_pair_no_search_own_b384,belowdarkgirl,92.46231155778895,99.49748743718592,73.07968413496052,198,1,0,0,22.64228243217995
write_pair_no_search_own_b384,besom3,73.58953393295175,56.09157808667212,67.23513608223338,1222,22,1,1,22.515539426771433
write_pair_no_search_own_b384,bike,97.84946236559139,98.77112135176651,80.90849242922974,650,1,0,0,24.866246133958562
write_pair_no_search_own_b384,bike2left,95.71984435797665,94.16342412451361,80.19269964795255,256,6,1,1,26.13354141084375
write_pair_no_search_own_b384,bike2trees,76.02739726027397,80.13698630136986,71.4938030006523,145,3,0,0,29.8426656980605
write_pair_no_search_own_b384,bikeboy,95.57522123893806,97.34513274336283,79.56173619890434,112,0,0,0,26.656601260722585
write_pair_no_search_own_b384,bikeboyintodark,21.06537530266344,14.527845036319611,21.58422691110342,825,572,2,1,26.877200691533
write_pair_no_search_own_b384,bikeboyright,77.30192719486081,91.00642398286938,69.99082288161517,466,0,0,0,30.616103874480512
write_pair_no_search_own_b384,bikeboyturn,56.774193548387096,100.0,59.877112135176645,154,0,0,0,30.870741653198564
write_pair_no_search_own_b384,bikeboyturntimes,100.0,100.0,90.65255731922397,242,0,0,0,30.99729189445224
write_pair_no_search_own_b384,bikeboywithumbrella,100.0,100.0,83.98268398268398,219,0,0,0,31.38768154480523
write_pair_no_search_own_b384,bikefromlight,89.53488372093024,100.0,73.50498338870432,171,0,0,0,30.63712163205506
write_pair_no_search_own_b384,bikegoindark,35.91549295774648,40.845070422535215,32.99798792756539,283,132,2,1,31.813134624266468
write_pair_no_search_own_b384,bikeinrain,99.28571428571429,100.0,74.93197278911565,139,0,0,0,30.98397788043191
write_pair_no_search_own_b384,biketurnright,4.580152671755725,6.870229007633588,6.070519810977825,130,118,1,0,31.082880227006594
write_pair_no_search_own_b384,blackboy,99.53703703703704,100.0,84.96472663139329,431,0,0,0,26.764602608963397
write_pair_no_search_own_b384,blackboyoncall,100.0,100.0,87.48991121872479,294,0,0,0,30.9387114303253
write_pair_no_search_own_b384,blackcarturn,100.0,99.20634920634922,75.17006802721089,125,0,0,0,30.946080772999057
write_pair_no_search_own_b384,blackdown,95.16129032258065,98.38709677419355,74.88479262672813,61,1,0,0,30.736197770715993
write_pair_no_search_own_b384,blackgirl,94.47004608294931,95.85253456221197,74.54465657230634,216,1,0,0,30.730253176841128
write_pair_no_search_own_b384,blkboyback,94.73684210526315,87.71929824561403,76.69172932330827,170,0,0,0,19.72200440814916
write_pair_no_search_own_b384,blkboybetweenredandwhite,84.43708609271523,93.70860927152319,71.27089246294544,301,11,2,2,21.345986862538815
write_pair_no_search_own_b384,blkboydown,78.04878048780488,97.5609756097561,69.16376306620208,81,3,0,0,29.222147166103493
write_pair_no_search_own_b384,blkboyhead,35.431654676258994,37.410071942446045,28.879753340184994,555,348,3,2,19.49850051491162
write_pair_no_search_own_b384,blkboylefttheNo_21,50.63726192181011,51.96906773593012,41.054806571060325,6930,2926,37,36,17.24239660110875
write_pair_no_search_own_b384,blkboystand,39.55431754874652,39.693593314763234,34.17562010876774,1435,810,3,2,15.782130451995457
write_pair_no_search_own_b384,blkboytakesumbrella,100.0,100.0,84.03361344537815,339,0,0,0,25.94213126840526
write_pair_no_search_own_b384,blkboy`shead,87.44363240553568,89.22407090654642,70.03872611087664,12861,1098,28,28,20.371499968150555
write_pair_no_search_own_b384,blkcaratfrontbluebus,37.303664921465966,61.910994764397905,37.03565195711792,763,322,3,2,27.710879795723105
write_pair_no_search_own_b384,blkgirlumbrella,96.49122807017544,100.0,73.50320245057088,341,0,0,0,25.90024714605641
write_pair_no_search_own_b384,blkhairgirltakingblkbag,81.91489361702128,72.51773049645391,64.06619385342789,563,59,4,3,18.196580025203968
write_pair_no_search_own_b384,blkmoto2north,81.81818181818183,92.51336898395722,71.12299465240642,186,17,1,1,23.15539923984218
write_pair_no_search_own_b384,blkstandboy,93.6842105263158,93.15789473684211,80.10025062656642,189,0,0,0,20.021281509127466
write_pair_no_search_own_b384,blktribikecome,98.59154929577466,100.0,84.43997317236754,141,0,0,0,23.83923501576734
write_pair_no_search_own_b384,blueboy,98.7878787878788,98.18181818181819,82.43867243867246,329,0,0,0,18.34567427410609
write_pair_no_search_own_b384,blueboy421,93.34916864608076,99.04988123515439,76.75602307431285,420,1,0,0,25.976327816247387
write_pair_no_search_own_b384,bluebuscoming,99.93041057759221,98.8865692414753,84.74666136461543,1436,0,0,0,16.02178637850409
write_pair_no_search_own_b384,bluegirlbiketurn,94.14414414414415,97.74774774774775,75.97597597597596,221,6,1,1,27.48181935078074
write_pair_no_search_own_b384,bottlebetweenboy`sfeet,6.91699604743083,15.019762845849801,10.841332580463016,505,404,2,1,20.680860535266216
write_pair_no_search_own_b384,boy2basketballground,58.252427184466015,83.00970873786407,52.958853444290334,205,55,5,4,26.409587355668044
write_pair_no_search_own_b384,boy2buildings,79.69798657718121,88.9261744966443,66.86374773623095,1787,94,4,3,20.848862619405136
write_pair_no_search_own_b384,boy2trees,97.04433497536947,99.50738916256158,80.8116349988271,202,1,0,0,26.80883870653735
write_pair_no_search_own_b384,boy2treesfindbike,71.9298245614035,77.10064635272391,57.74963725102229,1082,160,3,3,24.799349826717933
write_pair_no_search_own_b384,boyaftertree,94.11764705882352,94.11764705882352,75.16339869281046,101,6,1,1,23.318193787908854
write_pair_no_search_own_b384,boyaroundtrees,61.23936816524909,65.0465775617659,51.01930606183339,2457,812,4,4,19.168261594982834
write_pair_no_search_own_b384,boyatdoorturnright,73.48178137651821,82.18623481781377,69.05725853094275,493,52,4,4,17.77429791219111
write_pair_no_search_own_b384,boydownplatform,87.48335552596538,96.40479360852197,74.2819098345064,750,21,1,1,26.512935653298513
write_pair_no_search_own_b384,boyfromdark,99.29824561403508,99.29824561403508,80.83542188805346,283,0,0,0,24.88133676592623
write_pair_no_search_own_b384,boyinlight,95.29780564263322,96.23824451410658,75.99641737572773,318,12,2,2,25.421511026621754
write_pair_no_search_own_b384,boyinplatform,81.02564102564102,93.12820512820514,68.86935286935287,974,31,2,2,25.026043640892823
write_pair_no_search_own_b384,boyinsnowfield3,94.35825105782793,94.92242595204513,82.6919202095507,1417,13,1,1,16.03470381753325
write_pair_no_search_own_b384,boyleftblkrunning2crowd,70.4225352112676,83.33333333333334,58.94254415381176,425,82,3,2,18.31985488218449
write_pair_no_search_own_b384,boylefttheNo_9boy,96.34220686852267,93.68014631172525,80.17921251003958,4919,156,3,2,16.278095058094998
write_pair_no_search_own_b384,boyoncall,99.35483870967742,46.45161290322581,69.70814132104455,308,0,0,0,25.49927229853922
write_pair_no_search_own_b384,boyplayphone,92.88990825688074,96.55963302752293,75.45871559633028,434,14,3,3,24.719594995155298
write_pair_no_search_own_b384,boyride2path,44.83695652173913,48.96739130434782,32.399068322981364,1837,800,7,6,21.023407131169954
write_pair_no_search_own_b384,boyruninsnow,100.0,100.0,85.00784929356358,181,0,0,0,21.240719396697507
write_pair_no_search_own_b384,boyscomeleft,86.20689655172413,91.59482758620689,68.39080459770115,463,30,2,2,25.372138450138586
write_pair_no_search_own_b384,boyshead9684,91.83188764973151,92.79223461379596,73.22289097382034,9683,22,2,2,15.624476483423347
write_pair_no_search_own_b384,boyss,51.46666666666667,81.86666666666666,54.6031746031746,374,52,6,5,28.355845054387473
write_pair_no_search_own_b384,boytakingbasketballfollowing,56.77374301675978,57.1927374301676,47.9948124501197,1431,531,5,4,16.577548405521704
write_pair_no_search_own_b384,boytakingplate2left,90.07633587786259,87.02290076335878,72.8644129407488,259,0,0,0,19.63728409577491
write_pair_no_search_own_b384,boyunder2baskets,15.171288743882544,16.31321370309951,14.58090577177037,612,499,2,1,20.064670705090197
write_pair_no_search_own_b384,boywaitgirl,93.67875647668393,97.30569948186528,77.29583024919813,964,0,0,0,26.808204625759057
write_pair_no_search_own_b384,boywalkinginsnow2,98.93617021276596,98.78419452887537,82.45766391663048,657,0,0,0,16.91912936516549
write_pair_no_search_own_b384,boy`headwithouthat,53.93654524089306,61.104582843713274,42.86273851491243,850,331,7,6,17.1330553933089
write_pair_no_search_own_b384,boy`sheadingreycol,36.43122676579926,58.7360594795539,36.48433351035581,268,111,3,2,19.91080453290722
write_pair_no_search_own_b384,broom,83.14111973159991,63.461941706856784,64.8788305424917,9531,595,39,39,16.576806064323776
write_pair_no_search_own_b384,carbehindtrees,100.0,100.0,69.79949874686717,113,0,0,0,23.20978986578809
write_pair_no_search_own_b384,carcomeonlight,100.0,100.0,84.44130127298445,100,0,0,0,25.768152318824587
write_pair_no_search_own_b384,carcomingfromlight,29.923273657289002,31.9693094629156,28.303495311167946,390,242,2,1,28.697510434238115
write_pair_no_search_own_b384,carcominginlight,94.19354838709677,96.12903225806451,73.82488479262673,154,0,0,0,22.141368198586097
write_pair_no_search_own_b384,carlight2,95.71428571428572,100.0,80.06802721088437,69,0,0,0,25.873888950483142
write_pair_no_search_own_b384,carlightcome2,100.0,100.0,83.87096774193549,92,0,0,0,25.714782149559497
write_pair_no_search_own_b384,caronlight,96.51162790697676,100.0,77.13178294573643,85,0,0,0,23.43575253446323
write_pair_no_search_own_b384,carturn117,100.0,100.0,87.46438746438746,116,0,0,0,22.501783780187427
write_pair_no_search_own_b384,carwillturn,41.78794178794179,41.58004158004158,36.66963666963667,480,236,2,1,23.186389056896296
write_pair_no_search_own_b384,catbrown2,100.0,97.8021978021978,86.55154369440083,90,0,0,0,21.079949066219058
write_pair_no_search_own_b384,catbrownback2bush,70.66269545793,70.66269545793,65.67741020458817,1342,297,1,1,19.225239905615567
write_pair_no_search_own_b384,couple,57.42574257425742,58.415841584158414,44.743045733144726,100,38,1,0,24.89348300930138
write_pair_no_search_own_b384,darkcarturn,100.0,97.61904761904762,91.38321995464852,83,0,0,0,24.66857254646137
write_pair_no_search_own_b384,darkgirl,99.02120717781403,100.0,80.30762060125844,612,0,0,0,27.50783299501084
write_pair_no_search_own_b384,darkouterwhiteboy,52.7369826435247,99.73297730307075,55.16561764892873,748,89,8,8,19.356305575623377
write_pair_no_search_own_b384,darktreesboy,80.31809145129225,85.2882703777336,69.9138502319417,502,30,1,1,25.506749706679088
write_pair_no_search_own_b384,drillmaster1117,45.9265890778872,48.433303491495074,38.999019482457264,1116,576,1,0,31.803761759279492
write_pair_no_search_own_b384,drillmasterfollowingatright,48.77800407331975,50.20366598778004,38.22616623023954,981,481,1,1,26.952546896807828
write_pair_no_search_own_b384,farfatboy,79.13385826771653,92.51968503937007,59.4488188976378,253,30,1,1,31.40166333279993
write_pair_no_search_own_b384,firstexercisebook,26.46551724137931,28.706896551724135,30.34893267651888,1159,585,5,4,27.611508009470732
write_pair_no_search_own_b384,foamatgirl`srighthand,66.83937823834198,78.75647668393782,51.36935603256847,192,27,2,2,27.783485705891316
write_pair_no_search_own_b384,foldedfolderatlefthand,68.58638743455498,68.06282722513089,59.95179921881493,1145,209,9,9,27.200432426635924
write_pair_no_search_own_b384,girl2left3man1,71.52317880794702,100.0,63.41847997477136,150,0,0,0,31.092380244469314
write_pair_no_search_own_b384,girlafterglassdoor,99.91150442477877,95.929203539823,85.67635903919091,1129,0,0,0,32.25827208230107
write_pair_no_search_own_b384,girldownstairfromlight,66.721446179129,88.41413311421529,54.939938177407356,1216,151,3,3,27.61310842936751
write_pair_no_search_own_b384,girlfromlight_quezhen,93.22362052274927,94.86931268151017,82.04950905822156,1032,8,1,1,27.14086566377004
write_pair_no_search_own_b384,girlinrain,99.03846153846155,100.0,83.02808302808302,311,0,0,0,30.961162547395645
write_pair_no_search_own_b384,girllongskirt,68.42105263157895,87.17105263157895,63.377192982456144,303,40,6,6,31.74302836330021
write_pair_no_search_own_b384,girlof2leaders,39.95943204868154,43.6105476673428,36.72848449724717,985,475,10,9,27.359672285035533
write_pair_no_search_own_b384,girlrightthewautress,72.72727272727273,75.32467532467533,57.297464440321576,307,75,2,2,26.537732075598182
write_pair_no_search_own_b384,girlunderthestreetlamp,91.49755073477957,100.0,71.98507114532306,2857,0,0,0,27.62741131463907
write_pair_no_search_own_b384,girl`sblkbag,9.98248686514886,39.229422066549915,12.084063047285465,570,465,1,0,28.43521851042275
write_pair_no_search_own_b384,guardunderthecolumn,77.30496453900709,79.7872340425532,66.16008105369808,281,39,1,1,26.879532584233544
write_pair_no_search_own_b384,hugboy,92.80442804428044,98.8929889298893,79.34457916007732,541,0,0,0,31.270340137115937
write_pair_no_search_own_b384,hyalinepaperfrontface,25.99027102154274,30.484132499420895,27.247758033025576,4316,2456,32,31,33.07921478264359
write_pair_no_search_own_b384,large,83.72881355932203,82.91525423728814,69.79822437449556,1474,177,6,6,26.910531557823525
write_pair_no_search_own_b384,lastleftgirl,6.899641577060931,7.885304659498208,6.53268475849121,1115,1017,2,1,27.27446272477925
write_pair_no_search_own_b384,leftblkTboy,59.64383561643836,61.67123287671233,46.35616438356164,3439,1317,15,14,27.50995724473614
write_pair_no_search_own_b384,leftbottle2hang,23.678276121272866,36.20646454522676,28.961592153774557,3990,1751,36,35,28.819782528062014
write_pair_no_search_own_b384,leftboy2jointhe4,15.755627009646304,23.79421221864952,16.260909508497935,1243,950,3,2,27.062578408831587
write_pair_no_search_own_b384,leftboyoutofthetroop,68.14516129032258,72.04301075268818,56.42601126472094,743,197,1,1,26.945201085598978
write_pair_no_search_own_b384,leftchair,56.99999999999999,48.857142857142854,59.129251700680264,1399,310,4,4,32.23108188593743
write_pair_no_search_own_b384,lefterbike,74.73498233215548,72.08480565371025,57.925290257445724,565,44,3,2,28.315618283436113
write_pair_no_search_own_b384,leftexcersicebookyellow,54.53720508166969,52.54083484573503,51.024112004148314,1101,185,5,5,28.722744612621003
write_pair_no_search_own_b384,leftfarboycomingpicktheball,92.13732004429679,98.56035437430786,69.97837894847862,902,4,1,1,28.602165660433577
write_pair_no_search_own_b384,leftgirl'swhitebag,67.33067729083665,73.70517928286853,57.54126351735914,249,56,2,1,27.526918012720014
write_pair_no_search_own_b384,lefthyalinepaper2rgb,53.1233595800525,55.748031496062985,48.85639295088116,1904,494,18,18,17.922210390031434
write_pair_no_search_own_b384,lefthyalinepaperfrontpants,67.31409544950056,64.59489456159822,59.49209872628296,1801,345,13,13,29.002266305519395
write_pair_no_search_own_b384,leftmirror,77.11548696114954,73.39010111761576,67.95407891735724,1878,313,23,23,17.882589191635358
write_pair_no_search_own_b384,leftmirrorlikesky,71.65562913907286,72.84768211920529,58.83107326815937,2264,306,13,13,16.898724702775777
write_pair_no_search_own_b384,leftmirrorside,39.31870669745958,42.725173210161664,31.60673045199604,1731,955,10,9,17.763338725959887
write_pair_no_search_own_b384,leftopenexersicebook,41.76470588235294,47.647058823529406,48.23529411764705,167,14,1,0,24.180285561459954
write_pair_no_search_own_b384,leftpingpongball,10.606060606060606,13.636363636363635,6.493506493506493,65,57,1,0,19.468120898302953
write_pair_no_search_own_b384,leftrushingboy,85.13513513513513,89.86486486486487,71.4929214929215,147,14,1,1,20.727742680105848
write_pair_no_search_own_b384,leftunderbasket,16.63286004056795,14.908722109533468,19.57886602917029,985,732,3,2,18.466654646909873
write_pair_no_search_own_b384,leftuphand,85.71428571428571,85.6638061585058,71.99826927237326,1980,141,2,2,16.206773725027894
write_pair_no_search_own_b384,littelbabycryingforahug,95.94272076372316,99.76133651551312,76.15638140697807,1675,0,0,0,17.736070299903552
write_pair_no_search_own_b384,lowerfoamboard,87.87878787878788,90.9090909090909,69.55266955266956,31,3,1,1,20.78118121153996
write_pair_no_search_own_b384,mandownstair,96.44160583941606,96.44160583941606,80.29197080291975,1095,16,1,0,18.82717474661533
write_pair_no_search_own_b384,manfromtoilet,98.77450980392157,98.2843137254902,81.90943043884218,407,0,0,0,21.88770730807528
write_pair_no_search_own_b384,mangetsoff,77.95275590551181,79.13385826771653,64.24821897262844,253,40,1,1,23.220872252790446
write_pair_no_search_own_b384,manoncall,83.6852207293666,91.93857965451056,70.87103555433688,520,26,4,4,24.155281095895475
write_pair_no_search_own_b384,mansimiliar,93.77289377289377,97.43589743589743,78.8941217512646,272,12,1,1,23.895243051763554
write_pair_no_search_own_b384,mantostartcar,97.5609756097561,100.0,80.13937282229966,122,0,0,0,22.79692488462532
write_pair_no_search_own_b384,midblkgirl,96.3172804532578,100.0,78.18696883852692,352,0,0,0,23.59015143936828
write_pair_no_search_own_b384,midboyNo_9,71.96197299531552,75.06200055111601,60.56568121875369,7257,1600,17,17,21.438139236312924
write_pair_no_search_own_b384,middrillmaster,68.07228915662651,71.08433734939759,55.19219736087205,663,185,2,1,27.113157243291607
write_pair_no_search_own_b384,midgreyboyrunningcoming,73.80657160570365,77.06137631742097,56.86830218758303,3225,590,13,12,27.827357455232544
write_pair_no_search_own_b384,midof3girls,71.29840546697038,77.44874715261959,61.52511118342553,438,85,1,0,32.1504344761749
write_pair_no_search_own_b384,midredboy,62.607743877411416,65.08414283759748,54.000612421737074,7293,2307,15,15,27.814253389269485
write_pair_no_search_own_b384,midrunboywithwhite,49.547511312217196,54.29864253393665,37.48114630467571,441,202,2,1,27.938832041962133
write_pair_no_search_own_b384,minibus,100.0,100.0,84.43223443223444,77,0,0,0,31.617256972610218
write_pair_no_search_own_b384,minibusgoes2left,72.89719626168224,72.89719626168224,65.86559857587896,213,37,1,0,28.387698247879275
write_pair_no_search_own_b384,moto,100.0,98.4251968503937,78.36520434945632,253,0,0,0,27.758029797932053
write_pair_no_search_own_b384,motocomeonlight,97.61904761904762,100.0,73.92290249433108,83,0,0,0,33.08335533194999
write_pair_no_search_own_b384,motogoesaloongS,99.21259842519686,100.0,79.82752155980505,126,0,0,0,32.62238307535549
write_pair_no_search_own_b384,mototaking2boys306,63.725490196078425,67.64705882352942,55.83566760037348,305,40,2,1,28.666122290669133
write_pair_no_search_own_b384,mototurneast,100.0,100.0,81.49882903981265,121,0,0,0,32.27528828065813
write_pair_no_search_own_b384,motowithbluetop,100.0,100.0,76.44110275689222,94,0,0,0,31.03927570161169
write_pair_no_search_own_b384,pingpingpad3,96.16336633663366,98.14356435643565,80.39250353606788,807,11,2,2,28.197779695814475
write_pair_no_search_own_b384,pinkwithblktopcup,73.62204724409449,79.21259842519684,65.11436070491187,1269,198,7,6,29.076664374948134
write_pair_no_search_own_b384,raincarturn,99.7005988023952,100.0,82.0786997433704,333,0,0,0,32.48319006541959
write_pair_no_search_own_b384,rainycarcome_ab,100.0,100.0,82.55990294206855,156,0,0,0,31.967193586913922
write_pair_no_search_own_b384,redboygoright,86.0,91.33333333333333,72.38095238095238,149,5,1,1,27.403240386632397
write_pair_no_search_own_b384,redcarcominginlight,100.0,96.56488549618321,82.7517266448564,261,0,0,0,28.086624688764118
write_pair_no_search_own_b384,redetricycle,96.15384615384616,75.96153846153845,65.79670329670331,103,0,0,0,27.543729691665774
write_pair_no_search_own_b384,redmidboy,82.62839879154077,93.50453172205438,68.32829808660624,661,11,1,1,27.13539155309607
write_pair_no_search_own_b384,redroadlatboy,62.054794520547944,63.287671232876704,49.62165688193085,729,268,7,6,27.455425229563108
write_pair_no_search_own_b384,redtricycle,81.54761904761905,88.69047619047619,68.48072562358276,167,0,0,0,31.28513101177487
write_pair_no_search_own_b384,right2ndflagformath,31.428571428571427,38.4,27.03945578231292,1749,1078,7,6,27.25233262611008
write_pair_no_search_own_b384,right5thflag,69.36325678496868,77.92275574112735,54.35928024654538,1898,409,8,8,27.133573842169486
write_pair_no_search_own_b384,rightbike-gai,89.66346153846155,98.3173076923077,73.48901098901098,415,0,0,0,27.7954944078754
write_pair_no_search_own_b384,rightbike,43.111111111111114,52.0,37.48148148148149,224,106,2,1,27.315225905627887
write_pair_no_search_own_b384,rightblkboy4386,70.47423620611035,59.6671226630187,62.077389095172954,4385,889,7,7,27.086251047499868
write_pair_no_search_own_b384,rightblkboystand,92.831541218638,90.32258064516128,74.26181942310974,277,0,0,0,26.163210452303623
write_pair_no_search_own_b384,rightblkfatboyleftwhite,99.74093264248705,98.44559585492227,78.213668887244,385,0,0,0,26.910123597795646
write_pair_no_search_own_b384,rightbluewhite,93.76770538243626,99.43342776203966,68.4608120868744,352,0,0,0,31.67193106053856
write_pair_no_search_own_b384,rightbottlecomes,32.42074927953891,44.236311239193085,34.990393852065324,1387,558,25,24,29.513139019065886
write_pair_no_search_own_b384,rightboy504,94.44444444444444,99.0079365079365,74.3764172335601,503,5,1,1,26.993580455549615
write_pair_no_search_own_b384,rightcameraman,58.666666666666664,60.09523809523809,48.50340136054421,1049,424,1,0,27.45232006710636
write_pair_no_search_own_b384,rightcar-chongT,8.73440285204991,12.655971479500892,13.207707325354384,560,444,2,1,27.584830891806366
write_pair_no_search_own_b384,rightcomingstrongboy,44.205298013245034,46.688741721854306,35.588142541784926,603,320,3,2,26.603685201386195
write_pair_no_search_own_b384,rightdarksingleman,63.37157987643425,70.96204766107678,49.82978186861681,1132,339,2,1,27.44871723536972
write_pair_no_search_own_b384,rightgirltakingcup,7.0359281437125745,8.682634730538922,6.679498146564014,667,606,3,2,26.851354113165634
write_pair_no_search_own_b384,rightwaiter1_quezhen,76.62337662337663,62.98701298701299,61.44094001236857,307,46,2,2,26.66830213418781
write_pair_no_search_own_b384,runningcameragirl,37.82383419689119,45.07772020725388,31.40883296323711,385,226,3,2,27.644808258712647
write_pair_no_search_own_b384,shinybikeboy2left,70.07211538461539,75.96153846153845,48.116987179487175,831,159,3,3,28.034259783789846
write_pair_no_search_own_b384,shinycarcoming,76.04456824512535,70.75208913649024,61.480302427377644,358,41,1,0,27.746628971575298
write_pair_no_search_own_b384,shinycarcoming2,72.25913621262458,70.59800664451828,60.7577914886885,601,49,2,1,28.030585745291877
write_pair_no_search_own_b384,silvercarturn,100.0,100.0,90.99739398246862,200,0,0,0,30.997535660551055
write_pair_no_search_own_b384,small-gai,97.73413897280967,96.67673716012085,81.13221119263416,661,8,1,1,26.923361280213417
write_pair_no_search_own_b384,standblkboy,97.9502196193265,98.24304538799414,81.39161960538243,682,0,0,0,27.069652423686648
write_pair_no_search_own_b384,swan_0109,87.65060240963855,100.0,74.21113023522662,663,0,0,0,27.828202429169195
write_pair_no_search_own_b384,truckgonorth,49.34210526315789,57.89473684210527,58.89724310776943,151,2,0,0,31.28346118181115
write_pair_no_search_own_b384,turning1strowleft2ndboy,63.96242527754057,74.29547395388558,55.036395429222075,1170,299,25,24,27.52453862872276
write_pair_no_search_own_b384,umbreboyoncall,97.91666666666666,100.0,84.05257936507937,191,0,0,0,31.1337661883786
write_pair_no_search_own_b384,umbrella,72.10031347962382,85.8934169278997,57.32198835647111,318,59,4,4,31.807496313027443
write_pair_no_search_own_b384,umbrellabyboy,90.94736842105263,98.52631578947368,72.25062656641603,474,4,0,0,31.95169180479988
write_pair_no_search_own_b384,umbrellawillbefold,76.5017667844523,74.38162544169612,65.52246340232205,565,49,2,2,28.006851281023604
write_pair_no_search_own_b384,umbrellawillopen,82.24489795918367,72.0408163265306,69.35860058309038,489,67,1,1,27.83385439970361
write_pair_no_search_own_b384,waitresscoming,97.94117647058823,98.82352941176471,68.0812324929972,679,0,0,0,25.979678266176997
write_pair_no_search_own_b384,whitebikebelow,68.55123674911661,72.96819787985865,52.93622749453137,565,157,1,0,27.449989650514663
write_pair_no_search_own_b384,whiteboyrightcoccergoal,85.96237337192476,87.4095513748191,72.75170560264628,690,84,1,1,27.01719933098206
write_pair_no_search_own_b384,whitecarcomeinrain,100.0,100.0,87.13151927437642,83,0,0,0,31.341358495556353
write_pair_no_search_own_b384,whitecarturn683,78.03806734992679,77.15959004392387,65.85093773966395,682,144,2,2,26.492545322219538
write_pair_no_search_own_b384,whitecarturnleft,100.0,100.0,79.61570593149541,56,0,0,0,31.323902066810764
write_pair_no_search_own_b384,whitecarturnright,95.14563106796116,90.29126213592234,76.8377253814147,102,0,0,0,31.043169733062456
write_pair_no_search_own_b384,whitefardown,73.13432835820896,100.0,67.16417910447761,66,4,1,0,31.038650771946354
write_pair_no_search_own_b384,whitefargirl,73.54838709677419,78.06451612903226,56.46697388632872,154,33,2,1,31.356479572093228
write_pair_no_search_own_b384,whitegirlinlight,93.71816638370119,96.60441426146011,75.59220632225727,588,11,1,1,27.46458752931099
write_pair_no_search_own_b384,whitegirltakingchopsticks,22.22222222222222,25.318761384335154,23.00286234712464,548,369,1,0,26.207352176215043
write_pair_no_search_own_b384,whiteofboys,81.77339901477832,84.72906403940887,66.73703964344358,202,32,4,4,31.66771837656648
write_pair_no_search_own_b384,whiteridingbike,61.1764705882353,75.29411764705883,49.5686274509804,424,105,1,1,27.479226344094894
write_pair_no_search_own_b384,whiterunningboy,92.48554913294798,93.35260115606935,75.1720341315717,345,25,2,2,31.536695890502155
write_pair_no_search_own_b384,whiteskirtgirlcomingfromgoal,62.95843520782396,73.10513447432763,55.40808010245664,817,207,10,9,26.904663047209745
write_pair_no_search_own_b384,whitesuvturn,100.0,100.0,85.95759471671882,136,0,0,0,30.69520735350707
write_pair_no_search_own_b384,womanback2car,94.73684210526315,100.0,80.75187969924814,94,0,0,0,31.500863034170397
write_pair_no_search_own_b384,yellowgirl118,49.152542372881356,72.03389830508475,48.506860371267145,117,28,1,0,31.305416352130905
write_pair_no_search_own_b384,yellowskirt,99.44598337950139,96.95290858725761,80.99195356813085,360,0,0,0,30.45564449066371
