dataset,variant,attribute,sequences,NPR,PR,SR,MPR,MSR
lasher,baseline,NO,33,89.45432785280413,90.58146424309027,74.36701543234288,,
lasher,baseline,PO,215,70.81565945427234,74.668959968953,59.25814273749148,,
lasher,baseline,TO,87,65.18409855551722,69.74442303940226,54.716215203259864,,
lasher,baseline,HO,17,67.88755023733837,68.20004134981271,58.38311860327564,,
lasher,baseline,MB,88,65.56585314264491,70.66689106075015,55.257732742592516,,
lasher,baseline,LI,51,63.48509344907263,66.63735839876614,53.8971362986785,,
lasher,baseline,HI,34,75.52941345911556,79.71960810275718,63.2457293756959,,
lasher,baseline,AIV,7,55.41986428773924,57.65325537429039,50.06759835759801,,
lasher,baseline,LR,68,60.20742054530723,68.58790821455202,50.75983543480134,,
lasher,baseline,DEF,46,76.85991189669522,78.90229447237813,63.67625468947954,,
lasher,baseline,BC,78,71.67343638353826,74.87217190905498,59.04187828214662,,
lasher,baseline,SA,107,63.7716902278914,67.98554411278158,54.086007767585606,,
lasher,baseline,CM,133,71.52114857609452,75.23896528561103,59.74655626903977,,
lasher,baseline,TC,148,65.57930569336769,69.65179977362527,55.10151105832266,,
lasher,baseline,FL,20,61.90589603443025,65.40054668732549,50.78458502810339,,
lasher,baseline,OV,7,76.60396286710935,76.33194392655817,65.13140709967432,,
lasher,baseline,FM,193,71.65213397285916,74.92886792170393,60.04065465822131,,
lasher,baseline,SV,222,72.89096760373542,76.2273398215761,60.83062421851702,,
lasher,baseline,ARC,109,68.21306463047385,71.08228424956955,57.44400161321806,,
lasher,c1,NO,33,87.29671363377743,88.39362116781363,72.54396082195755,,
lasher,c1,PO,215,72.01214334188509,76.11324226106521,60.30295840751604,,
lasher,c1,TO,87,65.85915934388022,70.63441311844586,55.41739845025685,,
lasher,c1,HO,17,71.51446239787747,71.90106716324887,61.38747734153364,,
lasher,c1,MB,88,65.6986550345711,70.93573678846714,55.331165185427466,,
lasher,c1,LI,51,62.828735484107014,65.83075755921125,53.413882301339925,,
lasher,c1,HI,34,75.78882773389407,79.80084892223401,63.28391816609885,,
lasher,c1,AIV,7,54.335993041640705,56.744955869166446,49.468210854055634,,
lasher,c1,LR,68,61.400504682545254,70.12356988022287,51.86527753875985,,
lasher,c1,DEF,46,75.43971402509173,77.59457700529029,62.50383529783807,,
lasher,c1,BC,78,72.74403281819663,75.81612652512497,59.81462648967568,,
lasher,c1,SA,107,66.33794380347601,71.05942897251096,56.34522372789619,,
lasher,c1,CM,133,72.33069345392458,76.25855240377983,60.42337719714459,,
lasher,c1,TC,148,66.75112196741854,71.11908348465707,56.154237121375935,,
lasher,c1,FL,20,67.61089879358633,71.78947087775576,55.35613122655225,,
lasher,c1,OV,7,76.65133251022802,76.45717669741293,65.310956173393,,
lasher,c1,FM,193,72.33026390780856,75.68944527641051,60.60900463686782,,
lasher,c1,SV,222,74.06549633520984,77.57368572845127,61.82202984395114,,
lasher,c1,ARC,109,69.17138369595276,72.31729731911813,58.350586495612944,,
lasher,full_coverage_complete,NO,33,89.78786135004975,90.68680151331392,74.39721296917993,,
lasher,full_coverage_complete,PO,215,70.86808322962048,74.66785920574901,59.17028291875869,,
lasher,full_coverage_complete,TO,87,64.8716659865773,69.0882144809048,54.21928577014894,,
lasher,full_coverage_complete,HO,17,66.61166311879794,66.88054435200682,57.351738399154925,,
lasher,full_coverage_complete,MB,88,64.76779393192889,69.74920612836726,54.30102883629891,,
lasher,full_coverage_complete,LI,51,63.88439251384148,67.01826243946488,53.98326353791191,,
lasher,full_coverage_complete,HI,34,76.72324783702189,81.13206265753412,63.895809437728786,,
lasher,full_coverage_complete,AIV,7,55.723158528701674,57.69492002509092,49.96255561904558,,
lasher,full_coverage_complete,LR,68,58.76113065713623,66.61192050036323,49.47648438271873,,
lasher,full_coverage_complete,DEF,46,78.38641128829163,80.4638662508493,64.81491049870786,,
lasher,full_coverage_complete,BC,78,72.98719247369138,75.90288236217305,59.883751417306016,,
lasher,full_coverage_complete,SA,107,63.07222380242416,67.22697799668997,53.43305617441791,,
lasher,full_coverage_complete,CM,133,71.42750032063034,75.1541215428136,59.455404079342955,,
lasher,full_coverage_complete,TC,148,65.04079041367949,69.04072823897809,54.52952925916191,,
lasher,full_coverage_complete,FL,20,63.36001602851184,66.16874778405817,51.364956219517275,,
lasher,full_coverage_complete,OV,7,81.22828814904908,80.32867437102834,68.80690960839566,,
lasher,full_coverage_complete,FM,193,71.97805560729499,75.01012648054329,60.12642947784601,,
lasher,full_coverage_complete,SV,222,73.24157066024885,76.52235420918821,60.980453891913974,,
lasher,full_coverage_complete,ARC,109,68.87299361564169,71.79645359937615,57.84272476519985,,
rgbt234,baseline,BC,54,,,,88.05338667469307,63.46149069932058
rgbt234,baseline,CM,89,,,,90.52232217351909,69.49363756636157
rgbt234,baseline,DEF,76,,,,89.51278306601968,68.69985400560611
rgbt234,baseline,FM,32,,,,88.72903207603925,64.42903066692853
rgbt234,baseline,HO,96,,,,87.89580349079644,65.25631408107651
rgbt234,baseline,LI,63,,,,94.42758521460973,70.39806580691473
rgbt234,baseline,LR,50,,,,89.57272094148212,65.37864374654222
rgbt234,baseline,MB,55,,,,89.44872248090158,69.04175274849736
rgbt234,baseline,NO,41,,,,97.62363249765403,75.84041919538187
rgbt234,baseline,TC,28,,,,90.79484065421755,67.42157419251059
rgbt234,baseline,PO,96,,,,93.08006880119257,70.2159658469439
rgbt234,baseline,SC,120,,,,93.62394667952604,71.39661783017524
rgbt234,c1,BC,54,,,,87.19860799624131,62.87478410593761
rgbt234,c1,CM,89,,,,90.26443671814789,69.135139393891
rgbt234,c1,DEF,76,,,,90.21647385831395,69.24714026907463
rgbt234,c1,FM,32,,,,87.15006894991232,63.368918247292015
rgbt234,c1,HO,96,,,,89.4074504062384,66.35213657524577
rgbt234,c1,LI,63,,,,93.61746001524025,69.69294663661904
rgbt234,c1,LR,50,,,,87.71132395951878,64.13216123355919
rgbt234,c1,MB,55,,,,89.04668984395471,68.67627060621474
rgbt234,c1,NO,41,,,,96.9695710520281,75.32139628193897
rgbt234,c1,TC,28,,,,89.6617981702189,66.35725317297643
rgbt234,c1,PO,96,,,,91.94075447660197,69.34535391267669
rgbt234,c1,SC,120,,,,93.78360035360562,71.46587049957924
rgbt234,full_coverage_complete,BC,54,,,,84.1570737560828,61.0634386863369
rgbt234,full_coverage_complete,CM,89,,,,89.96649421557248,68.84687745321946
rgbt234,full_coverage_complete,DEF,76,,,,86.94736151683125,66.98142040326438
rgbt234,full_coverage_complete,FM,32,,,,81.5655503270479,61.324799753906866
rgbt234,full_coverage_complete,HO,96,,,,86.39539531971762,64.49547143929472
rgbt234,full_coverage_complete,LI,63,,,,93.83712082758174,69.95231889429037
rgbt234,full_coverage_complete,LR,50,,,,85.52321943587594,63.32456174779423
rgbt234,full_coverage_complete,MB,55,,,,92.29930941967662,70.61943732468842
rgbt234,full_coverage_complete,NO,41,,,,94.96211913179707,74.46884750300178
rgbt234,full_coverage_complete,TC,28,,,,91.78860552312102,68.79672132356389
rgbt234,full_coverage_complete,PO,96,,,,91.4359659562623,69.11474264247846
rgbt234,full_coverage_complete,SC,120,,,,90.82850040509072,69.88064791906334
