budget_candidate_recalled_frames,c1_same_state_correct_frames,c1_same_state_failed_frames,candidate_evaluations,candidate_quality_squared_error_sum,changed_candidate_indices,correct_query_writes_prevented,extra_visual_forwards,failed_frames,failure_events,frames,known_active_template_frames,known_candidate_evaluations,known_paused_query_writes,known_template_updates,local_candidate_recalled_frames,local_missing_frames,mean_valid_iou,memory_rgb_target_read_known_mass,memory_rgb_target_read_wrong_mass,memory_rgb_target_write_known_mass,memory_rgb_target_write_wrong_mass,memory_tir_target_read_known_mass,memory_tir_target_read_wrong_mass,memory_tir_target_write_known_mass,memory_tir_target_write_wrong_mass,missing_correct_candidates_reintroduced,paused_query_writes,recovered_events,reintroduced_candidates_selected_correctly,requested_extra_area_sum_pixels_squared,requested_extra_searches,same_state_harms,same_state_iou_degradations,same_state_iou_improvements,same_state_rescues,searches_without_new_correct_candidate,selected_failed_frames,sequence,template_updates,tracking_frames,valid_changed_candidate_indices,valid_frames,valid_tracking_frames,variant,wrong_active_template_frames_localization_proxy,wrong_query_writes_prevented_localization_proxy,wrong_template_updates_localization_proxy
,,,,,,,,0,0,333,,,,,,,0.7931903014780743,,,,,,,,,,,0,,,,,,,,,,10rightblackboy,,,,332,,baseline,,,
,,,,,,,,0,0,224,,,,,,,0.8600760023328342,,,,,,,,,,,0,,,,,,,,,,1boygo,,,,223,,baseline,,,
,,,,,,,,0,0,138,,,,,,,0.7036440453402357,,,,,,,,,,,0,,,,,,,,,,2girlgoleft,,,,137,,baseline,,,
,,,,,,,,0,0,122,,,,,,,0.8340247564828952,,,,,,,,,,,0,,,,,,,,,,2outdark,,,,121,,baseline,,,
,,,,,,,,0,0,135,,,,,,,0.8680172148835827,,,,,,,,,,,0,,,,,,,,,,2rdtribike,,,,134,,baseline,,,
,,,,,,,,324,3,449,,,,,,,0.1704300241589245,,,,,,,,,,,2,,,,,,,,,,3whitemen,,,,448,,baseline,,,
,,,,,,,,0,0,192,,,,,,,0.8313198371197112,,,,,,,,,,,0,,,,,,,,,,4one,,,,191,,baseline,,,
,,,,,,,,0,0,184,,,,,,,0.8385853546538425,,,,,,,,,,,0,,,,,,,,,,4two,,,,183,,baseline,,,
,,,,,,,,3,1,124,,,,,,,0.7508329389075038,,,,,,,,,,,1,,,,,,,,,,9whitegirl,,,,123,,baseline,,,
,,,,,,,,182,7,986,,,,,,,0.6124236637312366,,,,,,,,,,,7,,,,,,,,,,Aboydownbike,,,,985,,baseline,,,
,,,,,,,,437,44,8406,,,,,,,0.7000781346289379,,,,,,,,,,,44,,,,,,,,,,ab_bolster,,,,8393,,baseline,,,
,,,,,,,,5,1,172,,,,,,,0.8085636034244239,,,,,,,,,,,1,,,,,,,,,,ab_motocometurn,,,,168,,baseline,,,
,,,,,,,,3,1,65,,,,,,,0.7366534561973914,,,,,,,,,,,1,,,,,,,,,,ab_mototurn,,,,64,,baseline,,,
,,,,,,,,2232,52,6981,,,,,,,0.49071797375650994,,,,,,,,,,,52,,,,,,,,,,ab_rightcupcoming_infwhite_quezhen,,,,6980,,baseline,,,
,,,,,,,,0,0,227,,,,,,,0.8147495766241794,,,,,,,,,,,0,,,,,,,,,,abeauty_1202,,,,226,,baseline,,,
,,,,,,,,0,0,159,,,,,,,0.918821354944955,,,,,,,,,,,0,,,,,,,,,,aboy_1202,,,,158,,baseline,,,
,,,,,,,,0,0,273,,,,,,,0.9099240404249361,,,,,,,,,,,0,,,,,,,,,,agirl_1202,,,,272,,baseline,,,
,,,,,,,,0,0,883,,,,,,,0.8669657949462239,,,,,,,,,,,0,,,,,,,,,,ajiandan_blkdog,,,,882,,baseline,,,
,,,,,,,,50,2,175,,,,,,,0.5537423726321282,,,,,,,,,,,1,,,,,,,,,,basketball,,,,174,,baseline,,,
,,,,,,,,23,2,110,,,,,,,0.48934110160420835,,,,,,,,,,,1,,,,,,,,,,basketballshooting,,,,109,,baseline,,,
,,,,,,,,0,0,150,,,,,,,0.8500433985975272,,,,,,,,,,,0,,,,,,,,,,bike150,,,,149,,baseline,,,
,,,,,,,,9,1,314,,,,,,,0.6516755912348475,,,,,,,,,,,1,,,,,,,,,,bikecoming,,,,313,,baseline,,,
,,,,,,,,2,0,256,,,,,,,0.7245245824745925,,,,,,,,,,,0,,,,,,,,,,blackboy256,,,,255,,baseline,,,
,,,,,,,,3,0,316,,,,,,,0.7580513601890777,,,,,,,,,,,0,,,,,,,,,,blackman_0115,,,,315,,baseline,,,
,,,,,,,,0,0,112,,,,,,,0.8570360375886568,,,,,,,,,,,0,,,,,,,,,,blkbikecomes,,,,111,,baseline,,,
,,,,,,,,0,0,329,,,,,,,0.8836935746415805,,,,,,,,,,,0,,,,,,,,,,blkboy,,,,328,,baseline,,,
,,,,,,,,0,0,181,,,,,,,0.892418396251467,,,,,,,,,,,0,,,,,,,,,,blkboywithbluebag,,,,180,,baseline,,,
,,,,,,,,3,0,451,,,,,,,0.7811984311977587,,,,,,,,,,,0,,,,,,,,,,blkboywithumbrella,,,,450,,baseline,,,
,,,,,,,,0,0,392,,,,,,,0.8815931292254288,,,,,,,,,,,0,,,,,,,,,,blkcarfollowingwhite,,,,391,,baseline,,,
,,,,,,,,0,0,228,,,,,,,0.8523028141446048,,,,,,,,,,,0,,,,,,,,,,blueboybike,,,,227,,baseline,,,
,,,,,,,,0,0,459,,,,,,,0.90118191708849,,,,,,,,,,,0,,,,,,,,,,bluelittletruck,,,,458,,baseline,,,
,,,,,,,,58,3,247,,,,,,,0.5586772010083618,,,,,,,,,,,3,,,,,,,,,,boybackpack,,,,246,,baseline,,,
,,,,,,,,190,3,318,,,,,,,0.3041346334834547,,,,,,,,,,,2,,,,,,,,,,boybesidescarwithouthat,,,,317,,baseline,,,
,,,,,,,,48,1,282,,,,,,,0.5797926420962517,,,,,,,,,,,0,,,,,,,,,,boyfollowing,,,,281,,baseline,,,
,,,,,,,,0,0,757,,,,,,,0.8985838489051734,,,,,,,,,,,0,,,,,,,,,,boyinsnowfield4,,,,756,,baseline,,,
,,,,,,,,0,0,382,,,,,,,0.8501756148257572,,,,,,,,,,,0,,,,,,,,,,boyleave,,,,381,,baseline,,,
,,,,,,,,0,0,83,,,,,,,0.7371686816208017,,,,,,,,,,,0,,,,,,,,,,boyouttrees,,,,82,,baseline,,,
,,,,,,,,2,0,386,,,,,,,0.8182537991794323,,,,,,,,,,,0,,,,,,,,,,boyrightrubbish,,,,385,,baseline,,,
,,,,,,,,3,0,161,,,,,,,0.779893603002138,,,,,,,,,,,0,,,,,,,,,,boysback,,,,159,,baseline,,,
,,,,,,,,0,0,88,,,,,,,0.851372253059251,,,,,,,,,,,0,,,,,,,,,,boysitbike,,,,87,,baseline,,,
,,,,,,,,14,1,441,,,,,,,0.6619545594251783,,,,,,,,,,,1,,,,,,,,,,boysumbrella,,,,440,,baseline,,,
,,,,,,,,517,4,809,,,,,,,0.2600257533339453,,,,,,,,,,,3,,,,,,,,,,boytakepath,,,,808,,baseline,,,
,,,,,,,,0,0,392,,,,,,,0.8300640130157807,,,,,,,,,,,0,,,,,,,,,,browncarturn,,,,391,,baseline,,,
,,,,,,,,0,0,141,,,,,,,0.8963679419612027,,,,,,,,,,,0,,,,,,,,,,carcomeonlight2,,,,140,,baseline,,,
,,,,,,,,0,0,158,,,,,,,0.8069549458423841,,,,,,,,,,,0,,,,,,,,,,comebike,,,,157,,baseline,,,
,,,,,,,,219,12,930,,,,,,,0.6117165757029325,,,,,,,,,,,12,,,,,,,,,,dotat43,,,,929,,baseline,,,
,,,,,,,,0,0,53,,,,,,,0.8691859459054541,,,,,,,,,,,0,,,,,,,,,,downmoto,,,,52,,baseline,,,
,,,,,,,,0,0,195,,,,,,,0.8399379213944277,,,,,,,,,,,0,,,,,,,,,,easy_4women,,,,193,,baseline,,,
,,,,,,,,0,0,266,,,,,,,0.8579091003792199,,,,,,,,,,,0,,,,,,,,,,elector_0115,,,,265,,baseline,,,
,,,,,,,,136,7,1161,,,,,,,0.5947528664766424,,,,,,,,,,,7,,,,,,,,,,exercisebook,,,,1160,,baseline,,,
,,,,,,,,1,0,151,,,,,,,0.8283659413233674,,,,,,,,,,,0,,,,,,,,,,folddenumbrellainhand,,,,150,,baseline,,,
,,,,,,,,0,0,109,,,,,,,0.8323307466873144,,,,,,,,,,,0,,,,,,,,,,girlbike,,,,108,,baseline,,,
,,,,,,,,313,1,388,,,,,,,0.15711250388597076,,,,,,,,,,,0,,,,,,,,,,girlblack,,,,387,,baseline,,,
,,,,,,,,1,0,67,,,,,,,0.6662605242462556,,,,,,,,,,,0,,,,,,,,,,girlintrees,,,,66,,baseline,,,
,,,,,,,,5,1,307,,,,,,,0.761182552496252,,,,,,,,,,,1,,,,,,,,,,girlwithredhat,,,,306,,baseline,,,
,,,,,,,,34,1,244,,,,,,,0.6798228573132813,,,,,,,,,,,1,,,,,,,,,,guardatbike_ab,,,,216,,baseline,,,
,,,,,,,,43,1,116,,,,,,,0.5244730638695937,,,,,,,,,,,0,,,,,,,,,,guardman,,,,115,,baseline,,,
,,,,,,,,497,12,1611,,,,,,,0.5319933295858312,,,,,,,,,,,12,,,,,,,,,,leftbasketball,,,,1610,,baseline,,,
,,,,,,,,4,1,405,,,,,,,0.8303861591370033,,,,,,,,,,,1,,,,,,,,,,leftof2girls,,,,404,,baseline,,,
,,,,,,,,45,1,286,,,,,,,0.6148456079862351,,,,,,,,,,,0,,,,,,,,,,lonelyman,,,,285,,baseline,,,
,,,,,,,,0,0,151,,,,,,,0.7402850068231571,,,,,,,,,,,0,,,,,,,,,,man,,,,150,,baseline,,,
,,,,,,,,32,3,505,,,,,,,0.6427755210637041,,,,,,,,,,,3,,,,,,,,,,man2startmoto,,,,504,,baseline,,,
,,,,,,,,15,1,100,,,,,,,0.5627969332636011,,,,,,,,,,,1,,,,,,,,,,manafetrtrees,,,,99,,baseline,,,
,,,,,,,,0,0,204,,,,,,,0.7694537547191134,,,,,,,,,,,0,,,,,,,,,,meituanbike,,,,203,,baseline,,,
,,,,,,,,1,0,309,,,,,,,0.714041408570391,,,,,,,,,,,0,,,,,,,,,,moto2north2,,,,308,,baseline,,,
,,,,,,,,0,0,78,,,,,,,0.9107133650701199,,,,,,,,,,,0,,,,,,,,,,moto78,,,,77,,baseline,,,
,,,,,,,,0,0,139,,,,,,,0.727195102902722,,,,,,,,,,,0,,,,,,,,,,motobesidescar,,,,138,,baseline,,,
,,,,,,,,0,0,117,,,,,,,0.7713575990916413,,,,,,,,,,,0,,,,,,,,,,motocome,,,,116,,baseline,,,
,,,,,,,,0,0,91,,,,,,,0.8547807163996908,,,,,,,,,,,0,,,,,,,,,,motocomenight,,,,90,,baseline,,,
,,,,,,,,0,0,89,,,,,,,0.8838905273593011,,,,,,,,,,,0,,,,,,,,,,motowithgood,,,,88,,baseline,,,
,,,,,,,,0,0,110,,,,,,,0.8184952418798863,,,,,,,,,,,0,,,,,,,,,,nightmototurn,,,,109,,baseline,,,
,,,,,,,,2,0,603,,,,,,,0.6855403165235807,,,,,,,,,,,0,,,,,,,,,,openthisexersicebook,,,,602,,baseline,,,
,,,,,,,,397,13,2110,,,,,,,0.5611729180526404,,,,,,,,,,,13,,,,,,,,,,outer2leftmirrorback,,,,2109,,baseline,,,
,,,,,,,,0,0,256,,,,,,,0.8959305855441501,,,,,,,,,,,0,,,,,,,,,,redshirtman,,,,255,,baseline,,,
,,,,,,,,554,6,840,,,,,,,0.27516170913362203,,,,,,,,,,,6,,,,,,,,,,rightbiggreenboy,,,,839,,baseline,,,
,,,,,,,,117,1,360,,,,,,,0.5269436154770742,,,,,,,,,,,0,,,,,,,,,,rightboy`shead,,,,359,,baseline,,,
,,,,,,,,101,3,1096,,,,,,,0.7628334848905216,,,,,,,,,,,2,,,,,,,,,,rightholdball1096,,,,1052,,baseline,,,
,,,,,,,,0,0,506,,,,,,,0.8871143184582034,,,,,,,,,,,0,,,,,,,,,,rightredboy,,,,505,,baseline,,,
,,,,,,,,38,2,948,,,,,,,0.7617957336400633,,,,,,,,,,,2,,,,,,,,,,rightshiningmirror,,,,947,,baseline,,,
,,,,,,,,154,1,1602,,,,,,,0.7775514770046991,,,,,,,,,,,1,,,,,,,,,,righttallnine-gai,,,,1601,,baseline,,,
,,,,,,,,0,0,273,,,,,,,0.8389378705851547,,,,,,,,,,,0,,,,,,,,,,rightwhite_1227,,,,272,,baseline,,,
,,,,,,,,5,1,412,,,,,,,0.8413032888699795,,,,,,,,,,,1,,,,,,,,,,stripeman,,,,411,,baseline,,,
,,,,,,,,19,1,260,,,,,,,0.7004846375648066,,,,,,,,,,,1,,,,,,,,,,stubesideswhitecar,,,,259,,baseline,,,
,,,,,,,,28,2,443,,,,,,,0.7210824911469511,,,,,,,,,,,1,,,,,,,,,,suitcase,,,,442,,baseline,,,
,,,,,,,,0,0,117,,,,,,,0.8363580309761753,,,,,,,,,,,0,,,,,,,,,,take-out-motocoming,,,,116,,baseline,,,
,,,,,,,,0,0,307,,,,,,,0.8424263542488526,,,,,,,,,,,0,,,,,,,,,,tallboyblack,,,,306,,baseline,,,
,,,,,,,,1,0,150,,,,,,,0.8311820627832671,,,,,,,,,,,0,,,,,,,,,,turnblkbike,,,,149,,baseline,,,
,,,,,,,,0,0,193,,,,,,,0.8352130423723535,,,,,,,,,,,0,,,,,,,,,,unbrellainbike,,,,192,,baseline,,,
,,,,,,,,7,1,251,,,,,,,0.7320904238751286,,,,,,,,,,,1,,,,,,,,,,waiterontheothersideofwindow,,,,250,,baseline,,,
,,,,,,,,170,1,1117,,,,,,,0.6958519685323401,,,,,,,,,,,1,,,,,,,,,,whiteaftertrees,,,,1116,,baseline,,,
,,,,,,,,1,0,169,,,,,,,0.8217108404463891,,,,,,,,,,,0,,,,,,,,,,whiteatright,,,,168,,baseline,,,
,,,,,,,,0,0,102,,,,,,,0.7898482653691828,,,,,,,,,,,0,,,,,,,,,,whiteblcakwoman,,,,101,,baseline,,,
,,,,,,,,0,0,85,,,,,,,0.9154633034443235,,,,,,,,,,,0,,,,,,,,,,whitecarafterbike,,,,84,,baseline,,,
,,,,,,,,0,0,113,,,,,,,0.915594837694539,,,,,,,,,,,0,,,,,,,,,,whitecarcome,,,,112,,baseline,,,
,,,,,,,,0,0,150,,,,,,,0.9253347939048521,,,,,,,,,,,0,,,,,,,,,,whitecarcoming,,,,149,,baseline,,,
,,,,,,,,0,0,348,,,,,,,0.8910893902382916,,,,,,,,,,,0,,,,,,,,,,whitemancome,,,,347,,baseline,,,
,,,,,,,,0,0,111,,,,,,,0.8393328306801819,,,,,,,,,,,0,,,,,,,,,,womanongrass,,,,110,,baseline,,,
,,,,,,,,0,0,143,,,,,,,0.7186439464810761,,,,,,,,,,,0,,,,,,,,,,yellowexcesicebook,,,,142,,baseline,,,
,,,,,,,,0,0,333,,,,,,,0.7931903014780743,,,,,,,,,,,0,,,,,,,,,,10rightblackboy,,,,332,,c1,,,
,,,,,,,,0,0,224,,,,,,,0.8600760023328342,,,,,,,,,,,0,,,,,,,,,,1boygo,,,,223,,c1,,,
,,,,,,,,0,0,138,,,,,,,0.7036440453402357,,,,,,,,,,,0,,,,,,,,,,2girlgoleft,,,,137,,c1,,,
,,,,,,,,0,0,122,,,,,,,0.8340247564828952,,,,,,,,,,,0,,,,,,,,,,2outdark,,,,121,,c1,,,
,,,,,,,,0,0,135,,,,,,,0.8680172148835827,,,,,,,,,,,0,,,,,,,,,,2rdtribike,,,,134,,c1,,,
,,,,,,,,268,4,449,,,,,,,0.23692596314761766,,,,,,,,,,,3,,,,,,,,,,3whitemen,,,,448,,c1,,,
,,,,,,,,0,0,192,,,,,,,0.8313198371197112,,,,,,,,,,,0,,,,,,,,,,4one,,,,191,,c1,,,
,,,,,,,,0,0,184,,,,,,,0.8385853546538425,,,,,,,,,,,0,,,,,,,,,,4two,,,,183,,c1,,,
,,,,,,,,14,1,124,,,,,,,0.6916599414803972,,,,,,,,,,,1,,,,,,,,,,9whitegirl,,,,123,,c1,,,
,,,,,,,,233,3,986,,,,,,,0.5725224852168562,,,,,,,,,,,3,,,,,,,,,,Aboydownbike,,,,985,,c1,,,
,,,,,,,,463,43,8406,,,,,,,0.6971303692932491,,,,,,,,,,,43,,,,,,,,,,ab_bolster,,,,8393,,c1,,,
,,,,,,,,5,1,172,,,,,,,0.8085636034244239,,,,,,,,,,,1,,,,,,,,,,ab_motocometurn,,,,168,,c1,,,
,,,,,,,,3,1,65,,,,,,,0.7366534561973914,,,,,,,,,,,1,,,,,,,,,,ab_mototurn,,,,64,,c1,,,
,,,,,,,,2653,48,6981,,,,,,,0.4400105086293857,,,,,,,,,,,48,,,,,,,,,,ab_rightcupcoming_infwhite_quezhen,,,,6980,,c1,,,
,,,,,,,,0,0,227,,,,,,,0.8147495766241794,,,,,,,,,,,0,,,,,,,,,,abeauty_1202,,,,226,,c1,,,
,,,,,,,,0,0,159,,,,,,,0.918821354944955,,,,,,,,,,,0,,,,,,,,,,aboy_1202,,,,158,,c1,,,
,,,,,,,,0,0,273,,,,,,,0.9099240404249361,,,,,,,,,,,0,,,,,,,,,,agirl_1202,,,,272,,c1,,,
,,,,,,,,0,0,883,,,,,,,0.8669657949462239,,,,,,,,,,,0,,,,,,,,,,ajiandan_blkdog,,,,882,,c1,,,
,,,,,,,,53,2,175,,,,,,,0.5437448819324822,,,,,,,,,,,1,,,,,,,,,,basketball,,,,174,,c1,,,
,,,,,,,,23,2,110,,,,,,,0.48934110160420835,,,,,,,,,,,1,,,,,,,,,,basketballshooting,,,,109,,c1,,,
,,,,,,,,0,0,150,,,,,,,0.8500433985975272,,,,,,,,,,,0,,,,,,,,,,bike150,,,,149,,c1,,,
,,,,,,,,9,1,314,,,,,,,0.6516755912348475,,,,,,,,,,,1,,,,,,,,,,bikecoming,,,,313,,c1,,,
,,,,,,,,2,0,256,,,,,,,0.7245245824745925,,,,,,,,,,,0,,,,,,,,,,blackboy256,,,,255,,c1,,,
,,,,,,,,3,0,316,,,,,,,0.7580513601890777,,,,,,,,,,,0,,,,,,,,,,blackman_0115,,,,315,,c1,,,
,,,,,,,,0,0,112,,,,,,,0.8570360375886568,,,,,,,,,,,0,,,,,,,,,,blkbikecomes,,,,111,,c1,,,
,,,,,,,,0,0,329,,,,,,,0.8836935746415805,,,,,,,,,,,0,,,,,,,,,,blkboy,,,,328,,c1,,,
,,,,,,,,0,0,181,,,,,,,0.892418396251467,,,,,,,,,,,0,,,,,,,,,,blkboywithbluebag,,,,180,,c1,,,
,,,,,,,,3,0,451,,,,,,,0.7811984311977587,,,,,,,,,,,0,,,,,,,,,,blkboywithumbrella,,,,450,,c1,,,
,,,,,,,,0,0,392,,,,,,,0.8815931292254288,,,,,,,,,,,0,,,,,,,,,,blkcarfollowingwhite,,,,391,,c1,,,
,,,,,,,,0,0,228,,,,,,,0.8523028141446048,,,,,,,,,,,0,,,,,,,,,,blueboybike,,,,227,,c1,,,
,,,,,,,,0,0,459,,,,,,,0.90118191708849,,,,,,,,,,,0,,,,,,,,,,bluelittletruck,,,,458,,c1,,,
,,,,,,,,60,3,247,,,,,,,0.5514867218725112,,,,,,,,,,,3,,,,,,,,,,boybackpack,,,,246,,c1,,,
,,,,,,,,186,4,318,,,,,,,0.3101155465361079,,,,,,,,,,,3,,,,,,,,,,boybesidescarwithouthat,,,,317,,c1,,,
,,,,,,,,48,1,282,,,,,,,0.5798100316409535,,,,,,,,,,,0,,,,,,,,,,boyfollowing,,,,281,,c1,,,
,,,,,,,,0,0,757,,,,,,,0.8985838489051734,,,,,,,,,,,0,,,,,,,,,,boyinsnowfield4,,,,756,,c1,,,
,,,,,,,,0,0,382,,,,,,,0.8501756148257572,,,,,,,,,,,0,,,,,,,,,,boyleave,,,,381,,c1,,,
,,,,,,,,0,0,83,,,,,,,0.7371686816208017,,,,,,,,,,,0,,,,,,,,,,boyouttrees,,,,82,,c1,,,
,,,,,,,,2,0,386,,,,,,,0.8182537991794323,,,,,,,,,,,0,,,,,,,,,,boyrightrubbish,,,,385,,c1,,,
,,,,,,,,3,0,161,,,,,,,0.779893603002138,,,,,,,,,,,0,,,,,,,,,,boysback,,,,159,,c1,,,
,,,,,,,,0,0,88,,,,,,,0.851372253059251,,,,,,,,,,,0,,,,,,,,,,boysitbike,,,,87,,c1,,,
,,,,,,,,14,1,441,,,,,,,0.6619545594251783,,,,,,,,,,,1,,,,,,,,,,boysumbrella,,,,440,,c1,,,
,,,,,,,,521,4,809,,,,,,,0.2577062482943936,,,,,,,,,,,3,,,,,,,,,,boytakepath,,,,808,,c1,,,
,,,,,,,,0,0,392,,,,,,,0.8300640130157807,,,,,,,,,,,0,,,,,,,,,,browncarturn,,,,391,,c1,,,
,,,,,,,,0,0,141,,,,,,,0.8963679419612027,,,,,,,,,,,0,,,,,,,,,,carcomeonlight2,,,,140,,c1,,,
,,,,,,,,0,0,158,,,,,,,0.8069549458423841,,,,,,,,,,,0,,,,,,,,,,comebike,,,,157,,c1,,,
,,,,,,,,407,10,930,,,,,,,0.44972726101863886,,,,,,,,,,,10,,,,,,,,,,dotat43,,,,929,,c1,,,
,,,,,,,,0,0,53,,,,,,,0.8691859459054541,,,,,,,,,,,0,,,,,,,,,,downmoto,,,,52,,c1,,,
,,,,,,,,0,0,195,,,,,,,0.8399379213944277,,,,,,,,,,,0,,,,,,,,,,easy_4women,,,,193,,c1,,,
,,,,,,,,0,0,266,,,,,,,0.8579091003792199,,,,,,,,,,,0,,,,,,,,,,elector_0115,,,,265,,c1,,,
,,,,,,,,140,7,1161,,,,,,,0.5756447757167313,,,,,,,,,,,7,,,,,,,,,,exercisebook,,,,1160,,c1,,,
,,,,,,,,1,0,151,,,,,,,0.8283659413233674,,,,,,,,,,,0,,,,,,,,,,folddenumbrellainhand,,,,150,,c1,,,
,,,,,,,,0,0,109,,,,,,,0.8323307466873144,,,,,,,,,,,0,,,,,,,,,,girlbike,,,,108,,c1,,,
,,,,,,,,313,1,388,,,,,,,0.15711250388597076,,,,,,,,,,,0,,,,,,,,,,girlblack,,,,387,,c1,,,
,,,,,,,,1,0,67,,,,,,,0.6662605242462556,,,,,,,,,,,0,,,,,,,,,,girlintrees,,,,66,,c1,,,
,,,,,,,,5,1,307,,,,,,,0.761182552496252,,,,,,,,,,,1,,,,,,,,,,girlwithredhat,,,,306,,c1,,,
,,,,,,,,0,0,244,,,,,,,0.8140227608165309,,,,,,,,,,,0,,,,,,,,,,guardatbike_ab,,,,216,,c1,,,
,,,,,,,,44,1,116,,,,,,,0.5151987766942705,,,,,,,,,,,0,,,,,,,,,,guardman,,,,115,,c1,,,
,,,,,,,,1068,7,1611,,,,,,,0.25925123244530723,,,,,,,,,,,6,,,,,,,,,,leftbasketball,,,,1610,,c1,,,
,,,,,,,,0,0,405,,,,,,,0.8384123397586694,,,,,,,,,,,0,,,,,,,,,,leftof2girls,,,,404,,c1,,,
,,,,,,,,44,1,286,,,,,,,0.6180453269120584,,,,,,,,,,,0,,,,,,,,,,lonelyman,,,,285,,c1,,,
,,,,,,,,0,0,151,,,,,,,0.7402850068231571,,,,,,,,,,,0,,,,,,,,,,man,,,,150,,c1,,,
,,,,,,,,32,3,505,,,,,,,0.6427755210637041,,,,,,,,,,,3,,,,,,,,,,man2startmoto,,,,504,,c1,,,
,,,,,,,,21,1,100,,,,,,,0.5344976484999193,,,,,,,,,,,1,,,,,,,,,,manafetrtrees,,,,99,,c1,,,
,,,,,,,,0,0,204,,,,,,,0.7694537547191134,,,,,,,,,,,0,,,,,,,,,,meituanbike,,,,203,,c1,,,
,,,,,,,,1,0,309,,,,,,,0.7149331935232756,,,,,,,,,,,0,,,,,,,,,,moto2north2,,,,308,,c1,,,
,,,,,,,,0,0,78,,,,,,,0.9107133650701199,,,,,,,,,,,0,,,,,,,,,,moto78,,,,77,,c1,,,
,,,,,,,,0,0,139,,,,,,,0.727195102902722,,,,,,,,,,,0,,,,,,,,,,motobesidescar,,,,138,,c1,,,
,,,,,,,,0,0,117,,,,,,,0.7713575990916413,,,,,,,,,,,0,,,,,,,,,,motocome,,,,116,,c1,,,
,,,,,,,,0,0,91,,,,,,,0.8547807163996908,,,,,,,,,,,0,,,,,,,,,,motocomenight,,,,90,,c1,,,
,,,,,,,,0,0,89,,,,,,,0.8838905273593011,,,,,,,,,,,0,,,,,,,,,,motowithgood,,,,88,,c1,,,
,,,,,,,,0,0,110,,,,,,,0.8184952418798863,,,,,,,,,,,0,,,,,,,,,,nightmototurn,,,,109,,c1,,,
,,,,,,,,2,0,603,,,,,,,0.6847177373492112,,,,,,,,,,,0,,,,,,,,,,openthisexersicebook,,,,602,,c1,,,
,,,,,,,,382,11,2110,,,,,,,0.5688503194560715,,,,,,,,,,,11,,,,,,,,,,outer2leftmirrorback,,,,2109,,c1,,,
,,,,,,,,0,0,256,,,,,,,0.8959305855441501,,,,,,,,,,,0,,,,,,,,,,redshirtman,,,,255,,c1,,,
,,,,,,,,560,4,840,,,,,,,0.26528831819726906,,,,,,,,,,,4,,,,,,,,,,rightbiggreenboy,,,,839,,c1,,,
,,,,,,,,32,1,360,,,,,,,0.6844477037153323,,,,,,,,,,,0,,,,,,,,,,rightboy`shead,,,,359,,c1,,,
,,,,,,,,0,0,1096,,,,,,,0.8448266415234917,,,,,,,,,,,0,,,,,,,,,,rightholdball1096,,,,1052,,c1,,,
,,,,,,,,0,0,506,,,,,,,0.8871143184582034,,,,,,,,,,,0,,,,,,,,,,rightredboy,,,,505,,c1,,,
,,,,,,,,67,1,948,,,,,,,0.7399074789010622,,,,,,,,,,,1,,,,,,,,,,rightshiningmirror,,,,947,,c1,,,
,,,,,,,,155,1,1602,,,,,,,0.7769705074524773,,,,,,,,,,,1,,,,,,,,,,righttallnine-gai,,,,1601,,c1,,,
,,,,,,,,0,0,273,,,,,,,0.8389378705851547,,,,,,,,,,,0,,,,,,,,,,rightwhite_1227,,,,272,,c1,,,
,,,,,,,,7,2,412,,,,,,,0.8379406136259182,,,,,,,,,,,2,,,,,,,,,,stripeman,,,,411,,c1,,,
,,,,,,,,26,2,260,,,,,,,0.6786133980960065,,,,,,,,,,,2,,,,,,,,,,stubesideswhitecar,,,,259,,c1,,,
,,,,,,,,98,1,443,,,,,,,0.6009872340139994,,,,,,,,,,,1,,,,,,,,,,suitcase,,,,442,,c1,,,
,,,,,,,,0,0,117,,,,,,,0.8363580309761753,,,,,,,,,,,0,,,,,,,,,,take-out-motocoming,,,,116,,c1,,,
,,,,,,,,0,0,307,,,,,,,0.8424263542488526,,,,,,,,,,,0,,,,,,,,,,tallboyblack,,,,306,,c1,,,
,,,,,,,,1,0,150,,,,,,,0.8311820627832671,,,,,,,,,,,0,,,,,,,,,,turnblkbike,,,,149,,c1,,,
,,,,,,,,0,0,193,,,,,,,0.8352130423723535,,,,,,,,,,,0,,,,,,,,,,unbrellainbike,,,,192,,c1,,,
,,,,,,,,7,1,251,,,,,,,0.7320904238751286,,,,,,,,,,,1,,,,,,,,,,waiterontheothersideofwindow,,,,250,,c1,,,
,,,,,,,,170,1,1117,,,,,,,0.6958519685323401,,,,,,,,,,,1,,,,,,,,,,whiteaftertrees,,,,1116,,c1,,,
,,,,,,,,1,0,169,,,,,,,0.8217108404463891,,,,,,,,,,,0,,,,,,,,,,whiteatright,,,,168,,c1,,,
,,,,,,,,0,0,102,,,,,,,0.7898482653691828,,,,,,,,,,,0,,,,,,,,,,whiteblcakwoman,,,,101,,c1,,,
,,,,,,,,0,0,85,,,,,,,0.9154633034443235,,,,,,,,,,,0,,,,,,,,,,whitecarafterbike,,,,84,,c1,,,
,,,,,,,,0,0,113,,,,,,,0.915594837694539,,,,,,,,,,,0,,,,,,,,,,whitecarcome,,,,112,,c1,,,
,,,,,,,,0,0,150,,,,,,,0.9253347939048521,,,,,,,,,,,0,,,,,,,,,,whitecarcoming,,,,149,,c1,,,
,,,,,,,,0,0,348,,,,,,,0.8910893902382916,,,,,,,,,,,0,,,,,,,,,,whitemancome,,,,347,,c1,,,
,,,,,,,,0,0,111,,,,,,,0.8393328306801819,,,,,,,,,,,0,,,,,,,,,,womanongrass,,,,110,,c1,,,
,,,,,,,,0,0,143,,,,,,,0.7186439464810761,,,,,,,,,,,0,,,,,,,,,,yellowexcesicebook,,,,142,,c1,,,
,,,,,,,,0,0,333,,,,,,,0.7931903014780743,,,,,,,,,,,0,,,,,,,,,,10rightblackboy,,,,332,,write_pair_reference_own_b384,,,
,,,,,,,,0,0,224,,,,,,,0.8600760023328342,,,,,,,,,,,0,,,,,,,,,,1boygo,,,,223,,write_pair_reference_own_b384,,,
,,,,,,,,0,0,138,,,,,,,0.7036440453402357,,,,,,,,,,,0,,,,,,,,,,2girlgoleft,,,,137,,write_pair_reference_own_b384,,,
,,,,,,,,0,0,122,,,,,,,0.8340247564828952,,,,,,,,,,,0,,,,,,,,,,2outdark,,,,121,,write_pair_reference_own_b384,,,
,,,,,,,,0,0,135,,,,,,,0.8680172148835827,,,,,,,,,,,0,,,,,,,,,,2rdtribike,,,,134,,write_pair_reference_own_b384,,,
,,,,,,,,265,3,449,,,,,,,0.24060280865590253,,,,,,,,,,,2,,,,,,,,,,3whitemen,,,,448,,write_pair_reference_own_b384,,,
,,,,,,,,0,0,192,,,,,,,0.8313198371197112,,,,,,,,,,,0,,,,,,,,,,4one,,,,191,,write_pair_reference_own_b384,,,
,,,,,,,,0,0,184,,,,,,,0.8385853546538425,,,,,,,,,,,0,,,,,,,,,,4two,,,,183,,write_pair_reference_own_b384,,,
,,,,,,,,7,1,124,,,,,,,0.7288050113317163,,,,,,,,,,,1,,,,,,,,,,9whitegirl,,,,123,,write_pair_reference_own_b384,,,
,,,,,,,,215,5,986,,,,,,,0.5833552189739258,,,,,,,,,,,5,,,,,,,,,,Aboydownbike,,,,985,,write_pair_reference_own_b384,,,
,,,,,,,,480,45,8406,,,,,,,0.6972193434450752,,,,,,,,,,,45,,,,,,,,,,ab_bolster,,,,8393,,write_pair_reference_own_b384,,,
,,,,,,,,4,1,172,,,,,,,0.8123138668292038,,,,,,,,,,,1,,,,,,,,,,ab_motocometurn,,,,168,,write_pair_reference_own_b384,,,
,,,,,,,,3,1,65,,,,,,,0.7366534561973914,,,,,,,,,,,1,,,,,,,,,,ab_mototurn,,,,64,,write_pair_reference_own_b384,,,
,,,,,,,,2649,49,6981,,,,,,,0.44036802932722097,,,,,,,,,,,49,,,,,,,,,,ab_rightcupcoming_infwhite_quezhen,,,,6980,,write_pair_reference_own_b384,,,
,,,,,,,,0,0,227,,,,,,,0.8162937455952718,,,,,,,,,,,0,,,,,,,,,,abeauty_1202,,,,226,,write_pair_reference_own_b384,,,
,,,,,,,,0,0,159,,,,,,,0.918821354944955,,,,,,,,,,,0,,,,,,,,,,aboy_1202,,,,158,,write_pair_reference_own_b384,,,
,,,,,,,,0,0,273,,,,,,,0.9099240404249361,,,,,,,,,,,0,,,,,,,,,,agirl_1202,,,,272,,write_pair_reference_own_b384,,,
,,,,,,,,0,0,883,,,,,,,0.8669657949462239,,,,,,,,,,,0,,,,,,,,,,ajiandan_blkdog,,,,882,,write_pair_reference_own_b384,,,
,,,,,,,,45,2,175,,,,,,,0.5636656760250712,,,,,,,,,,,1,,,,,,,,,,basketball,,,,174,,write_pair_reference_own_b384,,,
,,,,,,,,22,1,110,,,,,,,0.4897670362794431,,,,,,,,,,,0,,,,,,,,,,basketballshooting,,,,109,,write_pair_reference_own_b384,,,
,,,,,,,,0,0,150,,,,,,,0.8500433985975272,,,,,,,,,,,0,,,,,,,,,,bike150,,,,149,,write_pair_reference_own_b384,,,
,,,,,,,,9,1,314,,,,,,,0.6516755912348475,,,,,,,,,,,1,,,,,,,,,,bikecoming,,,,313,,write_pair_reference_own_b384,,,
,,,,,,,,2,0,256,,,,,,,0.7245245824745925,,,,,,,,,,,0,,,,,,,,,,blackboy256,,,,255,,write_pair_reference_own_b384,,,
,,,,,,,,3,0,316,,,,,,,0.7580513601890777,,,,,,,,,,,0,,,,,,,,,,blackman_0115,,,,315,,write_pair_reference_own_b384,,,
,,,,,,,,0,0,112,,,,,,,0.8582501465397657,,,,,,,,,,,0,,,,,,,,,,blkbikecomes,,,,111,,write_pair_reference_own_b384,,,
,,,,,,,,0,0,329,,,,,,,0.8836935746415805,,,,,,,,,,,0,,,,,,,,,,blkboy,,,,328,,write_pair_reference_own_b384,,,
,,,,,,,,0,0,181,,,,,,,0.892418396251467,,,,,,,,,,,0,,,,,,,,,,blkboywithbluebag,,,,180,,write_pair_reference_own_b384,,,
,,,,,,,,1,0,451,,,,,,,0.7944289674730299,,,,,,,,,,,0,,,,,,,,,,blkboywithumbrella,,,,450,,write_pair_reference_own_b384,,,
,,,,,,,,0,0,392,,,,,,,0.8815931292254288,,,,,,,,,,,0,,,,,,,,,,blkcarfollowingwhite,,,,391,,write_pair_reference_own_b384,,,
,,,,,,,,0,0,228,,,,,,,0.8523028141446048,,,,,,,,,,,0,,,,,,,,,,blueboybike,,,,227,,write_pair_reference_own_b384,,,
,,,,,,,,0,0,459,,,,,,,0.90118191708849,,,,,,,,,,,0,,,,,,,,,,bluelittletruck,,,,458,,write_pair_reference_own_b384,,,
,,,,,,,,58,3,247,,,,,,,0.557750960470875,,,,,,,,,,,3,,,,,,,,,,boybackpack,,,,246,,write_pair_reference_own_b384,,,
,,,,,,,,186,4,318,,,,,,,0.3101155465361079,,,,,,,,,,,3,,,,,,,,,,boybesidescarwithouthat,,,,317,,write_pair_reference_own_b384,,,
,,,,,,,,48,1,282,,,,,,,0.5798100316409535,,,,,,,,,,,0,,,,,,,,,,boyfollowing,,,,281,,write_pair_reference_own_b384,,,
,,,,,,,,0,0,757,,,,,,,0.8985838489051734,,,,,,,,,,,0,,,,,,,,,,boyinsnowfield4,,,,756,,write_pair_reference_own_b384,,,
,,,,,,,,0,0,382,,,,,,,0.8501756148257572,,,,,,,,,,,0,,,,,,,,,,boyleave,,,,381,,write_pair_reference_own_b384,,,
,,,,,,,,0,0,83,,,,,,,0.7371686816208017,,,,,,,,,,,0,,,,,,,,,,boyouttrees,,,,82,,write_pair_reference_own_b384,,,
,,,,,,,,2,0,386,,,,,,,0.8173560214281035,,,,,,,,,,,0,,,,,,,,,,boyrightrubbish,,,,385,,write_pair_reference_own_b384,,,
,,,,,,,,3,0,161,,,,,,,0.779893603002138,,,,,,,,,,,0,,,,,,,,,,boysback,,,,159,,write_pair_reference_own_b384,,,
,,,,,,,,0,0,88,,,,,,,0.851372253059251,,,,,,,,,,,0,,,,,,,,,,boysitbike,,,,87,,write_pair_reference_own_b384,,,
,,,,,,,,14,1,441,,,,,,,0.6619545594251783,,,,,,,,,,,1,,,,,,,,,,boysumbrella,,,,440,,write_pair_reference_own_b384,,,
,,,,,,,,521,6,809,,,,,,,0.25722633433006353,,,,,,,,,,,5,,,,,,,,,,boytakepath,,,,808,,write_pair_reference_own_b384,,,
,,,,,,,,0,0,392,,,,,,,0.8300640130157807,,,,,,,,,,,0,,,,,,,,,,browncarturn,,,,391,,write_pair_reference_own_b384,,,
,,,,,,,,0,0,141,,,,,,,0.8963679419612027,,,,,,,,,,,0,,,,,,,,,,carcomeonlight2,,,,140,,write_pair_reference_own_b384,,,
,,,,,,,,0,0,158,,,,,,,0.8069549458423841,,,,,,,,,,,0,,,,,,,,,,comebike,,,,157,,write_pair_reference_own_b384,,,
,,,,,,,,332,10,930,,,,,,,0.5149812187650374,,,,,,,,,,,10,,,,,,,,,,dotat43,,,,929,,write_pair_reference_own_b384,,,
,,,,,,,,0,0,53,,,,,,,0.8660222153748438,,,,,,,,,,,0,,,,,,,,,,downmoto,,,,52,,write_pair_reference_own_b384,,,
,,,,,,,,0,0,195,,,,,,,0.8399379213944277,,,,,,,,,,,0,,,,,,,,,,easy_4women,,,,193,,write_pair_reference_own_b384,,,
,,,,,,,,0,0,266,,,,,,,0.8579091003792199,,,,,,,,,,,0,,,,,,,,,,elector_0115,,,,265,,write_pair_reference_own_b384,,,
,,,,,,,,139,7,1161,,,,,,,0.5756901533847345,,,,,,,,,,,7,,,,,,,,,,exercisebook,,,,1160,,write_pair_reference_own_b384,,,
,,,,,,,,0,0,151,,,,,,,0.8322958453493648,,,,,,,,,,,0,,,,,,,,,,folddenumbrellainhand,,,,150,,write_pair_reference_own_b384,,,
,,,,,,,,0,0,109,,,,,,,0.8323307466873144,,,,,,,,,,,0,,,,,,,,,,girlbike,,,,108,,write_pair_reference_own_b384,,,
,,,,,,,,313,1,388,,,,,,,0.15771844813669586,,,,,,,,,,,0,,,,,,,,,,girlblack,,,,387,,write_pair_reference_own_b384,,,
,,,,,,,,1,0,67,,,,,,,0.6662605242462556,,,,,,,,,,,0,,,,,,,,,,girlintrees,,,,66,,write_pair_reference_own_b384,,,
,,,,,,,,5,1,307,,,,,,,0.761182552496252,,,,,,,,,,,1,,,,,,,,,,girlwithredhat,,,,306,,write_pair_reference_own_b384,,,
,,,,,,,,0,0,244,,,,,,,0.8140227608165309,,,,,,,,,,,0,,,,,,,,,,guardatbike_ab,,,,216,,write_pair_reference_own_b384,,,
,,,,,,,,44,1,116,,,,,,,0.515432147385608,,,,,,,,,,,0,,,,,,,,,,guardman,,,,115,,write_pair_reference_own_b384,,,
,,,,,,,,199,14,1611,,,,,,,0.665976440633305,,,,,,,,,,,14,,,,,,,,,,leftbasketball,,,,1610,,write_pair_reference_own_b384,,,
,,,,,,,,0,0,405,,,,,,,0.8384123397586694,,,,,,,,,,,0,,,,,,,,,,leftof2girls,,,,404,,write_pair_reference_own_b384,,,
,,,,,,,,45,1,286,,,,,,,0.6148456079862351,,,,,,,,,,,0,,,,,,,,,,lonelyman,,,,285,,write_pair_reference_own_b384,,,
,,,,,,,,0,0,151,,,,,,,0.7402850068231571,,,,,,,,,,,0,,,,,,,,,,man,,,,150,,write_pair_reference_own_b384,,,
,,,,,,,,32,3,505,,,,,,,0.6427755210637041,,,,,,,,,,,3,,,,,,,,,,man2startmoto,,,,504,,write_pair_reference_own_b384,,,
,,,,,,,,21,1,100,,,,,,,0.5344976484999193,,,,,,,,,,,1,,,,,,,,,,manafetrtrees,,,,99,,write_pair_reference_own_b384,,,
,,,,,,,,0,0,204,,,,,,,0.7694537547191134,,,,,,,,,,,0,,,,,,,,,,meituanbike,,,,203,,write_pair_reference_own_b384,,,
,,,,,,,,1,0,309,,,,,,,0.7149331935232756,,,,,,,,,,,0,,,,,,,,,,moto2north2,,,,308,,write_pair_reference_own_b384,,,
,,,,,,,,0,0,78,,,,,,,0.9107133650701199,,,,,,,,,,,0,,,,,,,,,,moto78,,,,77,,write_pair_reference_own_b384,,,
,,,,,,,,0,0,139,,,,,,,0.727195102902722,,,,,,,,,,,0,,,,,,,,,,motobesidescar,,,,138,,write_pair_reference_own_b384,,,
,,,,,,,,0,0,117,,,,,,,0.7713575990916413,,,,,,,,,,,0,,,,,,,,,,motocome,,,,116,,write_pair_reference_own_b384,,,
,,,,,,,,0,0,91,,,,,,,0.8547807163996908,,,,,,,,,,,0,,,,,,,,,,motocomenight,,,,90,,write_pair_reference_own_b384,,,
,,,,,,,,0,0,89,,,,,,,0.8838905273593011,,,,,,,,,,,0,,,,,,,,,,motowithgood,,,,88,,write_pair_reference_own_b384,,,
,,,,,,,,0,0,110,,,,,,,0.8184952418798863,,,,,,,,,,,0,,,,,,,,,,nightmototurn,,,,109,,write_pair_reference_own_b384,,,
,,,,,,,,2,0,603,,,,,,,0.6847177373492112,,,,,,,,,,,0,,,,,,,,,,openthisexersicebook,,,,602,,write_pair_reference_own_b384,,,
,,,,,,,,382,11,2110,,,,,,,0.5688503194560715,,,,,,,,,,,11,,,,,,,,,,outer2leftmirrorback,,,,2109,,write_pair_reference_own_b384,,,
,,,,,,,,0,0,256,,,,,,,0.8956941001421843,,,,,,,,,,,0,,,,,,,,,,redshirtman,,,,255,,write_pair_reference_own_b384,,,
,,,,,,,,560,4,840,,,,,,,0.26528831819726906,,,,,,,,,,,4,,,,,,,,,,rightbiggreenboy,,,,839,,write_pair_reference_own_b384,,,
,,,,,,,,72,1,360,,,,,,,0.6152633426994935,,,,,,,,,,,0,,,,,,,,,,rightboy`shead,,,,359,,write_pair_reference_own_b384,,,
,,,,,,,,10,1,1096,,,,,,,0.8375316820974414,,,,,,,,,,,0,,,,,,,,,,rightholdball1096,,,,1052,,write_pair_reference_own_b384,,,
,,,,,,,,0,0,506,,,,,,,0.8871143184582034,,,,,,,,,,,0,,,,,,,,,,rightredboy,,,,505,,write_pair_reference_own_b384,,,
,,,,,,,,67,1,948,,,,,,,0.7399074789010622,,,,,,,,,,,1,,,,,,,,,,rightshiningmirror,,,,947,,write_pair_reference_own_b384,,,
,,,,,,,,155,1,1602,,,,,,,0.7769244215826494,,,,,,,,,,,1,,,,,,,,,,righttallnine-gai,,,,1601,,write_pair_reference_own_b384,,,
,,,,,,,,0,0,273,,,,,,,0.8389378705851547,,,,,,,,,,,0,,,,,,,,,,rightwhite_1227,,,,272,,write_pair_reference_own_b384,,,
,,,,,,,,7,2,412,,,,,,,0.8379406136259182,,,,,,,,,,,2,,,,,,,,,,stripeman,,,,411,,write_pair_reference_own_b384,,,
,,,,,,,,24,2,260,,,,,,,0.6840266205597645,,,,,,,,,,,2,,,,,,,,,,stubesideswhitecar,,,,259,,write_pair_reference_own_b384,,,
,,,,,,,,16,2,443,,,,,,,0.7362465832947238,,,,,,,,,,,2,,,,,,,,,,suitcase,,,,442,,write_pair_reference_own_b384,,,
,,,,,,,,0,0,117,,,,,,,0.8363580309761753,,,,,,,,,,,0,,,,,,,,,,take-out-motocoming,,,,116,,write_pair_reference_own_b384,,,
,,,,,,,,0,0,307,,,,,,,0.8424263542488526,,,,,,,,,,,0,,,,,,,,,,tallboyblack,,,,306,,write_pair_reference_own_b384,,,
,,,,,,,,1,0,150,,,,,,,0.8311820627832671,,,,,,,,,,,0,,,,,,,,,,turnblkbike,,,,149,,write_pair_reference_own_b384,,,
,,,,,,,,0,0,193,,,,,,,0.8352130423723535,,,,,,,,,,,0,,,,,,,,,,unbrellainbike,,,,192,,write_pair_reference_own_b384,,,
,,,,,,,,7,1,251,,,,,,,0.7320904238751286,,,,,,,,,,,1,,,,,,,,,,waiterontheothersideofwindow,,,,250,,write_pair_reference_own_b384,,,
,,,,,,,,169,1,1117,,,,,,,0.6964328686712153,,,,,,,,,,,1,,,,,,,,,,whiteaftertrees,,,,1116,,write_pair_reference_own_b384,,,
,,,,,,,,1,0,169,,,,,,,0.8224864341059591,,,,,,,,,,,0,,,,,,,,,,whiteatright,,,,168,,write_pair_reference_own_b384,,,
,,,,,,,,0,0,102,,,,,,,0.7907284432804607,,,,,,,,,,,0,,,,,,,,,,whiteblcakwoman,,,,101,,write_pair_reference_own_b384,,,
,,,,,,,,0,0,85,,,,,,,0.9154633034443235,,,,,,,,,,,0,,,,,,,,,,whitecarafterbike,,,,84,,write_pair_reference_own_b384,,,
,,,,,,,,0,0,113,,,,,,,0.915594837694539,,,,,,,,,,,0,,,,,,,,,,whitecarcome,,,,112,,write_pair_reference_own_b384,,,
,,,,,,,,0,0,150,,,,,,,0.9253347939048521,,,,,,,,,,,0,,,,,,,,,,whitecarcoming,,,,149,,write_pair_reference_own_b384,,,
,,,,,,,,0,0,348,,,,,,,0.8911004814644479,,,,,,,,,,,0,,,,,,,,,,whitemancome,,,,347,,write_pair_reference_own_b384,,,
,,,,,,,,0,0,111,,,,,,,0.8393328306801819,,,,,,,,,,,0,,,,,,,,,,womanongrass,,,,110,,write_pair_reference_own_b384,,,
,,,,,,,,0,0,143,,,,,,,0.7186439464810761,,,,,,,,,,,0,,,,,,,,,,yellowexcesicebook,,,,142,,write_pair_reference_own_b384,,,
327,327,0,1583,13.335972457692801,0,0,0,0,0,333,332,1583,0,93,327,5,0.7931903014780743,332.0000031078657,0.0,45.71762502193451,0.0,332.0,0.0,0.0,0.0,0,0,0,0,0.0,0,0,0,0,0,0,0,10rightblackboy,93,332,0,332,332,future_own_b384,0,0,0
223,223,0,1106,4.137132529788246,0,0,0,0,0,224,223,1106,0,207,223,0,0.8600760023328342,222.999999941724,0.0,104.08845299482346,0.0,223.0,0.0,0.0,0.0,0,0,0,0,0.0,0,0,0,0,0,0,0,1boygo,207,223,0,223,223,future_own_b384,0,0,0
130,130,0,624,10.936151933172674,0,0,2,0,0,138,137,624,0,0,130,7,0.7036440453402357,137.0,0.0,0.0,0.0,137.0,0.0,0.0,0.0,0,0,0,0,161607.49264528597,2,0,0,0,0,2,0,2girlgoleft,0,137,0,137,137,future_own_b384,0,0,0
121,121,0,529,3.9461214880722877,0,0,3,0,0,122,121,529,0,19,121,0,0.8340247564828952,121.00000379806923,0.0,9.621845722198486,0.0,121.0,0.0,0.0,0.0,0,0,0,0,110304.17965413828,3,0,0,0,0,3,0,2outdark,19,121,0,121,121,future_own_b384,0,0,0
134,134,0,654,5.09404723477233,0,0,0,0,0,135,134,654,0,134,134,0,0.8680172148835827,134.00000009008872,0.0,64.05267333984375,0.0,134.0,0.0,0.0,0.0,0,0,0,0,0.0,0,0,0,0,0,0,0,2rdtribike,134,134,0,134,134,future_own_b384,0,0,0
144,87,322,2801,295.306205355772,33,0,144,322,5,449,448,2801,0,27,102,346,0.17056696674044322,448.00000285596826,154.1385194691878,13.818368256092072,13.818368256092072,447.9999998152434,20.81231805102098,4.025368332862854,4.025368332862854,42,0,4,2,17851223.050582655,144,3,9,8,5,102,322,3whitemen,27,448,33,448,448,future_own_b384,217,0,27
191,191,0,1066,11.972190406442252,0,0,23,0,0,192,191,1066,0,14,191,0,0.8313198371197112,190.99999934936864,0.0,1.0034943222999573,0.0,191.0,0.0,0.0,0.0,0,0,0,0,4966005.518737434,23,0,0,0,0,23,0,4one,14,191,0,191,191,future_own_b384,0,0,0
183,183,0,939,8.92660619714886,0,0,5,0,0,184,183,939,0,113,183,0,0.8385853546538425,183.00000168742733,0.0,43.792665004730225,0.0,183.0,0.0,0.0,0.0,0,0,0,0,1651373.0598790497,5,0,0,0,0,5,0,4two,113,183,0,183,183,future_own_b384,0,0,0
121,117,6,585,9.907524902977041,1,0,1,5,1,124,123,585,0,98,121,2,0.7408798821812832,123.0000011520433,0.0,50.5285040140152,0.0,123.0,0.0,0.0,0.0,0,0,1,0,763996.5815597269,1,0,0,1,1,1,5,9whitegirl,98,123,1,123,123,future_own_b384,0,0,0
810,766,190,4857,228.59280887954165,24,0,41,190,6,986,985,4857,0,247,808,177,0.6084863413731362,984.9999977998749,198.6920454911683,124.28521025180817,42.572057008743286,985.0000000896189,1.7531605340162457,1.0345381498336792,1.0345381498336792,2,0,6,0,7653555.597433239,41,4,12,12,4,39,190,Aboydownbike,247,985,24,985,985,future_own_b384,261,0,86
7413,7203,489,41309,766.2800820873418,171,1,879,492,57,8406,8393,41207,1,667,7329,1064,0.6938085874819886,8392.999942553832,0.0,107.17924296855927,0.0,8393.0,0.0,0.0,0.0,84,1,57,11,458132753.1147608,879,22,79,71,15,785,492,ab_bolster,667,8405,169,8393,8393,future_own_b384,0,0,0
166,162,3,873,7.467604000097589,2,3,9,1,0,172,168,843,3,93,166,2,0.8268638806900812,167.9999999482347,0.0,47.92467123270035,0.0,168.0,0.0,0.0,0.0,0,3,0,0,439288.64031447924,9,0,0,2,2,6,1,ab_motocometurn,93,171,2,168,168,future_own_b384,0,0,0
50,49,3,329,4.190843408908005,1,0,2,3,1,65,64,329,0,48,49,15,0.7320184225732654,64.00000004549665,0.0,24.5940762758255,0.0,64.0,0.0,0.0,0.0,1,0,1,0,133923.00037097366,2,0,0,1,0,1,3,ab_mototurn,48,64,1,64,64,future_own_b384,0,0,0
4885,3819,2256,29847,2233.6930974961324,40,0,44,2259,54,6981,6980,29847,0,2138,4877,2103,0.4867274184812302,6979.9999631756355,2033.0278305665227,633.2473648786545,323.3166936635971,6979.999920733639,3660.0136608456046,10.56128305196762,4.015257358551025,8,0,54,0,19295660.405807316,44,13,21,19,12,36,2259,ab_rightcupcoming_infwhite_quezhen,2138,6980,40,6980,6980,future_own_b384,2863,0,860
226,226,0,1088,8.124045369667202,0,0,0,0,0,227,226,1088,0,226,226,0,0.8147495766241794,226.0000001335613,0.0,118.63587421178818,0.0,225.99999950392757,0.0,18.08503246307373,0.0,0,0,0,0,0.0,0,0,0,0,0,0,0,abeauty_1202,226,226,0,226,226,future_own_b384,0,0,0
158,158,0,790,1.5980121589005225,0,0,0,0,0,159,158,790,0,158,158,0,0.918821354944955,157.9999991753087,0.0,79.70969611406326,0.0,158.0,0.0,0.0,0.0,0,0,0,0,0.0,0,0,0,0,0,0,0,aboy_1202,158,158,0,158,158,future_own_b384,0,0,0
272,272,0,1317,4.12789688634422,0,0,0,0,0,273,272,1317,0,263,272,0,0.9099240404249361,271.99999883013237,0.0,64.79800379276276,0.0,272.0,0.0,1.5031620860099792,0.0,0,0,0,0,0.0,0,0,0,0,0,0,0,agirl_1202,263,272,0,272,272,future_own_b384,0,0,0
882,882,0,4399,11.440956689285724,0,1,0,0,0,883,882,4399,1,776,882,0,0.8669709135723248,882.0000018781734,0.0,287.822547852993,0.0,882.0,0.0,0.0,0.0,0,1,0,0,0.0,0,0,0,0,0,0,0,ajiandan_blkdog,776,882,0,882,882,future_own_b384,0,0,0
139,126,42,965,22.709835976308092,27,1,37,30,2,175,174,965,1,11,132,42,0.6353133478969254,174.0,0.0,0.0,0.0,174.0,0.0,0.0,0.0,7,1,1,6,285986.1018615174,37,0,4,15,9,30,30,basketball,11,174,27,174,174,future_own_b384,0,0,0
46,45,51,731,51.7387638830691,5,0,52,50,1,110,109,731,0,0,46,63,0.3277709037540559,109.0,0.0,0.0,0.0,109.0,0.0,0.0,0.0,0,0,0,0,1683493.0568131239,52,0,2,3,1,52,50,basketballshooting,0,109,5,109,109,future_own_b384,0,0,0
148,148,0,723,2.071890393003403,0,0,0,0,0,150,149,723,0,102,148,1,0.8500433985975272,148.99999988060458,0.0,52.534331023693085,0.0,149.0,0.0,0.0,0.0,0,0,0,0,0.0,0,0,0,0,0,0,0,bike150,102,149,0,149,149,future_own_b384,0,0,0
268,268,9,1847,45.14875270265631,6,0,78,9,1,314,313,1847,0,48,268,45,0.6519309260980941,312.999999929146,0.0,24.97341024875641,0.0,313.0,0.0,0.0,0.0,0,0,1,0,4360724.03890734,78,0,3,3,0,78,9,bikecoming,48,313,6,313,313,future_own_b384,0,0,0
224,224,6,1219,16.94847224131677,2,0,8,7,1,256,255,1219,0,114,224,31,0.716404946104846,254.99999974161702,0.0,59.53508019447327,0.0,254.99999975771814,0.0,1.001114547252655,0.0,0,0,0,0,550080.397074781,8,0,1,0,0,8,7,blackboy256,114,255,2,255,255,future_own_b384,0,0,0
290,290,5,1563,27.210275362876317,2,0,10,5,1,316,315,1563,0,184,290,25,0.7562580719048289,314.99999986816437,0.0,82.3895468711853,0.0,315.0,0.0,0.0,0.0,0,0,1,0,4111511.12504555,10,0,1,1,0,10,5,blackman_0115,184,315,2,315,315,future_own_b384,0,0,0
111,111,0,555,1.4010292172799388,0,1,0,0,0,112,111,555,1,108,111,0,0.8580421371211333,111.00000050375992,0.0,50.68406039476395,0.0,111.0,0.0,0.0,0.0,0,1,0,0,0.0,0,0,0,0,0,0,0,blkbikecomes,108,111,0,111,111,future_own_b384,0,0,0
325,325,0,1640,8.705120980708928,0,0,0,0,0,329,328,1640,0,289,325,3,0.8836935746415805,328.00000075364306,0.0,135.63417410850525,0.0,327.99999911673433,0.0,13.098503410816193,0.0,0,0,0,0,0.0,0,0,0,0,0,0,0,blkboy,289,328,0,328,328,future_own_b384,0,0,0
180,180,0,877,5.551506820103991,0,0,0,0,0,181,180,877,0,165,180,0,0.892418396251467,179.99999681174725,0.0,62.52698451280594,0.0,180.0,0.0,0.0,0.0,0,0,0,0,0.0,0,0,0,0,0,0,0,blkboywithbluebag,165,180,0,180,180,future_own_b384,0,0,0
432,431,4,2166,49.25835479994517,2,0,6,6,0,451,450,2166,0,175,431,19,0.7776723633710796,449.9999968226875,1.0597906995771462,78.52386915683746,0.5134984254837036,450.0,0.0,0.0,0.0,1,0,0,0,248498.93088069215,6,1,2,0,0,5,6,blkboywithumbrella,175,450,2,450,450,future_own_b384,2,0,1
390,390,0,1952,4.998036796236105,0,0,0,0,0,392,391,1952,0,389,390,1,0.8815931292254288,390.9999968740845,0.0,200.91573464870453,0.0,391.0,0.0,0.0,0.0,0,0,0,0,0.0,0,0,0,0,0,0,0,blkcarfollowingwhite,389,391,0,391,391,future_own_b384,0,0,0
227,227,0,1063,3.951398278972664,0,0,0,0,0,228,227,1063,0,145,227,0,0.8523028141446048,227.0000011495954,0.0,68.24599361419678,0.0,227.0,0.0,0.0,0.0,0,0,0,0,0.0,0,0,0,0,0,0,0,blueboybike,145,227,0,227,227,future_own_b384,0,0,0
454,454,0,2290,8.26320220776273,0,0,0,0,0,459,458,2290,0,458,454,4,0.90118191708849,458.00000198484986,0.0,235.5854390859604,0.0,458.0,0.0,0.0,0.0,0,0,0,0,0.0,0,0,0,0,0,0,0,bluelittletruck,458,458,0,458,458,future_own_b384,0,0,0
213,187,35,1282,55.614428422206416,8,0,20,35,4,247,246,1282,0,65,208,38,0.6111837685157676,246.0000043563937,0.0,30.933520913124084,0.0,246.0,0.0,0.0,0.0,5,0,4,0,12491502.325682353,20,1,3,3,3,15,35,boybackpack,65,246,8,246,246,future_own_b384,0,0,0
158,129,181,1654,159.9623972688836,19,0,29,179,5,318,317,1654,0,0,156,161,0.33672923803681964,317.0,0.0,0.0,0.0,317.0,0.0,0.0,0.0,2,0,4,1,2210042.4119281904,29,2,3,4,4,27,179,boybesidescarwithouthat,0,317,19,317,317,future_own_b384,0,0,0
218,216,50,1422,58.89071589236741,7,0,10,50,1,282,281,1422,0,63,218,63,0.5792789275668556,281.00000243851645,0.0,32.65104764699936,0.0,281.00000255040743,0.0,2.511222243309021,0.0,0,0,0,0,11522910.716772951,10,1,2,2,1,10,50,boyfollowing,63,281,7,281,281,future_own_b384,0,0,0
756,756,0,3631,12.118383530629014,0,0,0,0,0,757,756,3631,0,678,756,0,0.8985838489051734,756.0000004767829,0.0,344.31963020563126,0.0,755.9999998501338,0.0,4.57524174451828,0.0,0,0,0,0,0.0,0,0,0,0,0,0,0,boyinsnowfield4,678,756,0,756,756,future_own_b384,0,0,0
378,378,0,1805,7.5931878667356205,0,0,2,0,0,382,381,1805,0,337,378,3,0.8501756148257572,381.00000085152766,0.0,173.24147880077362,0.0,381.0,0.0,0.0,0.0,0,0,0,0,152578.74521165076,2,0,0,0,0,2,0,boyleave,337,381,0,381,381,future_own_b384,0,0,0
81,81,0,367,2.925102703654333,0,0,0,0,0,83,82,367,0,21,81,1,0.7371686816208017,81.99999901358382,0.0,8.568006575107574,0.0,82.0,0.0,0.0,0.0,0,0,0,0,0.0,0,0,0,0,0,0,0,boyouttrees,21,82,0,82,82,future_own_b384,0,0,0
381,377,0,1929,12.285952722724925,1,0,3,0,0,386,385,1929,0,295,378,7,0.8209617826082716,384.9999996660961,0.0,150.35982251167297,0.0,385.0,0.0,0.0,0.0,3,0,0,0,1215347.4903710117,3,0,0,1,0,0,0,boyrightrubbish,295,385,1,385,385,future_own_b384,0,0,0
159,157,2,770,6.607065239318647,1,0,1,1,0,161,158,765,0,90,159,0,0.7859504271380338,158.0048735278487,0.0,44.198308289051056,0.0,159.0,0.0,0.0,0.0,0,0,0,0,15625.760101020103,1,0,0,1,0,1,1,boysback,91,160,1,159,159,future_own_b384,0,0,0
87,87,0,423,1.831478418724617,0,0,0,0,0,88,87,423,0,80,87,0,0.851372253059251,86.99999988022371,0.0,38.99860239028931,0.0,87.0,0.0,0.0,0.0,0,0,0,0,0.0,0,0,0,0,0,0,0,boysitbike,80,87,0,87,87,future_own_b384,0,0,0
333,327,38,2403,36.69607305939618,20,0,78,39,2,441,440,2403,0,39,330,110,0.6267430815558231,440.0,0.0,0.0,0.0,440.0,0.0,0.0,0.0,3,0,2,1,9756109.414712574,78,4,6,4,3,75,39,boysumbrella,39,440,20,440,440,future_own_b384,0,0,0
312,300,454,5259,166.52415088296877,69,0,445,452,5,809,808,5259,0,101,307,501,0.31489254992801,808.0000070743993,0.0,43.17582756280899,0.0,808.0,0.0,0.0,0.0,5,0,5,0,46245551.4167633,447,0,13,10,2,440,452,boytakepath,101,808,69,808,808,future_own_b384,0,0,0
391,391,0,1939,8.633152390833587,0,0,0,0,0,392,391,1939,0,391,391,0,0.8300640130157807,391.00000031910685,0.0,205.04426378011703,0.0,390.9999995699735,0.0,8.573522627353668,0.0,0,0,0,0,0.0,0,0,0,0,0,0,0,browncarturn,391,391,0,391,391,future_own_b384,0,0,0
140,140,0,678,1.3756820157433591,0,0,0,0,0,141,140,678,0,136,140,0,0.8963679419612027,140.00000013131827,0.0,70.67195576429367,0.0,140.0,0.0,0.0,0.0,0,0,0,0,0.0,0,0,0,0,0,0,0,carcomeonlight2,136,140,0,140,140,future_own_b384,0,0,0
157,157,0,707,6.663975996907336,0,0,0,0,0,158,157,707,0,115,157,0,0.8069549458423841,156.99999903662072,0.0,50.46212178468704,0.0,157.0000002682209,0.0,1.0002452731132507,0.0,0,0,0,0,0.0,0,0,0,0,0,0,0,comebike,115,157,0,157,157,future_own_b384,0,0,0
838,736,183,4820,669.7223109498742,59,0,35,175,15,930,929,4820,0,0,838,91,0.6440881364965327,929.0,0.0,0.0,0.0,929.0,0.0,0.0,0.0,0,0,15,0,2000013.9297988745,35,10,13,23,18,35,175,dotat43,0,929,59,929,929,future_own_b384,0,0,0
52,52,0,260,0.6879947097612753,0,1,0,0,0,53,52,260,1,27,52,0,0.8704624658927856,51.999999351130484,0.0,14.061578631401062,0.0,52.0,0.0,0.0,0.0,0,1,0,0,0.0,0,0,0,0,0,0,0,downmoto,27,52,0,52,52,future_own_b384,0,0,0
193,193,0,932,3.722140224981576,0,0,3,0,0,195,193,927,0,0,193,0,0.8399379213944277,193.0,0.0,0.0,0.0,193.0,0.0,0.0,0.0,0,0,0,0,332242.6246572129,3,0,0,0,0,3,0,easy_4women,0,194,0,193,193,future_own_b384,0,0,0
265,265,0,1319,9.803367940255376,0,0,0,0,0,266,265,1319,0,265,265,0,0.8579091003792199,264.9999985217822,0.0,124.6363907456398,0.0,265.0,0.0,0.0,0.0,0,0,0,0,0.0,0,0,0,0,0,0,0,elector_0115,265,265,0,265,265,future_own_b384,0,0,0
792,743,164,5225,220.46026001598653,13,0,11,165,9,1161,1160,5225,0,152,791,369,0.5655646953666396,1160.0000126003822,54.997343990339715,66.78041988611221,6.538113653659821,1160.0,0.0,0.0,0.0,1,0,9,0,2588410.901663835,11,2,5,5,3,10,165,exercisebook,152,1160,13,1160,1160,future_own_b384,73,0,13
149,148,1,673,1.663978081813606,1,0,1,0,0,151,150,673,0,32,149,1,0.8318660103661859,149.99999925319943,0.0,14.121509432792664,0.0,150.0,0.0,0.0,0.0,0,0,0,0,6357.293877698748,1,0,0,1,0,1,0,folddenumbrellainhand,32,150,1,150,150,future_own_b384,0,0,0
108,108,0,513,1.8908393703154665,0,0,0,0,0,109,108,513,0,97,108,0,0.8323307466873144,107.99999949032319,0.0,50.27648687362671,0.0,108.0,0.0,0.0,0.0,0,0,0,0,0.0,0,0,0,0,0,0,0,girlbike,97,108,0,108,108,future_own_b384,0,0,0
291,70,313,1905,388.99618401207385,4,0,9,310,1,388,387,1905,0,345,286,101,0.16252451441495522,386.9999986684127,305.69732376160715,107.63144773244858,71.05273228883743,387.0,0.0,0.0,0.0,5,0,0,0,477281.7292768377,9,0,0,3,2,4,310,girlblack,345,387,4,387,387,future_own_b384,312,0,272
57,55,1,323,5.551462520439334,0,0,6,1,0,67,66,323,0,0,55,11,0.6662605242462556,66.0,0.0,0.0,0.0,66.0,0.0,0.0,0.0,2,0,0,0,319028.69207003876,6,0,0,0,0,4,1,girlintrees,0,66,0,66,66,future_own_b384,0,0,0
285,285,5,1445,15.77118110827854,0,0,1,5,1,307,306,1445,0,236,285,21,0.761182552496252,305.99999953910145,0.0,80.04607224464417,0.0,306.0,0.0,0.0,0.0,0,0,1,0,427889.4507957212,1,0,0,0,0,1,5,girlwithredhat,236,306,0,306,306,future_own_b384,0,0,0
180,180,28,1243,16.85989568536267,3,1,23,27,1,244,215,1083,1,190,180,36,0.7056458352707032,204.44141615054073,21.34283345572798,93.44237327575684,2.0473731756210327,216.0,0.0,0.0,0.0,0,1,1,0,6977117.893195715,23,0,0,1,0,18,27,guardatbike_ab,210,243,2,216,216,future_own_b384,29,0,4
70,68,44,569,23.284623800987077,2,0,8,43,1,116,115,569,0,50,69,46,0.5244730638695937,115.00000006157273,0.0,25.53642475605011,0.0,115.0,0.0,0.0,0.0,1,0,0,0,1574973.701118663,8,0,1,1,1,7,43,guardman,50,115,2,115,115,future_own_b384,0,0,0
861,849,680,10944,293.5392276053094,237,0,737,686,9,1611,1610,10944,0,118,856,754,0.434644269536915,1610.000001254054,0.0,3.011899471282959,0.0,1610.0,0.0,0.0,0.0,5,0,9,0,67682245.62249236,747,4,20,14,0,732,686,leftbasketball,118,1610,237,1610,1610,future_own_b384,0,0,0
404,400,4,2019,33.34821119521815,2,0,6,4,1,405,404,2019,0,216,404,0,0.8303861591370033,404.00000403937,0.0,90.51003235578537,0.0,404.0,0.0,0.0,0.0,0,0,1,0,384012.6320785386,6,1,1,1,1,6,4,leftof2girls,216,404,2,404,404,future_own_b384,0,0,0
234,225,36,1597,33.732220929293305,27,0,67,35,2,286,285,1597,0,37,229,56,0.6352774679128697,284.9999899789523,0.0,19.201896846294403,0.0,285.0,0.0,0.0,0.0,5,0,1,1,7800912.511658053,67,0,6,4,1,62,35,lonelyman,37,285,27,285,285,future_own_b384,0,0,0
150,150,0,741,11.116026471944135,0,0,0,0,0,151,150,741,0,97,150,0,0.7402850068231571,150.00000108942652,0.0,44.067495942115784,0.0,150.00000014649422,0.0,2.566009223461151,0.0,0,0,0,0,0.0,0,0,0,0,0,0,0,man,97,150,0,150,150,future_own_b384,0,0,0
399,382,62,2787,69.78946586348016,7,0,104,61,2,505,504,2787,0,26,392,112,0.6064601889863829,504.00000118594824,0.0,11.26620477437973,0.0,504.0,0.0,0.0,0.0,7,0,2,1,12633892.482402392,104,1,1,3,0,97,61,man2startmoto,26,504,7,504,504,future_own_b384,0,0,0
41,39,59,794,19.27072840174707,7,0,64,58,1,100,99,794,0,2,40,59,0.3000540570622805,99.0,0.0,0.0,0.0,99.0,0.0,0.0,0.0,1,0,0,0,1388653.8121849159,64,0,1,2,0,63,58,manafetrtrees,2,99,7,99,99,future_own_b384,0,0,0
202,202,0,1006,6.802488967992595,0,0,6,0,0,204,203,1006,0,114,202,1,0.7694537547191134,203.00000135169213,0.0,57.22669196128845,0.0,203.0,0.0,0.0,0.0,0,0,0,0,207258.73027275322,6,0,0,0,0,6,0,meituanbike,114,203,0,203,203,future_own_b384,0,0,0
297,297,1,1386,18.239486985369737,0,0,9,1,0,309,308,1386,0,113,297,11,0.7149331935232756,307.99999991788394,0.0,50.55715072154999,0.0,308.0,0.0,0.0,0.0,0,0,0,0,529159.8516966604,9,0,0,0,0,9,1,moto2north2,113,308,0,308,308,future_own_b384,0,0,0
77,77,0,349,0.4333321539610324,0,0,0,0,0,78,77,349,0,72,77,0,0.9107133650701199,76.99999983011477,0.0,35.18698167800903,0.0,77.0,0.0,0.0,0.0,0,0,0,0,0.0,0,0,0,0,0,0,0,moto78,72,77,0,77,77,future_own_b384,0,0,0
124,124,0,652,5.429832876997136,0,0,9,0,0,139,138,652,0,48,124,14,0.727195102902722,137.99999985518056,0.0,23.405352234840393,0.0,138.0,0.0,0.0,0.0,0,0,0,0,212327.14124309906,9,0,0,0,0,9,0,motobesidescar,48,138,0,138,138,future_own_b384,0,0,0
114,114,0,533,6.547544783241142,0,0,0,0,0,117,116,533,0,42,114,2,0.7713575990916413,116.00000166636096,0.0,21.73014235496521,0.0,116.0,0.0,0.0,0.0,0,0,0,0,0.0,0,0,0,0,0,0,0,motocome,42,116,0,116,116,future_own_b384,0,0,0
90,90,0,433,1.2182448697696993,0,0,0,0,0,91,90,433,0,83,90,0,0.8547807163996908,90.00000055002643,0.0,42.58133673667908,0.0,90.0,0.0,0.0,0.0,0,0,0,0,0.0,0,0,0,0,0,0,0,motocomenight,83,90,0,90,90,future_own_b384,0,0,0
88,88,0,431,1.216258678771422,0,0,0,0,0,89,88,431,0,88,88,0,0.8838905273593011,88.00000030441323,0.0,45.425901055336,0.0,88.0,0.0,0.0,0.0,0,0,0,0,0.0,0,0,0,0,0,0,0,motowithgood,88,88,0,88,88,future_own_b384,0,0,0
109,109,0,514,3.425790291960272,0,0,0,0,0,110,109,514,0,88,109,0,0.8184952418798863,109.00000076470977,0.0,41.71288186311722,0.0,109.0,0.0,0.0,0.0,0,0,0,0,0.0,0,0,0,0,0,0,0,nightmototurn,88,109,0,109,109,future_own_b384,0,0,0
460,455,2,2770,53.74955473249732,4,0,6,2,0,603,602,2770,0,108,460,142,0.6831839927204757,602.0000042825584,0.0,23.802517294883728,0.0,602.0,0.0,0.0,0.0,0,0,0,0,1678896.9017932997,6,0,3,1,0,6,2,openthisexersicebook,108,602,4,602,602,future_own_b384,0,0,0
1430,1241,545,9699,618.2024204256198,18,0,28,548,14,2110,2109,9699,0,564,1428,681,0.5014406589447538,2109.000001611928,598.8978667050619,234.82548534870148,56.321650207042694,2109.0,0.0,0.0,0.0,2,0,14,1,14460422.85335195,28,9,10,8,5,26,548,outer2leftmirrorback,564,2109,18,2109,2109,future_own_b384,767,0,158
255,255,0,1241,1.650785484281012,0,0,0,0,0,256,255,1241,0,237,255,0,0.8959305855441501,254.99999843285408,0.0,117.62082326412201,0.0,255.0,0.0,0.0,0.0,0,0,0,0,0.0,0,0,0,0,0,0,0,redshirtman,237,255,0,255,255,future_own_b384,0,0,0
427,304,457,4941,430.0220583436454,31,0,203,458,8,840,839,4941,0,2,413,426,0.32820527610399675,838.9999941201387,0.0,1.0096610188484192,0.0,839.0,0.0,0.0,0.0,14,0,8,0,39658499.81851507,203,8,12,9,6,189,458,rightbiggreenboy,2,839,31,839,839,future_own_b384,0,0,0
250,249,109,1995,97.41143131489824,18,0,47,111,1,360,359,1995,0,69,250,109,0.5389929905584625,358.99999710970934,0.0,35.12571579217911,0.0,359.0,0.0,0.0,0.0,0,0,0,0,11754878.62488203,47,2,3,1,0,47,111,rightboy`shead,69,359,18,359,359,future_own_b384,0,0,0
999,992,45,5635,71.33029507270464,5,0,32,45,2,1096,1052,5285,0,933,996,56,0.811736033758072,1052.0000014939121,0.0,478.5949721932411,0.0,1051.9999996745078,0.0,2.5419917702674866,0.0,3,0,1,1,40421931.19695445,32,1,1,1,1,2,45,rightholdball1096,933,1095,2,1052,1052,future_own_b384,0,0,0
502,501,0,2540,14.03749357610091,0,0,3,0,0,506,505,2540,0,493,501,4,0.8871143184582034,505.00000105017364,0.0,248.78763335943222,0.0,504.9999989744424,0.0,65.93695819377899,0.0,1,0,0,0,1865385.4976189914,3,0,0,0,0,2,0,rightredboy,493,505,0,505,505,future_own_b384,0,0,0
764,745,173,4625,163.1575464738749,8,0,56,174,4,948,947,4625,0,516,755,192,0.6510860927945327,947.0000021454401,0.0,112.94681340456009,0.0,947.0,0.0,0.0,0.0,9,0,3,0,11963407.020721914,56,1,3,1,1,47,174,rightshiningmirror,516,947,8,947,947,future_own_b384,0,0,0
1467,1435,155,7970,197.31228605122416,1,0,0,154,1,1602,1601,7970,0,1569,1467,134,0.7775514770046991,1601.0000009069022,140.26159628446075,759.1617363095284,75.48719298839569,1600.9999584792486,0.0,32.01178002357483,0.0,0,0,1,0,0.0,0,0,0,1,1,0,154,righttallnine-gai,1569,1601,1,1601,1601,future_own_b384,155,0,153
272,272,0,1353,7.675772492874989,0,0,0,0,0,273,272,1353,0,272,272,0,0.8389378705851547,272.0000004774506,0.0,106.18293285369873,0.0,272.0,0.0,0.0,0.0,0,0,0,0,0.0,0,0,0,0,0,0,0,rightwhite_1227,272,272,0,272,272,future_own_b384,0,0,0
410,405,5,2066,14.534781071534344,3,0,14,3,0,412,411,2066,0,342,408,3,0.8442551875571198,411.00000173666297,0.0,175.8745794892311,0.0,411.0000000441584,0.0,3.0105140805244446,0.0,2,0,0,0,1233324.5794486904,14,0,0,3,1,12,3,stripeman,342,411,3,411,411,future_own_b384,0,0,0
157,152,106,1285,99.29636200102425,9,0,21,108,1,260,259,1285,0,43,155,104,0.4656220916314915,259.0000025590449,0.0,20.265873789787292,0.0,259.0,0.0,0.0,0.0,2,0,1,0,1035742.787764461,21,2,2,1,0,19,108,stubesideswhitecar,43,259,9,259,259,future_own_b384,0,0,0
314,312,124,2398,110.25780056988026,14,0,97,127,2,443,442,2398,0,109,314,128,0.5591714100202304,442.0000047208469,0.0,53.553079664707184,0.0,442.0,0.0,0.0,0.0,0,0,1,0,4157755.7906648256,97,2,4,3,1,97,127,suitcase,109,442,14,442,442,future_own_b384,0,0,0
116,116,0,548,3.409540711411796,0,0,0,0,0,117,116,548,0,110,116,0,0.8363580309761753,116.0000002806224,0.0,53.44109970331192,0.0,116.0,0.0,0.0,0.0,0,0,0,0,0.0,0,0,0,0,0,0,0,take-out-motocoming,110,116,0,116,116,future_own_b384,0,0,0
306,306,0,1472,11.591216016916919,0,0,0,0,0,307,306,1472,0,287,306,0,0.8424263542488526,305.99999985515063,0.0,147.97384029626846,0.0,306.0,0.0,0.0,0.0,0,0,0,0,0.0,0,0,0,0,0,0,0,tallboyblack,287,306,0,306,306,future_own_b384,0,0,0
148,148,1,724,6.661264902672937,0,0,2,1,0,150,149,724,0,100,148,1,0.8311820627832671,149.00000106439248,0.0,51.264795899391174,0.0,149.0,0.0,0.0,0.0,0,0,0,0,139923.51811259543,2,0,0,0,0,2,1,turnblkbike,100,149,0,149,149,future_own_b384,0,0,0
192,192,0,821,1.7607121696614352,0,0,0,0,0,193,192,821,0,93,192,0,0.8352130423723535,192.0000008448371,0.0,37.92178750038147,0.0,192.0,0.0,0.5012208223342896,0.0,0,0,0,0,0.0,0,0,0,0,0,0,0,unbrellainbike,93,192,0,192,192,future_own_b384,0,0,0
7,7,240,1723,179.998973656804,13,0,104,240,1,251,250,1723,0,5,7,243,0.02826754626594178,250.00000870106004,0.0,2.5439262986183167,0.0,250.0,0.0,0.0,0.0,0,0,0,0,18048999.016663145,104,0,2,0,0,104,240,waiterontheothersideofwindow,5,250,13,250,250,future_own_b384,0,0,0
922,907,184,6069,133.01882082430794,41,1,177,183,4,1117,1116,6069,1,557,913,203,0.6857700345967147,1115.9999945763673,0.0,199.11018043756485,0.0,1116.0,0.0,0.0,0.0,9,1,4,2,7196768.357801485,178,0,5,3,2,168,183,whiteaftertrees,557,1116,41,1116,1116,future_own_b384,0,0,0
166,166,1,756,5.028118114137317,0,0,2,1,0,169,168,756,0,84,166,2,0.8217108404463891,168.00000275746095,0.0,43.85755896568298,0.0,168.0,0.0,0.0,0.0,0,0,0,0,663776.6406398023,2,0,0,0,0,2,1,whiteatright,84,168,0,168,168,future_own_b384,0,0,0
101,101,0,494,3.1509861821031064,0,0,0,0,0,102,101,494,0,96,101,0,0.7898482653691828,101.00000142432646,0.0,49.80895322561264,0.0,101.00000010417656,0.0,4.601011753082275,0.0,0,0,0,0,0.0,0,0,0,0,0,0,0,whiteblcakwoman,96,101,0,101,101,future_own_b384,0,0,0
84,84,0,414,1.3199543712785609,0,0,0,0,0,85,84,414,0,84,84,0,0.9154633034443235,83.99999988830665,0.0,43.97260254621506,0.0,84.0,0.0,0.0,0.0,0,0,0,0,0.0,0,0,0,0,0,0,0,whitecarafterbike,84,84,0,84,84,future_own_b384,0,0,0
112,112,0,560,2.295147749419685,0,0,0,0,0,113,112,560,0,112,112,0,0.915594837694539,111.99999987023138,0.0,59.65612155199051,0.0,112.00000027882905,0.0,1.0035114884376526,0.0,0,0,0,0,0.0,0,0,0,0,0,0,0,whitecarcome,112,112,0,112,112,future_own_b384,0,0,0
149,149,0,745,2.8006023080277216,0,0,0,0,0,150,149,745,0,149,149,0,0.9253347939048521,148.99999947872823,0.0,77.87070792913437,0.0,149.0,0.0,0.0,0.0,0,0,0,0,0.0,0,0,0,0,0,0,0,whitecarcoming,149,149,0,149,149,future_own_b384,0,0,0
347,347,0,1627,8.449626145121039,0,0,0,0,0,348,347,1627,0,316,347,0,0.8910893902382916,346.99999846422025,0.0,159.48414558172226,0.0,347.0,0.0,0.0,0.0,0,0,0,0,0.0,0,0,0,0,0,0,0,whitemancome,316,347,0,347,347,future_own_b384,0,0,0
110,110,0,439,1.1152618016257638,0,0,0,0,0,111,110,439,0,43,110,0,0.8393328306801819,110.00000001982676,0.0,22.187261402606964,0.0,110.0,0.0,0.0,0.0,0,0,0,0,0.0,0,0,0,0,0,0,0,womanongrass,43,110,0,110,110,future_own_b384,0,0,0
126,126,0,627,7.769101845697097,0,0,1,0,0,143,142,627,0,58,126,16,0.7186439464810761,142.00000126091808,0.0,12.105938732624054,0.0,142.0,0.0,0.0,0.0,0,0,0,0,97782.24210923912,1,0,0,0,0,1,0,yellowexcesicebook,58,142,0,142,142,future_own_b384,0,0,0
