dataset,variant,attribute,sequences,NPR,PR,SR,MPR,MSR
lasher,baseline,NO,33,89.45432785280413,90.58146424309027,74.36701543234288,,
lasher,baseline,PO,215,70.81565945427234,74.668959968953,59.25814273749148,,
lasher,baseline,TO,87,65.18409855551722,69.74442303940226,54.716215203259864,,
lasher,baseline,HO,17,67.88755023733837,68.20004134981271,58.38311860327564,,
lasher,baseline,MB,88,65.56585314264491,70.66689106075015,55.257732742592516,,
lasher,baseline,LI,51,63.48509344907263,66.63735839876614,53.8971362986785,,
lasher,baseline,HI,34,75.52941345911556,79.71960810275718,63.2457293756959,,
lasher,baseline,AIV,7,55.41986428773924,57.65325537429039,50.06759835759801,,
lasher,baseline,LR,68,60.20742054530723,68.58790821455202,50.75983543480134,,
lasher,baseline,DEF,46,76.85991189669522,78.90229447237813,63.67625468947954,,
lasher,baseline,BC,78,71.67343638353826,74.87217190905498,59.04187828214662,,
lasher,baseline,SA,107,63.7716902278914,67.98554411278158,54.086007767585606,,
lasher,baseline,CM,133,71.52114857609452,75.23896528561103,59.74655626903977,,
lasher,baseline,TC,148,65.57930569336769,69.65179977362527,55.10151105832266,,
lasher,baseline,FL,20,61.90589603443025,65.40054668732549,50.78458502810339,,
lasher,baseline,OV,7,76.60396286710935,76.33194392655817,65.13140709967432,,
lasher,baseline,FM,193,71.65213397285916,74.92886792170393,60.04065465822131,,
lasher,baseline,SV,222,72.89096760373542,76.2273398215761,60.83062421851702,,
lasher,baseline,ARC,109,68.21306463047385,71.08228424956955,57.44400161321806,,
lasher,abc,NO,33,87.78963536609312,88.90863421796489,72.80881922442795,,
lasher,abc,PO,215,71.02248419803824,74.81016830431045,59.26252295746919,,
lasher,abc,TO,87,64.64958804206698,68.960564589766,54.05405436944285,,
lasher,abc,HO,17,69.18143870866454,69.10447179712406,59.2251248037303,,
lasher,abc,MB,88,64.99776109084902,70.18491760987891,54.666634049456285,,
lasher,abc,LI,51,62.50118726445587,65.9081788232571,52.90137767237306,,
lasher,abc,HI,34,75.23726637122655,79.98521472013172,62.88601687899488,,
lasher,abc,AIV,7,55.25352257009024,57.60469272271502,49.550580050316775,,
lasher,abc,LR,68,60.04002243299686,67.82081211385311,50.43864000053756,,
lasher,abc,DEF,46,78.43100342852605,80.63009940542935,64.80719796473396,,
lasher,abc,BC,78,73.12440302500974,76.24060866944944,60.041956822241424,,
lasher,abc,SA,107,64.36086276187723,68.28670589625847,54.40353629211228,,
lasher,abc,CM,133,71.82900079611362,75.48551295401852,59.77641753380396,,
lasher,abc,TC,148,65.2238344612851,69.18662080118942,54.65564271472153,,
lasher,abc,FL,20,61.67000160171278,64.42427934406984,50.00165134604132,,
lasher,abc,OV,7,78.01572119558759,77.67096021415026,66.20348423757248,,
lasher,abc,FM,193,71.46531229668686,74.49686997813377,59.66611571609805,,
lasher,abc,SV,222,73.23836380639254,76.49446342004592,60.943166625935376,,
lasher,abc,ARC,109,68.24345497655433,71.11913782532872,57.29649603793953,,
lasher,abc_box_only,NO,33,87.69171251454863,88.74646465906415,72.73036171106388,,
lasher,abc_box_only,PO,215,71.25194097983506,75.08160990823983,59.458417964424015,,
lasher,abc_box_only,TO,87,64.388598299445,68.66368025345174,53.830657245040456,,
lasher,abc_box_only,HO,17,68.93883381878973,69.00449537694328,59.07693221319838,,
lasher,abc_box_only,MB,88,66.2091660163091,71.43390715764637,55.693930091062846,,
lasher,abc_box_only,LI,51,62.423846223706306,65.69243105489956,52.7153037707674,,
lasher,abc_box_only,HI,34,74.95479176213044,79.51809645838928,62.77646788771265,,
lasher,abc_box_only,AIV,7,55.0908848779014,57.35762020978864,49.471106831990404,,
lasher,abc_box_only,LR,68,60.842905901438435,68.65393954351401,51.077381739637104,,
lasher,abc_box_only,DEF,46,77.42932654625713,79.52637016625309,63.975622643866394,,
lasher,abc_box_only,BC,78,72.58823528029649,75.7098353400358,59.578715977222764,,
lasher,abc_box_only,SA,107,64.52131129878214,68.58029912732223,54.529858312585645,,
lasher,abc_box_only,CM,133,72.36326464719333,76.08035428244185,60.2462335800779,,
lasher,abc_box_only,TC,148,65.50579989068305,69.57414886852284,54.88681222875434,,
lasher,abc_box_only,FL,20,62.60768124158146,65.23170677761644,51.0074063056314,,
lasher,abc_box_only,OV,7,78.21913857047828,77.9115962047882,66.41597408828966,,
lasher,abc_box_only,FM,193,71.36534051007933,74.38024345689543,59.59691179286713,,
lasher,abc_box_only,SV,222,73.44741175410641,76.73196183482438,61.11857879358805,,
lasher,abc_box_only,ARC,109,68.27851579054955,71.18221645016803,57.35307752343138,,
rgbt234,baseline,BC,54,,,,88.05338667469307,63.46149069932058
rgbt234,baseline,CM,89,,,,90.52232217351909,69.49363756636157
rgbt234,baseline,DEF,76,,,,89.51278306601968,68.69985400560611
rgbt234,baseline,FM,32,,,,88.72903207603925,64.42903066692853
rgbt234,baseline,HO,96,,,,87.89580349079644,65.25631408107651
rgbt234,baseline,LI,63,,,,94.42758521460973,70.39806580691473
rgbt234,baseline,LR,50,,,,89.57272094148212,65.37864374654222
rgbt234,baseline,MB,55,,,,89.44872248090158,69.04175274849736
rgbt234,baseline,NO,41,,,,97.62363249765403,75.84041919538187
rgbt234,baseline,TC,28,,,,90.79484065421755,67.42157419251059
rgbt234,baseline,PO,96,,,,93.08006880119257,70.2159658469439
rgbt234,baseline,SC,120,,,,93.62394667952604,71.39661783017524
rgbt234,abc,BC,54,,,,85.61014356044008,62.34345349908653
rgbt234,abc,CM,89,,,,90.30501641089056,69.3047736269758
rgbt234,abc,DEF,76,,,,88.56101716351465,68.0508714062933
rgbt234,abc,FM,32,,,,85.90141995073478,63.208329792612176
rgbt234,abc,HO,96,,,,87.7655742686222,65.24830885677471
rgbt234,abc,LI,63,,,,91.92267276317604,68.87106125733489
rgbt234,abc,LR,50,,,,86.65236240611331,64.22221054763767
rgbt234,abc,MB,55,,,,91.10121133352048,70.07578153137366
rgbt234,abc,NO,41,,,,95.040800938776,74.61171971810394
rgbt234,abc,TC,28,,,,88.83193170870814,66.59235814539254
rgbt234,abc,PO,96,,,,91.07865247600367,69.04594539217975
rgbt234,abc,SC,120,,,,92.45600338367687,70.8966291393918
rgbt234,abc_box_only,BC,54,,,,85.33116214735074,62.03081184281406
rgbt234,abc_box_only,CM,89,,,,90.0248718289057,69.15689316904864
rgbt234,abc_box_only,DEF,76,,,,88.5667822384477,68.12736233347988
rgbt234,abc_box_only,FM,32,,,,85.80225199407842,63.146443955281285
rgbt234,abc_box_only,HO,96,,,,87.89793861653004,65.28825195828037
rgbt234,abc_box_only,LI,63,,,,91.9446461496773,68.88689721292303
rgbt234,abc_box_only,LR,50,,,,87.00203739785313,64.24728596491829
rgbt234,abc_box_only,MB,55,,,,91.1248986608004,70.09345509184911
rgbt234,abc_box_only,NO,41,,,,95.02935012004247,74.60282647080264
rgbt234,abc_box_only,TC,28,,,,89.49973154485501,66.66957475155805
rgbt234,abc_box_only,PO,96,,,,90.83635801972328,68.86685974129347
rgbt234,abc_box_only,SC,120,,,,92.44833966031887,70.89397543906671
