variant,attribute,sequences,NPR,PR,SR
baseline,NO,33,89.45432785280413,90.58146424309027,74.36701543234288
baseline,PO,215,70.81565945427234,74.668959968953,59.25814273749148
baseline,TO,87,65.18409855551722,69.74442303940226,54.716215203259864
baseline,HO,17,67.88755023733837,68.20004134981271,58.38311860327564
baseline,MB,88,65.56585314264491,70.66689106075015,55.257732742592516
baseline,LI,51,63.48509344907263,66.63735839876614,53.8971362986785
baseline,HI,34,75.52941345911556,79.71960810275718,63.2457293756959
baseline,AIV,7,55.41986428773924,57.65325537429039,50.06759835759801
baseline,LR,68,60.20742054530723,68.58790821455202,50.75983543480134
baseline,DEF,46,76.85991189669522,78.90229447237813,63.67625468947954
baseline,BC,78,71.67343638353826,74.87217190905498,59.04187828214662
baseline,SA,107,63.7716902278914,67.98554411278158,54.086007767585606
baseline,CM,133,71.52114857609452,75.23896528561103,59.74655626903977
baseline,TC,148,65.57930569336769,69.65179977362527,55.10151105832266
baseline,FL,20,61.90589603443025,65.40054668732549,50.78458502810339
baseline,OV,7,76.60396286710935,76.33194392655817,65.13140709967432
baseline,FM,193,71.65213397285916,74.92886792170393,60.04065465822131
baseline,SV,222,72.89096760373542,76.2273398215761,60.83062421851702
baseline,ARC,109,68.21306463047385,71.08228424956955,57.44400161321806
c1,NO,33,87.29671363377743,88.39362116781363,72.54425292751283
c1,PO,215,72.0087850857089,76.11165925786257,60.30254805017301
c1,TO,87,65.85915934388022,70.63441311844586,55.41749228222712
c1,HO,17,71.51446239787747,71.90106716324887,61.38747734153364
c1,MB,88,65.6986550345711,70.93573678846714,55.33114841154212
c1,LI,51,62.829545948827494,65.83156802393171,53.41464700005266
c1,HI,34,75.78882773389407,79.80084892223401,63.28391816609885
c1,AIV,7,54.335993041640705,56.744955869166446,49.468210854055634
c1,LR,68,61.4011125310856,70.12417772876324,51.865731013067716
c1,DEF,46,75.42311926903464,77.58627962726173,62.501037415989934
c1,BC,78,72.7347760864289,75.81176311886126,59.81351430086998
c1,SA,107,66.33833009974465,71.05981526877959,56.34549812183103
c1,CM,133,72.33100423362944,76.25886318348466,60.42367042747804
c1,TC,148,66.75140124918033,71.11936276641886,56.15450063241884
c1,FL,20,67.61296547862354,71.79153756279295,55.35759923410356
c1,OV,7,76.65723732462003,76.46308151180492,65.31536135238385
c1,FM,193,72.32652284522885,75.68768182724695,60.6085475030401
c1,SV,222,74.06224396999417,77.57215263976403,61.821632425803585
c1,ARC,109,69.17176290421646,72.31767652738183,58.35086939701603
