variant,sequence,tracking_frames,valid_tracking_frames,valid_candidate_actions,candidate_count_sum,chosen_failed_frames,recalled_frames,original_failed_frames,original_correct_frames,correct_candidate_available_when_original_failed,current_frame_reselection_rescues,current_frame_reselection_harms,mis_rejected_correct_candidate_frames,alternative_selections,template_updates,valid_gt_template_updates,wrong_template_updates_localization_proxy,known_active_template_source_frames,wrong_active_template_source_frames_localization_proxy,candidate_quality_squared_error_sum,failure_events,candidate_recall_at_k,candidate_recall_given_original_failure,current_frame_reselection_rescue_rate,current_frame_reselection_harm_rate,mis_rejected_correct_candidate_rate_given_chosen_failure,wrong_template_update_rate_localization_proxy,wrong_active_template_source_rate_localization_proxy,candidate_quality_mse
baseline,afterrain,122,122,559,559,0,122,0,122,0,0,0,0,0,15,15,0,122,0,2.1274111117501264,0,1.0,,,0.0,,0.0,0.0,0.0038057443859572924
baseline,aftertree,312,312,1508,1508,0,312,0,312,0,0,0,0,0,81,81,0,312,0,9.169375264584323,0,1.0,,,0.0,,0.0,0.0,0.006080487575984299
baseline,baby,658,658,3180,3180,8,631,8,631,0,0,0,0,0,369,369,0,658,0,25.537738015067205,2,0.958966565349544,0.0,,0.0,0.0,0.0,0.0,0.0080307352248639
baseline,baginhand,279,279,961,961,2,270,2,269,0,0,0,0,0,33,33,0,279,0,2.3718178577183275,0,0.967741935483871,0.0,,0.0,0.0,0.0,0.0,0.002468072692734992
baseline,baketballwaliking,221,221,984,984,38,183,38,183,0,0,0,0,0,2,2,0,221,0,23.218997922275676,3,0.8280542986425339,0.0,,0.0,0.0,0.0,0.0,0.023596542603938696
baseline,balancebike,224,224,946,946,22,196,22,194,2,0,0,2,0,16,16,0,224,0,7.007567866240819,1,0.875,0.09090909090909091,0.0,0.0,0.09090909090909091,0.0,0.0,0.007407577025624544
baseline,basketball2,74,74,353,353,0,74,0,74,0,0,0,0,0,0,0,0,74,0,0.736775170632114,0,1.0,,,0.0,,,0.0,0.0020871817864932408
baseline,bicyclecity,281,281,1387,1387,0,281,0,281,0,0,0,0,0,279,279,0,281,0,1.5128112292103353,0,1.0,,,0.0,,0.0,0.0,0.0010907074471595785
baseline,bike,332,332,1612,1612,0,332,0,332,0,0,0,0,0,332,332,0,332,0,2.7920536015102524,0,1.0,,,0.0,,0.0,0.0,0.0017320431771155412
baseline,bikeman,176,176,873,873,0,176,0,176,0,0,0,0,0,0,0,0,176,0,4.234691191206551,0,1.0,,,0.0,,,0.0,0.004850734468736026
baseline,bikemove1,174,174,800,800,0,174,0,174,0,0,0,0,0,59,59,0,174,0,1.7347542537644673,0,1.0,,,0.0,,0.0,0.0,0.002168442817205584
baseline,biketwo,332,332,1583,1583,67,68,67,68,0,0,0,0,0,10,10,0,332,0,34.309610267410925,1,0.20481927710843373,0.0,,0.0,0.0,0.0,0.0,0.021673790440562807
baseline,blackwoman,497,497,1844,1844,0,497,0,497,0,0,0,0,0,0,0,0,497,0,10.690006815499151,0,1.0,,,0.0,,,0.0,0.005797183739424702
baseline,blueCar,298,298,1478,1478,0,298,0,298,0,0,0,0,0,298,298,0,298,0,2.402285099149419,0,1.0,,,0.0,,0.0,0.0,0.0016253620427262646
baseline,bluebike,260,260,1288,1288,0,260,0,260,0,0,0,0,0,236,236,0,260,0,8.280984216350387,0,1.0,,,0.0,,0.0,0.0,0.006429335571700611
baseline,boundaryandfast,189,189,935,935,0,23,0,23,0,0,0,0,0,4,4,0,189,0,16.32942011636915,0,0.12169312169312169,,,0.0,,0.0,0.0,0.017464620445314598
baseline,bus6,88,88,416,416,0,88,0,88,0,0,0,0,0,88,88,0,88,0,0.7128783835036351,0,1.0,,,0.0,,0.0,0.0,0.0017136499603452766
baseline,call,218,218,1053,1053,1,40,1,39,1,0,0,1,0,0,0,0,218,0,24.890945034938177,0,0.1834862385321101,1.0,0.0,0.0,1.0,,0.0,0.023638124439637396
baseline,car,414,414,2030,2030,0,414,0,414,0,0,0,0,0,414,414,0,414,0,3.3265267950711404,0,1.0,,,0.0,,0.0,0.0,0.00163868315028135
baseline,car10,211,211,1040,1040,0,211,0,211,0,0,0,0,0,211,211,0,211,0,0.8528566489210243,0,1.0,,,0.0,,0.0,0.0,0.0008200544701163695
baseline,car20,160,160,799,799,0,159,0,159,0,0,0,0,0,160,160,0,160,0,6.390681268119896,0,0.99375,,,0.0,,0.0,0.0,0.007998349522052436
baseline,car3,500,500,2323,2323,0,500,0,500,0,0,0,0,0,449,449,0,500,0,1.9245906884454655,0,1.0,,,0.0,,0.0,0.0,0.0008284936239541392
baseline,car37,603,603,2945,2945,15,577,15,577,0,0,0,0,0,87,87,0,603,0,41.27309565322376,1,0.956882255389718,0.0,,0.0,0.0,0.0,0.0,0.014014633498547967
baseline,car4,146,146,719,719,0,146,0,146,0,0,0,0,0,146,146,0,146,0,4.726850094877513,0,1.0,,,0.0,,0.0,0.0,0.006574200410121715
baseline,car41,253,253,1258,1258,0,253,0,253,0,0,0,0,0,253,253,0,253,0,4.2029800785252664,0,1.0,,,0.0,,0.0,0.0,0.00334100165224584
baseline,car66,209,209,1042,1042,0,209,0,209,0,0,0,0,0,209,209,0,209,0,1.3116537612478303,0,1.0,,,0.0,,0.0,0.0,0.0012587847996620252
baseline,carLight,266,266,1330,1330,0,266,0,266,0,0,0,0,0,251,251,0,266,0,6.43779811114213,0,1.0,,,0.0,,0.0,0.0,0.004840449707625661
baseline,caraftertree,229,229,1124,1124,27,198,27,195,3,0,0,3,0,208,208,18,229,34,23.62469675236613,1,0.8646288209606987,0.1111111111111111,0.0,0.0,0.1111111111111111,0.08653846153846154,0.14847161572052403,0.021018413480752784
baseline,carnotfar,417,417,2053,2053,0,417,0,417,0,0,0,0,0,417,417,0,417,0,3.4444248387513907,0,1.0,,,0.0,,0.0,0.0,0.0016777519915983394
baseline,carnotmove,416,416,1914,1914,5,408,5,403,4,0,0,4,0,0,0,0,416,0,7.388465777656165,1,0.9807692307692307,0.8,0.0,0.0,0.8,,0.0,0.0038602224543658127
baseline,carred,179,179,886,886,0,165,0,165,0,0,0,0,0,162,162,0,179,0,13.17793977188245,0,0.9217877094972067,,,0.0,,0.0,0.0,0.014873521187226242
baseline,child,139,139,591,591,12,69,12,69,0,0,0,0,0,0,0,0,139,0,7.343467359466072,0,0.49640287769784175,0.0,,0.0,0.0,,0.0,0.012425494686067804
baseline,child1,318,318,1286,1286,174,199,174,134,65,0,0,65,0,177,177,162,318,162,178.87802983841632,2,0.6257861635220126,0.3735632183908046,0.0,0.0,0.3735632183908046,0.9152542372881356,0.5094339622641509,0.13909644621960834
baseline,child3,620,620,2852,2852,278,367,278,309,57,0,0,57,0,0,0,0,620,0,165.83538379049983,4,0.5919354838709677,0.20503597122302158,0.0,0.0,0.20503597122302158,,0.0,0.05814704901490177
baseline,child4,523,523,2082,2082,114,474,114,407,67,0,0,67,0,340,340,109,523,109,122.78363225875809,1,0.9063097514340345,0.5877192982456141,0.0,0.0,0.5877192982456141,0.3205882352941177,0.2084130019120459,0.058973886771737795
baseline,children2,238,238,1145,1145,227,17,227,2,15,0,0,15,0,0,0,0,238,0,61.55252045998816,1,0.07142857142857142,0.06607929515418502,0.0,0.0,0.06607929515418502,,0.0,0.05375765979038267
baseline,children3,135,135,582,582,20,104,20,91,13,0,0,13,0,0,0,0,135,0,23.538068711074878,1,0.7703703703703704,0.65,0.0,0.0,0.65,,0.0,0.04044341702933828
baseline,children4,102,102,442,442,7,31,7,31,0,0,0,0,0,2,2,0,102,0,9.71514922057911,0,0.30392156862745096,0.0,,0.0,0.0,0.0,0.0,0.021979975612169935
baseline,crossroad,767,767,3507,3507,0,766,0,766,0,0,0,0,0,513,513,0,767,0,25.57626426157634,0,0.9986962190352021,,,0.0,,0.0,0.0,0.0072929182382595785
baseline,crouch,1040,1040,4801,4801,17,1009,17,1002,7,0,0,7,0,121,121,0,1040,0,39.5192771273453,1,0.9701923076923077,0.4117647058823529,0.0,0.0,0.4117647058823529,0.0,0.0,0.008231467845729076
baseline,cycle1,186,186,891,891,96,154,96,72,74,0,0,74,0,0,0,0,186,0,47.24549833067561,3,0.8279569892473119,0.7708333333333334,0.0,0.0,0.7708333333333334,,0.0,0.05302525065171224
baseline,cycle2,402,402,1778,1778,0,393,0,393,0,0,0,0,0,235,235,0,402,0,10.950664912995938,0,0.9776119402985075,,,0.0,,0.0,0.0,0.006158979141167569
baseline,cycle3,435,435,1980,1980,0,435,0,435,0,0,0,0,0,433,433,0,435,0,8.760700902730665,0,1.0,,,0.0,,0.0,0.0,0.004424596415520538
baseline,cycle4,335,335,1592,1592,0,335,0,335,0,0,0,0,0,283,283,0,335,0,5.177806954835329,0,1.0,,,0.0,,0.0,0.0,0.0032523913032885235
baseline,cycle5,113,113,519,519,0,112,0,112,0,0,0,0,0,108,108,0,113,0,0.4086428502993226,0,0.9911504424778761,,,0.0,,0.0,0.0,0.0007873658001913731
baseline,diamond,453,453,2037,2037,13,396,13,393,2,0,0,2,0,7,7,0,453,0,14.46356040914887,3,0.8741721854304636,0.15384615384615385,0.0,0.0,0.15384615384615385,0.0,0.0,0.007100422390352907
baseline,dog,44,44,174,174,1,44,1,43,1,0,0,1,0,0,0,0,44,0,0.8499657840421668,0,1.0,1.0,0.0,0.0,1.0,,0.0,0.004884860827828545
baseline,dog1,982,982,3737,3737,208,757,208,757,0,0,0,0,0,200,200,0,982,0,78.6035707906677,1,0.7708757637474541,0.0,,0.0,0.0,0.0,0.0,0.021033869625546615
baseline,dog10,346,346,1611,1611,0,346,0,346,0,0,0,0,0,169,169,0,346,0,1.9577075682043903,0,1.0,,,0.0,,0.0,0.0,0.0012152126432057046
baseline,dog11,86,86,332,332,5,78,5,76,1,0,0,1,0,0,0,0,86,0,3.6920468806939444,1,0.9069767441860465,0.2,0.0,0.0,0.2,,0.0,0.011120623134620315
baseline,elecbike,125,125,573,573,0,125,0,125,0,0,0,0,0,104,104,0,125,0,3.3466652309951366,0,1.0,,,0.0,,0.0,0.0,0.005840602497373711
baseline,elecbike10,462,462,2142,2142,0,438,0,438,0,0,0,0,0,122,122,0,462,0,11.009827374341164,0,0.948051948051948,,,0.0,,0.0,0.0,0.005139975431531822
baseline,elecbike2,581,581,2772,2772,122,418,122,399,12,0,0,12,0,0,0,0,581,0,97.01049318147537,3,0.7194492254733219,0.09836065573770492,0.0,0.0,0.09836065573770492,,0.0,0.03499657041178765
baseline,elecbike3,143,143,699,699,0,135,0,135,0,0,0,0,0,24,24,0,143,0,5.6919613402010345,0,0.9440559440559441,,,0.0,,0.0,0.0,0.008143006209157417
baseline,elecbikechange2,210,210,1005,1005,0,210,0,210,0,0,0,0,0,207,207,0,210,0,2.522102523460907,0,1.0,,,0.0,,0.0,0.0,0.0025095547497123454
baseline,elecbikeinfrontcar,207,207,1002,1002,2,204,2,204,0,0,0,0,0,150,150,0,207,0,4.546627504643801,0,0.9855072463768116,0.0,,0.0,0.0,0.0,0.0,0.004537552399844113
baseline,elecbikewithhat,94,94,462,462,0,94,0,94,0,0,0,0,0,94,94,0,94,0,0.9778162760028377,0,1.0,,,0.0,,0.0,0.0,0.002116485445893588
baseline,elecbikewithlight,136,136,611,611,0,136,0,136,0,0,0,0,0,120,120,0,136,0,10.467794345381218,0,1.0,,,0.0,,0.0,0.0,0.017132232971164025
baseline,elecbikewithlight1,184,184,902,902,2,184,2,182,2,0,0,2,0,96,96,0,184,0,2.27236892984342,0,1.0,1.0,0.0,0.0,1.0,0.0,0.0,0.0025192560197820624
baseline,face1,1334,1334,6456,6456,115,1225,115,1114,110,0,0,110,0,107,107,0,1334,0,84.38533648956536,1,0.9182908545727136,0.9565217391304348,0.0,0.0,0.9565217391304348,0.0,0.0,0.013070838985372578
baseline,floor-1,127,127,615,615,1,123,1,123,0,0,0,0,0,0,0,0,127,0,4.781435121271043,0,0.968503937007874,0.0,,0.0,0.0,,0.0,0.007774691254099257
baseline,flower1,595,595,2640,2640,78,487,78,455,32,0,0,32,0,3,3,0,595,0,50.00068736743947,5,0.8184873949579832,0.41025641025641024,0.0,0.0,0.41025641025641024,0.0,0.0,0.018939654305848284
baseline,flower2,421,421,1880,1880,0,416,0,416,0,0,0,0,0,362,362,0,421,0,1.9909715365773377,0,0.9881235154394299,,,0.0,,0.0,0.0,0.001059027413073052
baseline,fog,671,671,3286,3286,3,668,3,666,1,0,0,1,0,211,211,0,671,0,15.306665733118276,0,0.9955290611028316,0.3333333333333333,0.0,0.0,0.3333333333333333,0.0,0.0,0.004658145384393876
baseline,fog6,302,302,1475,1475,0,302,0,302,0,0,0,0,0,302,302,0,302,0,4.122721323292388,0,1.0,,,0.0,,0.0,0.0,0.0027950653039270426
baseline,glass,452,452,2062,2062,95,342,95,342,0,0,0,0,0,231,231,0,452,0,33.035510342278116,2,0.7566371681415929,0.0,,0.0,0.0,0.0,0.0,0.016021101038932162
baseline,glass2,265,265,912,912,0,264,0,264,0,0,0,0,0,50,50,0,265,0,3.992423304108172,0,0.9962264150943396,,,0.0,,0.0,0.0,0.0043776571316975574
baseline,graycar2,344,344,1706,1706,0,337,0,337,0,0,0,0,0,232,232,0,344,0,8.66908966820267,0,0.9796511627906976,,,0.0,,0.0,0.0,0.005081529700001565
baseline,green,490,490,2426,2426,0,490,0,490,0,0,0,0,0,490,490,0,490,0,13.140477446740672,0,1.0,,,0.0,,0.0,0.0,0.0054165199698024205
baseline,greentruck,128,128,603,603,0,128,0,128,0,0,0,0,0,128,128,0,128,0,0.9933727264381735,0,1.0,,,0.0,,0.0,0.0,0.0016473842892838699
baseline,greyman,281,281,1212,1212,0,250,0,250,0,0,0,0,0,121,121,0,281,0,9.884577224481081,0,0.8896797153024911,,,0.0,,0.0,0.0,0.008155591769373829
baseline,greywoman,153,153,734,734,0,153,0,153,0,0,0,0,0,120,120,0,153,0,5.537341527615672,0,1.0,,,0.0,,0.0,0.0,0.007544062026724348
baseline,guidepost,440,440,2162,2162,4,421,4,421,0,0,0,0,0,209,209,0,440,0,7.310598114311793,0,0.9568181818181818,0.0,,0.0,0.0,0.0,0.0,0.0033814052332616987
baseline,hotglass,416,416,1501,1501,15,399,15,398,1,0,0,1,0,0,0,0,416,0,7.759793606329637,1,0.9591346153846154,0.06666666666666667,0.0,0.0,0.06666666666666667,,0.0,0.00516974923806105
baseline,hotkettle,1079,1079,4687,4687,0,1079,0,1079,0,0,0,0,0,0,0,0,1079,0,7.785355162363391,0,1.0,,,0.0,,,0.0,0.001661052946951865
baseline,inglassandmobile,629,629,2887,2887,0,629,0,629,0,0,0,0,0,618,618,0,629,0,4.329392275588425,0,1.0,,,0.0,,0.0,0.0,0.0014996163060576465
baseline,jump,443,443,2079,2079,0,443,0,443,0,0,0,0,0,261,261,0,443,0,8.415770328290655,0,1.0,,,0.0,,0.0,0.0,0.004047989575897381
baseline,kettle,1423,1423,5080,5080,81,1262,81,1258,4,0,0,4,0,0,0,0,1423,0,26.556604025085466,3,0.8868587491215741,0.04938271604938271,0.0,0.0,0.04938271604938271,,0.0,0.005227677957693989
baseline,kite2,1622,1622,7887,7887,1450,152,1450,152,0,0,0,0,0,0,0,0,1622,0,148.07957087283432,1,0.093711467324291,0.0,,0.0,0.0,,0.0,0.018775145286272894
baseline,kite4,1399,1399,4981,4981,0,1345,0,1345,0,0,0,0,0,247,247,0,1399,0,23.180613013150264,0,0.9614010007147963,,,0.0,,0.0,0.0,0.00465380706949413
baseline,luggage,732,732,3618,3618,0,732,0,732,0,0,0,0,0,603,603,0,732,0,6.079063786075922,0,1.0,,,0.0,,0.0,0.0,0.0016802276910104815
baseline,man2,745,745,3599,3599,0,745,0,745,0,0,0,0,0,745,745,0,745,0,17.27637767865788,0,1.0,,,0.0,,0.0,0.0,0.004800327223856038
baseline,man22,328,328,1546,1546,17,322,17,311,11,0,0,11,0,149,149,0,328,0,18.341512926187853,2,0.9817073170731707,0.6470588235294118,0.0,0.0,0.6470588235294118,0.0,0.0,0.011863850534403527
baseline,man23,402,402,1856,1856,116,260,116,243,17,0,0,17,0,94,94,0,402,0,32.40839070481853,3,0.6467661691542289,0.14655172413793102,0.0,0.0,0.14655172413793102,0.0,0.0,0.01746141740561343
baseline,man24,557,557,2528,2528,67,489,67,468,21,0,0,21,0,451,451,66,557,66,76.02479559322111,1,0.8779174147217235,0.31343283582089554,0.0,0.0,0.31343283582089554,0.14634146341463414,0.118491921005386,0.030073099522634934
baseline,man26,448,448,1154,1154,15,422,15,419,3,0,0,3,0,370,370,0,448,0,10.911194017349594,1,0.9419642857142857,0.2,0.0,0.0,0.2,0.0,0.0,0.009455107467373998
baseline,man28,478,478,2126,2126,54,362,54,347,14,0,0,14,0,0,0,0,478,0,45.25570343072475,5,0.7573221757322176,0.25925925925925924,0.0,0.0,0.25925925925925924,,0.0,0.021286784304197906
baseline,man29,268,268,1255,1255,88,159,88,136,20,0,0,20,0,106,106,0,268,0,41.02017282556831,2,0.5932835820895522,0.22727272727272727,0.0,0.0,0.22727272727272727,0.0,0.0,0.03268539667375961
baseline,man3,3626,3626,17962,17962,0,3620,0,3620,0,0,0,0,0,3500,3500,0,3626,0,170.86867095545284,0,0.9983452840595698,,,0.0,,0.0,0.0,0.009512786491228864
baseline,man4,588,588,2492,2492,161,454,161,414,40,0,0,40,0,351,351,128,588,158,150.3138637244778,1,0.7721088435374149,0.2484472049689441,0.0,0.0,0.2484472049689441,0.3646723646723647,0.2687074829931973,0.060318564897463005
baseline,man45,264,264,1167,1167,9,252,9,246,5,0,0,5,0,0,0,0,264,0,25.382905025287926,1,0.9545454545454546,0.5555555555555556,0.0,0.0,0.5555555555555556,,0.0,0.02175056128987826
baseline,man5,597,597,2767,2767,0,595,0,595,0,0,0,0,0,446,446,0,597,0,6.1750526333285585,0,0.9966499162479062,,,0.0,,0.0,0.0,0.0022316778580876613
baseline,man55,551,551,2258,2258,0,541,0,541,0,0,0,0,0,118,118,0,551,0,8.297451458204566,0,0.9818511796733213,,,0.0,,0.0,0.0,0.0036746906369373635
baseline,man68,392,392,1923,1923,0,365,0,365,0,0,0,0,0,241,241,0,392,0,22.883104686764863,0,0.9311224489795918,,,0.0,,0.0,0.0,0.011899690424734719
baseline,man69,119,119,510,510,0,116,0,116,0,0,0,0,0,0,0,0,119,0,1.5895961268089152,0,0.9747899159663865,,,0.0,,,0.0,0.003116855150605716
baseline,man7,4139,4139,20156,20156,2320,2048,2320,1671,376,0,0,376,0,1271,1271,41,4139,67,1145.8351836952365,16,0.49480550857695094,0.16206896551724137,0.0,0.0,0.16206896551724137,0.03225806451612903,0.016187484899734237,0.056848342116255036
baseline,man8,2583,2583,12643,12643,861,1675,861,1651,23,0,0,23,0,0,0,0,2583,0,192.28591901915394,5,0.64847077042199,0.026713124274099883,0.0,0.0,0.026713124274099883,,0.0,0.015208883889832629
baseline,man88,211,211,1016,1016,0,211,0,211,0,0,0,0,0,209,209,0,211,0,6.245370203663239,0,1.0,,,0.0,,0.0,0.0,0.006147017916991376
baseline,man9,501,501,2448,2448,0,436,0,436,0,0,0,0,0,361,361,0,501,0,20.94798419331368,0,0.8702594810379242,,,0.0,,0.0,0.0,0.008557183085503954
baseline,manafterrain,491,491,2027,2027,0,484,0,484,0,0,0,0,0,0,0,0,491,0,8.459907872242553,0,0.9857433808553971,,,0.0,,,0.0,0.0041736101984423055
baseline,mancross,116,116,545,545,115,1,115,1,0,0,0,0,0,40,40,40,116,90,72.43949261750674,1,0.008620689655172414,0.0,,0.0,0.0,1.0,0.7758620689655172,0.13291650021560872
baseline,mancross1,221,221,1004,1004,17,199,17,197,1,0,0,1,0,99,99,0,221,0,10.507883443091979,1,0.9004524886877828,0.058823529411764705,0.0,0.0,0.058823529411764705,0.0,0.0,0.01046601936562946
baseline,mancrossandup,336,336,1639,1639,0,326,0,326,0,0,0,0,0,167,167,0,336,0,5.022482163644619,0,0.9702380952380952,,,0.0,,0.0,0.0,0.003064357634926552
baseline,mandrivecar,390,390,1816,1816,8,337,8,331,5,0,0,5,0,169,169,0,390,0,10.787281012445856,1,0.8641025641025641,0.625,0.0,0.0,0.625,0.0,0.0,0.005940132716104546
baseline,manfaraway,248,248,1183,1183,87,162,87,161,1,0,0,1,0,0,0,0,248,0,17.114403736296318,1,0.6532258064516129,0.011494252873563218,0.0,0.0,0.011494252873563218,,0.0,0.014466951594502382
baseline,maninblack,176,176,850,850,0,176,0,176,0,0,0,0,0,149,149,0,176,0,4.303793089849661,0,1.0,,,0.0,,0.0,0.0,0.005063285988058425
baseline,maninglass,418,418,1548,1548,52,340,52,315,25,0,0,25,0,15,15,0,418,0,53.79991151132164,4,0.8133971291866029,0.4807692307692308,0.0,0.0,0.4807692307692308,0.0,0.0,0.034754464800595374
baseline,maningreen2,125,125,623,623,0,125,0,125,0,0,0,0,0,124,124,0,125,0,8.942795731951417,0,1.0,,,0.0,,0.0,0.0,0.01435440727440035
baseline,maninred,157,157,745,745,0,157,0,157,0,0,0,0,0,6,6,0,157,0,2.3167590825094186,0,1.0,,,0.0,,0.0,0.0,0.0031097437349119714
baseline,manlight,338,338,1542,1542,0,338,0,338,0,0,0,0,0,278,278,0,338,0,4.247009838609646,0,1.0,,,0.0,,0.0,0.0,0.002754221685220263
baseline,manoccpart,76,76,378,378,3,72,3,72,0,0,0,0,0,0,0,0,76,0,1.8099553246015914,1,0.9473684210526315,0.0,,0.0,0.0,,0.0,0.00478824159947511
baseline,manonboundary,449,449,2206,2206,0,449,0,449,0,0,0,0,0,275,275,0,449,0,5.9074575165673355,0,1.0,,,0.0,,0.0,0.0,0.002677904585932609
baseline,manonelecbike,248,248,1122,1122,13,244,13,231,13,0,0,13,0,115,115,0,248,0,4.44536668628559,1,0.9838709677419355,1.0,0.0,0.0,1.0,0.0,0.0,0.00396200239419393
baseline,manontricycle,98,98,488,488,0,98,0,98,0,0,0,0,0,98,98,0,98,0,0.8781925733495373,0,1.0,,,0.0,,0.0,0.0,0.001799574945388396
baseline,manout2,98,98,455,455,0,92,0,92,0,0,0,0,0,24,24,0,98,0,5.604200104072711,0,0.9387755102040817,,,0.0,,0.0,0.0,0.01231692330565431
baseline,manup,333,333,1489,1489,0,252,0,252,0,0,0,0,0,0,0,0,333,0,17.32628055862306,0,0.7567567567567568,,,0.0,,,0.0,0.011636185734468141
baseline,manwithbag,386,386,1719,1719,0,386,0,386,0,0,0,0,0,383,383,0,386,0,8.73781753865406,0,1.0,,,0.0,,0.0,0.0,0.0050830817560523905
baseline,manwithbag4,576,576,2581,2581,17,544,17,540,4,0,0,4,0,474,474,0,576,0,11.478084908040008,3,0.9444444444444444,0.23529411764705882,0.0,0.0,0.23529411764705882,0.0,0.0,0.004447146419232858
baseline,manwithbasketball,79,79,348,348,51,30,51,27,3,0,0,3,0,7,7,0,79,0,16.924712675857705,1,0.379746835443038,0.058823529411764705,0.0,0.0,0.058823529411764705,0.0,0.0,0.04863423182717731
baseline,manwithluggage,983,983,4753,4753,0,757,0,757,0,0,0,0,0,943,943,0,983,0,118.1612157941908,0,0.7700915564598169,,,0.0,,0.0,0.0,0.02486034416035994
baseline,manwithumbrella,503,503,2485,2485,0,503,0,503,0,0,0,0,0,302,302,0,503,0,7.371718525818956,0,1.0,,,0.0,,0.0,0.0,0.0029664863282973667
baseline,manypeople,644,644,3071,3071,571,57,571,54,3,0,0,3,0,0,0,0,644,0,215.92084445545515,2,0.08850931677018634,0.005253940455341506,0.0,0.0,0.005253940455341506,,0.0,0.07030962046742271
baseline,manypeople1,673,673,3323,3323,3,641,3,641,0,0,0,0,0,546,546,3,673,3,17.499739487567503,1,0.9524517087667161,0.0,,0.0,0.0,0.005494505494505495,0.004457652303120356,0.005266247212629402
baseline,manypeople2,452,452,2053,2053,0,452,0,452,0,0,0,0,0,452,452,0,452,0,2.5059949829332604,0,1.0,,,0.0,,0.0,0.0,0.0012206502595875598
baseline,mobile,899,899,3975,3975,0,899,0,899,0,0,0,0,0,516,516,0,899,0,12.007020275507545,0,1.0,,,0.0,,0.0,0.0,0.003020634031574225
baseline,night2,67,67,335,335,5,66,5,61,5,0,0,5,0,0,0,0,67,0,10.11001145031528,1,0.9850746268656716,1.0,0.0,0.0,1.0,,0.0,0.030179138657657555
baseline,nightcar,198,198,977,977,0,198,0,198,0,0,0,0,0,198,198,0,198,0,1.670435121806328,0,1.0,,,0.0,,0.0,0.0,0.0017097595924322703
baseline,nightrun,159,159,719,719,18,147,18,140,7,0,0,7,0,0,0,0,159,0,11.236805011471017,1,0.9245283018867925,0.3888888888888889,0.0,0.0,0.3888888888888889,,0.0,0.0156283797099736
baseline,nightthreepeople,285,285,1145,1145,11,270,11,263,3,0,0,3,0,18,18,0,285,0,9.539162346959943,2,0.9473684210526315,0.2727272727272727,0.0,0.0,0.2727272727272727,0.0,0.0,0.008331146154550169
baseline,notmove,623,623,2760,2760,28,601,28,575,26,0,0,26,0,17,17,0,623,0,27.59574045187784,2,0.9646869983948636,0.9285714285714286,0.0,0.0,0.9285714285714286,0.0,0.0,0.009998456685462986
baseline,oldman,453,453,2262,2262,0,386,0,386,0,0,0,0,0,6,6,0,453,0,10.717020138902988,0,0.8520971302428256,,,0.0,,0.0,0.0,0.004737851520293098
baseline,oldman2,102,102,500,500,1,101,1,100,1,0,0,1,0,0,0,0,102,0,4.64275899842942,0,0.9901960784313726,1.0,0.0,0.0,1.0,,0.0,0.00928551799685884
baseline,oldwoman,233,233,1038,1038,0,231,0,231,0,0,0,0,0,64,64,0,233,0,2.313819292086675,0,0.9914163090128756,,,0.0,,0.0,0.0,0.0022291129981567197
baseline,orangeman1,919,919,4553,4553,0,919,0,919,0,0,0,0,0,858,858,0,919,0,1.741257272963172,0,1.0,,,0.0,,0.0,0.0,0.00038244174675228904
baseline,people,374,374,1838,1838,160,246,160,195,51,0,0,51,0,57,57,0,374,0,54.77847168733912,3,0.6577540106951871,0.31875,0.0,0.0,0.31875,0.0,0.0,0.029803303420750337
baseline,people1,1528,1528,7201,7201,110,1461,110,1412,49,0,0,49,0,888,888,0,1528,0,100.4585050017686,3,0.956151832460733,0.44545454545454544,0.0,0.0,0.44545454545454544,0.0,0.0,0.013950632551280184
baseline,people3,925,925,4342,4342,1,885,1,884,1,0,0,1,0,141,141,0,925,0,13.270831898828481,0,0.9567567567567568,1.0,0.0,0.0,1.0,0.0,0.0,0.0030563868951700786
baseline,playsoccer,1455,1455,6617,6617,0,1446,0,1446,0,0,0,0,0,975,975,0,1455,0,30.783418394685462,0,0.9938144329896907,,,0.0,,0.0,0.0,0.004652171436404029
baseline,push,328,328,1563,1563,44,175,44,175,0,0,0,0,0,0,0,0,328,0,20.226178921245285,3,0.5335365853658537,0.0,,0.0,0.0,,0.0,0.012940613513272735
baseline,rainingwaliking,1010,1010,4776,4776,0,1009,0,1009,0,0,0,0,0,401,401,0,1010,0,33.350689070257715,0,0.999009900990099,,,0.0,,0.0,0.0,0.006982975098462671
baseline,raningcar,108,108,538,538,0,95,0,92,0,0,0,0,0,108,108,0,108,0,12.858714713474985,0,0.8796296296296297,,,0.0,,0.0,0.0,0.023900956716496256
baseline,redbag,1389,1389,6355,6355,44,1351,44,1345,6,0,0,6,0,1044,1044,0,1389,0,50.788706055594474,1,0.97264218862491,0.13636363636363635,0.0,0.0,0.13636363636363635,0.0,0.0,0.007991928568936974
baseline,redcar,217,217,1069,1069,0,217,0,217,0,0,0,0,0,209,209,0,217,0,2.466734330881669,0,1.0,,,0.0,,0.0,0.0,0.002307515744510448
baseline,redcar2,242,242,1148,1148,31,209,31,209,0,0,0,0,0,199,199,0,242,0,5.24819098571374,1,0.8636363636363636,0.0,,0.0,0.0,0.0,0.0,0.004571594935290715
baseline,redmanchange,329,329,1633,1633,0,327,0,327,0,0,0,0,0,280,280,0,329,0,3.5190333857803537,0,0.993920972644377,,,0.0,,0.0,0.0,0.0021549500219108105
baseline,rmo,656,656,3162,3162,574,186,574,80,106,0,0,106,0,0,0,0,656,0,178.10655967067845,3,0.28353658536585363,0.18466898954703834,0.0,0.0,0.18466898954703834,,0.0,0.05632718522159344
baseline,run,297,297,1427,1427,72,193,72,182,10,0,0,10,0,23,23,0,297,0,46.651676438116624,3,0.6498316498316499,0.1388888888888889,0.0,0.0,0.1388888888888889,0.0,0.0,0.03269213485502216
baseline,run1,84,84,376,376,6,82,6,77,5,0,0,5,0,0,0,0,84,0,8.17047678948117,1,0.9761904761904762,0.8333333333333334,0.0,0.0,0.8333333333333334,,0.0,0.02172999146138609
baseline,run2,206,206,981,981,5,196,5,195,1,0,0,1,0,158,158,0,206,0,9.897914992009685,1,0.9514563106796117,0.2,0.0,0.0,0.2,0.0,0.0,0.010089617728857986
baseline,scooter,915,915,3694,3694,69,818,69,796,22,0,0,22,0,567,567,0,915,0,50.986435760227124,4,0.8939890710382513,0.3188405797101449,0.0,0.0,0.3188405797101449,0.0,0.0,0.013802500205800521
baseline,shake,846,846,4195,4195,8,770,8,769,1,0,0,1,0,509,509,0,846,0,26.458908070510354,2,0.9101654846335697,0.125,0.0,0.0,0.125,0.0,0.0,0.006307248646128809
baseline,shoeslight,233,233,1080,1080,0,233,0,233,0,0,0,0,0,174,174,0,233,0,1.1165073321345125,0,1.0,,,0.0,,0.0,0.0,0.0010338030853097337
baseline,single1,487,487,2180,2180,0,487,0,487,0,0,0,0,0,487,487,0,487,0,3.817301738240796,0,1.0,,,0.0,,0.0,0.0,0.001751055843229723
baseline,single3,324,324,1568,1568,0,320,0,320,0,0,0,0,0,4,4,0,324,0,3.7357361374976517,0,0.9876543209876543,,,0.0,,0.0,0.0,0.00238248478156738
baseline,soccer,1325,1325,5789,5789,24,1285,24,1283,2,0,0,2,0,1028,1028,0,1325,0,18.84928815791339,2,0.969811320754717,0.08333333333333333,0.0,0.0,0.08333333333333333,0.0,0.0,0.0032560525406656396
baseline,soccer2,378,378,1808,1808,3,371,3,370,1,0,0,1,0,345,345,0,378,0,5.754810296014792,0,0.9814814814814815,0.3333333333333333,0.0,0.0,0.3333333333333333,0.0,0.0,0.0031829702964683584
baseline,soccerinhand,1167,1167,5685,5685,971,195,971,195,0,0,0,0,0,918,918,876,1167,875,632.7930853561851,1,0.16709511568123395,0.0,,0.0,0.0,0.954248366013072,0.7497857754927164,0.11130924984277663
baseline,straw,345,345,1632,1632,0,345,0,345,0,0,0,0,0,0,0,0,345,0,7.271939161232984,0,1.0,,,0.0,,,0.0,0.004455845074284917
baseline,stroller,676,676,3269,3269,74,486,74,486,0,0,0,0,0,612,612,74,676,74,87.88821656868569,1,0.7189349112426036,0.0,,0.0,0.0,0.12091503267973856,0.10946745562130178,0.02688535226940523
baseline,supbus,229,229,1144,1144,0,223,0,222,0,0,0,0,0,229,229,0,229,0,15.540225066143131,0,0.9737991266375546,,,0.0,,0.0,0.0,0.013584112820055184
baseline,supbus2,164,164,796,796,0,156,0,156,0,0,0,0,0,163,163,0,164,0,10.746775685676395,0,0.9512195121951219,,,0.0,,0.0,0.0,0.013500974479492958
baseline,takeout,575,575,2691,2691,0,575,0,575,0,0,0,0,0,457,457,0,575,0,2.908040788660097,0,1.0,,,0.0,,0.0,0.0,0.0010806543250316228
baseline,tallman,170,170,808,808,2,167,2,165,1,0,0,1,0,103,103,0,170,0,7.597612765282372,0,0.9823529411764705,0.5,0.0,0.0,0.5,0.0,0.0,0.0094029860956465
baseline,threeman,253,253,1239,1239,0,248,0,248,0,0,0,0,0,13,13,0,253,0,3.7028808424131023,0,0.9802371541501976,,,0.0,,0.0,0.0,0.002988604392585232
baseline,threeman2,428,428,2000,2000,24,411,24,400,10,0,0,10,0,243,243,0,428,0,22.879732920712538,2,0.9602803738317757,0.4166666666666667,0.0,0.0,0.4166666666666667,0.0,0.0,0.011439866460356269
baseline,threepeople,592,592,2928,2928,1,591,1,591,0,0,0,0,0,577,577,0,592,0,12.825278146377698,0,0.9983108108108109,0.0,,0.0,0.0,0.0,0.0,0.004380217946167247
baseline,threewoman2,228,228,1091,1091,26,204,26,200,4,0,0,4,0,0,0,0,228,0,21.55946683766507,2,0.8947368421052632,0.15384615384615385,0.0,0.0,0.15384615384615385,,0.0,0.019761197834706756
baseline,together,498,498,2247,2247,2,493,2,491,1,0,0,1,0,156,156,0,498,0,8.464864796774057,0,0.9899598393574297,0.5,0.0,0.0,0.5,0.0,0.0,0.0037671850452933053
baseline,toy1,1692,1692,8231,8231,28,1644,28,1641,2,0,0,2,0,580,580,0,1692,0,31.609657058771447,1,0.9716312056737588,0.07142857142857142,0.0,0.0,0.07142857142857142,0.0,0.0,0.003840317951496956
baseline,toy3,1124,1124,5081,5081,0,1121,0,1121,0,0,0,0,0,20,20,0,1124,0,12.693376783284094,0,0.9973309608540926,,,0.0,,0.0,0.0,0.0024982044446534334
baseline,toy4,989,989,4597,4597,0,977,0,977,0,0,0,0,0,0,0,0,989,0,8.799978396903757,0,0.9878665318503539,,,0.0,,,0.0,0.0019142872301291618
baseline,tree2,1257,1257,5645,5645,0,1255,0,1255,0,0,0,0,0,1117,1117,0,1257,0,18.11487779273505,0,0.9984089101034208,,,0.0,,0.0,0.0,0.003209012895081497
baseline,tree3,1902,1902,9354,9354,282,1739,282,1590,149,0,0,149,0,1816,1816,253,1902,257,337.7260612566942,2,0.9143007360672976,0.5283687943262412,0.0,0.0,0.5283687943262412,0.1393171806167401,0.13512092534174552,0.03610498837467332
baseline,tree5,2105,2105,10419,10419,772,1414,772,1326,87,0,0,87,0,1986,1986,730,2105,769,675.448812507187,2,0.6717339667458432,0.11269430051813471,0.0,0.0,0.11269430051813471,0.3675730110775428,0.3653206650831354,0.06482856440226384
baseline,trees,217,217,895,895,0,217,0,217,0,0,0,0,0,95,95,0,217,0,3.379057423320108,0,1.0,,,0.0,,0.0,0.0,0.0037754831545476065
baseline,tricycle,224,224,1029,1029,0,224,0,224,0,0,0,0,0,207,207,0,224,0,0.9533117411947323,0,1.0,,,0.0,,0.0,0.0,0.0009264448408112072
baseline,tricycle1,320,320,1563,1563,0,320,0,320,0,0,0,0,0,320,320,0,320,0,5.504742448360561,0,1.0,,,0.0,,0.0,0.0,0.00352190815634073
baseline,tricycle2,234,234,1092,1092,0,234,0,234,0,0,0,0,0,234,234,0,234,0,1.4905595280108046,0,1.0,,,0.0,,0.0,0.0,0.0013649812527571472
baseline,tricycle6,468,468,2313,2313,0,467,0,467,0,0,0,0,0,463,463,0,468,0,13.343515106726052,0,0.9978632478632479,,,0.0,,0.0,0.0,0.005768921360452249
baseline,tricycle9,331,331,1648,1648,0,331,0,331,0,0,0,0,0,330,330,0,331,0,9.21783496560452,0,1.0,,,0.0,,0.0,0.0,0.005593346459711481
baseline,tricyclefaraway,294,294,1455,1455,0,294,0,294,0,0,0,0,0,253,253,0,294,0,2.924775272395605,0,1.0,,,0.0,,0.0,0.0,0.002010154826388732
baseline,tricycletwo,612,612,2981,2981,0,612,0,612,0,0,0,0,0,612,612,0,612,0,16.535541374304664,0,1.0,,,0.0,,0.0,0.0,0.005546977985342054
baseline,twoelecbike,83,83,412,412,0,83,0,83,0,0,0,0,0,83,83,0,83,0,0.820573623131386,0,1.0,,,0.0,,0.0,0.0,0.001991683551289772
baseline,twoelecbike1,237,237,1164,1164,4,236,4,232,4,0,0,4,0,65,65,0,237,0,15.43028312017521,0,0.9957805907172996,1.0,0.0,0.0,1.0,0.0,0.0,0.01325625697609554
baseline,twoman,1298,1298,6402,6402,0,1126,0,1126,0,0,0,0,0,716,716,0,1298,0,72.20407579847529,0,0.8674884437596302,,,0.0,,0.0,0.0,0.01127836235527574
baseline,twoman1,1000,1000,4558,4558,7,989,7,985,2,0,0,2,0,11,11,0,1000,0,25.758648724429825,0,0.989,0.2857142857142857,0.0,0.0,0.2857142857142857,0.0,0.0,0.005651305117250949
baseline,twoman2,391,391,1753,1753,9,382,9,381,1,0,0,1,0,0,0,0,391,0,20.361655046370053,1,0.9769820971867008,0.1111111111111111,0.0,0.0,0.1111111111111111,,0.0,0.011615319478819197
baseline,twoperson,866,866,4089,4089,0,713,0,713,0,0,0,0,0,388,388,0,866,0,38.586672272357696,0,0.8233256351039261,,,0.0,,0.0,0.0,0.009436701460591269
baseline,twowoman,160,160,758,758,0,158,0,158,0,0,0,0,0,151,151,0,160,0,5.688107352396996,0,0.9875,,,0.0,,0.0,0.0,0.007504099409494717
baseline,twowoman1,683,683,3234,3234,0,683,0,683,0,0,0,0,0,680,680,0,683,0,12.4112837351599,0,1.0,,,0.0,,0.0,0.0,0.003837750072714873
baseline,walking40,378,378,1823,1823,59,286,59,279,6,0,0,6,0,131,131,0,378,0,39.679503781644755,1,0.7566137566137566,0.1016949152542373,0.0,0.0,0.1016949152542373,0.0,0.0,0.021766047055208314
baseline,walking41,415,415,1696,1696,3,394,3,394,0,0,0,0,0,0,0,0,415,0,5.842883672777461,0,0.9493975903614458,0.0,,0.0,0.0,,0.0,0.0034450965051753897
baseline,walkingman,105,105,458,458,1,104,1,104,0,0,0,0,0,21,21,0,105,0,0.8853550928519237,0,0.9904761904761905,0.0,,0.0,0.0,0.0,0.0,0.0019330897223841128
baseline,walkingman1,647,647,2996,2996,414,335,414,232,103,0,0,103,0,0,0,0,647,0,251.93349167663268,3,0.517774343122102,0.24879227053140096,0.0,0.0,0.24879227053140096,,0.0,0.08408995049286805
baseline,walkingman12,507,507,2284,2284,170,175,170,174,1,0,0,1,0,0,0,0,507,0,56.41264728323658,2,0.34516765285996054,0.0058823529411764705,0.0,0.0,0.0058823529411764705,,0.0,0.02469905747952565
baseline,walkingman20,568,568,2572,2572,308,265,308,204,60,0,0,60,0,2,2,0,568,0,74.62230330509986,2,0.4665492957746479,0.19480519480519481,0.0,0.0,0.19480519480519481,0.0,0.0,0.029013337210380973
baseline,walkingman41,501,501,2315,2315,160,366,160,337,26,0,0,26,0,83,83,0,501,0,59.7128050161364,1,0.7305389221556886,0.1625,0.0,0.0,0.1625,0.0,0.0,0.025793868257510323
baseline,walkingmantiny,82,82,344,344,44,39,44,35,4,0,0,4,0,0,0,0,82,0,7.623245428086423,1,0.47560975609756095,0.09090909090909091,0.0,0.0,0.09090909090909091,,0.0,0.022160597174669835
baseline,walkingnight,425,425,1741,1741,37,372,37,372,0,0,0,0,0,50,50,20,425,21,31.892084958722773,1,0.8752941176470588,0.0,,0.0,0.0,0.4,0.04941176470588235,0.018318256725285913
baseline,walkingtogether,1432,1432,6640,6640,2,1402,2,1400,2,0,0,2,0,1133,1133,0,1432,0,51.33114450400673,0,0.979050279329609,1.0,0.0,0.0,1.0,0.0,0.0,0.007730594051808242
baseline,walkingtogether1,386,386,1909,1909,0,386,0,386,0,0,0,0,0,306,306,0,386,0,8.268653239584104,0,1.0,,,0.0,,0.0,0.0,0.004331405573380882
baseline,walkingtogetherright,600,600,2857,2857,14,547,14,546,1,0,0,1,0,314,314,0,600,0,23.42695278003221,1,0.9116666666666666,0.07142857142857142,0.0,0.0,0.07142857142857142,0.0,0.0,0.008199843465184533
baseline,walkingwithbag1,641,641,3120,3120,0,630,0,630,0,0,0,0,0,505,505,0,641,0,7.124315794806889,0,0.982839313572543,,,0.0,,0.0,0.0,0.0022834345496175927
baseline,walkingwithbag2,1276,1276,5977,5977,0,1276,0,1276,0,0,0,0,0,1260,1260,0,1276,0,31.82813128099089,0,1.0,,,0.0,,0.0,0.0,0.005325101435668544
baseline,walkingwoman,347,347,1662,1662,0,249,0,249,0,0,0,0,0,214,214,0,347,0,29.589030393254188,0,0.7175792507204611,,,0.0,,0.0,0.0,0.017803267384629475
baseline,whitebag,390,390,1681,1681,3,385,3,384,0,0,0,0,0,27,27,0,390,0,5.795812747784258,1,0.9871794871794872,0.0,,0.0,0.0,0.0,0.0,0.0034478362568615456
baseline,whitecar,179,179,830,830,0,179,0,179,0,0,0,0,0,179,179,0,179,0,1.0538794789186137,0,1.0,,,0.0,,0.0,0.0,0.001269734311950137
baseline,whitecar3,447,447,2223,2223,0,447,0,447,0,0,0,0,0,447,447,0,447,0,2.7036019988845803,0,1.0,,,0.0,,0.0,0.0,0.0012161952311671527
baseline,whitecar4,147,147,735,735,10,127,10,127,0,0,0,0,0,147,147,10,147,9,10.463025203998376,1,0.8639455782312925,0.0,,0.0,0.0,0.06802721088435375,0.061224489795918366,0.014235408440814116
baseline,whitecarafterrain,163,163,808,808,0,157,0,157,0,0,0,0,0,163,163,0,163,0,9.67058086454217,0,0.9631901840490797,,,0.0,,0.0,0.0,0.01196854067393833
baseline,whiteman1,1142,1142,5084,5084,32,1070,32,1052,16,0,0,16,0,0,0,0,1142,0,123.34151097757646,4,0.9369527145359019,0.5,0.0,0.0,0.5,,0.0,0.024260722064826212
baseline,whitesuv,577,577,2845,2845,0,369,0,369,0,0,0,0,0,577,577,0,577,0,89.81824805336723,0,0.6395147313691508,,,0.0,,0.0,0.0,0.03157056170592873
baseline,woamn46,271,271,1183,1183,23,251,23,245,4,0,0,4,0,0,0,0,271,0,38.7599529345969,2,0.9261992619926199,0.17391304347826086,0.0,0.0,0.17391304347826086,,0.0,0.03276411913321801
baseline,woamnwithbike,145,145,653,653,0,144,0,144,0,0,0,0,0,137,137,0,145,0,1.7807826366396988,0,0.993103448275862,,,0.0,,0.0,0.0,0.0027270790760179154
baseline,woman,137,137,651,651,0,137,0,137,0,0,0,0,0,127,127,0,137,0,0.7227822633193162,0,1.0,,,0.0,,0.0,0.0,0.0011102646133937268
baseline,woman1,1008,1008,4701,4701,4,991,4,988,1,0,0,1,0,439,439,0,1008,0,41.1255803080459,0,0.9831349206349206,0.25,0.0,0.0,0.25,0.0,0.0,0.008748262137427335
baseline,woman100,687,687,3050,3050,4,660,4,656,4,0,0,4,0,505,505,0,687,0,35.99560331466756,1,0.9606986899563319,1.0,0.0,0.0,1.0,0.0,0.0,0.01180183715235002
baseline,woman2,287,287,1333,1333,0,286,0,286,0,0,0,0,0,0,0,0,287,0,9.025170739941446,0,0.9965156794425087,,,0.0,,,0.0,0.0067705706976304925
baseline,woman3,229,229,908,908,0,229,0,229,0,0,0,0,0,0,0,0,229,0,5.191399462543128,0,1.0,,,0.0,,,0.0,0.005717400289144414
baseline,woman4,423,423,1859,1859,1,271,1,271,0,0,0,0,0,157,157,0,423,0,33.386770360576186,0,0.640661938534279,0.0,,0.0,0.0,0.0,0.0,0.01795953220041753
baseline,woman48,347,347,1705,1705,0,347,0,347,0,0,0,0,0,321,321,0,347,0,9.604451569526542,0,1.0,,,0.0,,0.0,0.0,0.005633109424942254
baseline,woman6,76,76,338,338,0,76,0,76,0,0,0,0,0,0,0,0,76,0,1.0398992331421706,0,1.0,,,0.0,,,0.0,0.003076624950124765
baseline,woman89,433,433,1749,1749,1,428,1,428,0,0,0,0,0,344,344,0,433,0,7.854864036541491,0,0.9884526558891455,0.0,,0.0,0.0,0.0,0.0,0.004491060055198108
baseline,woman96,93,93,465,465,0,91,0,91,0,0,0,0,0,30,30,0,93,0,1.4822756267930335,0,0.978494623655914,,,0.0,,0.0,0.0,0.003187689519985018
baseline,woman99,545,545,2618,2618,0,545,0,545,0,0,0,0,0,291,291,0,545,0,3.3993779724096322,0,1.0,,,0.0,,0.0,0.0,0.001298463702219111
baseline,womancross,601,601,2825,2825,0,601,0,601,0,0,0,0,0,428,428,0,601,0,5.651887725468571,0,1.0,,,0.0,,0.0,0.0,0.002000668221404804
baseline,womanfaraway,126,126,476,476,0,123,0,123,0,0,0,0,0,0,0,0,126,0,1.9955066778695336,0,0.9761904761904762,,,0.0,,,0.0,0.0041922409198939786
baseline,womaninblackwithbike,737,737,3039,3039,1,733,1,731,1,0,0,1,0,259,259,0,737,0,12.209734119911394,0,0.994572591587517,1.0,0.0,0.0,1.0,0.0,0.0,0.004017681513626651
baseline,womanleft,577,577,2721,2721,0,577,0,577,0,0,0,0,0,549,549,0,577,0,11.694463795620425,0,1.0,,,0.0,,0.0,0.0,0.0042978551251820745
baseline,womanpink,111,111,502,502,1,106,1,106,0,0,0,0,0,0,0,0,111,0,7.065421725909002,0,0.954954954954955,0.0,,0.0,0.0,,0.0,0.014074545270735064
baseline,womanred,101,101,457,457,0,101,0,101,0,0,0,0,0,96,96,0,101,0,4.490530661029179,0,1.0,,,0.0,,0.0,0.0,0.009826106479276103
baseline,womanrun,655,655,2956,2956,9,631,9,627,4,0,0,4,0,298,298,0,655,0,18.86765425786973,2,0.9633587786259542,0.4444444444444444,0.0,0.0,0.4444444444444444,0.0,0.0,0.006382832969509381
baseline,womanwithbag6,168,168,804,804,9,156,9,156,0,0,0,0,0,45,45,0,168,0,5.553674459754443,1,0.9285714285714286,0.0,,0.0,0.0,0.0,0.0,0.006907555298202044
baseline,yellowcar,596,596,2886,2886,0,596,0,596,0,0,0,0,0,554,554,0,596,0,19.70187731875498,0,1.0,,,0.0,,0.0,0.0,0.0068267073176559185
